station_code,slot_id,capacity_s,lat,lon
DBS5,DBS5_T01_S01,42,-15.743805245794002,-47.8866481019923
DBS5,DBS5_T01_S02,42,-15.722249939305513,-47.889038568932726
DBS5,DBS5_T01_S03,42,-15.717442025841262,-47.88588786995484
DBS5,DBS5_T01_S04,42,-15.755473299992424,-47.88397239337737
DBS5,DBS5_T01_S05,42,-15.610407477495084,-47.65684794872665
DBS5,DBS5_T01_S06,42,-15.650738370631743,-47.7905854752285
DBS5,DBS5_T01_S07,42,-15.748883453079943,-47.88378235088555
DBS5,DBS5_T01_S08,42,-15.752178414618081,-47.883877371687745
DBS5,DBS5_T01_S09,42,-15.752178414618081,-47.883877371687745
DBS5,DBS5_T01_S10,42,-15.752178414618081,-47.883877371687745
DBS5,DBS5_T01_S11,42,-15.752178414618081,-47.883877371687745
DBS5,DBS5_T01_S12,42,-15.743805245794002,-47.8866481019923
DBS5,DBS5_T01_S13,42,-15.722249939305513,-47.889038568932726
DBS5,DBS5_T01_S14,42,-15.714146281320255,-47.88579284494358
DBS5,DBS5_T01_S15,42,-15.714146281320255,-47.88579284494358
DBS5,DBS5_T01_S16,42,-15.740510109500041,-47.886553069881515
DBS5,DBS5_T01_S17,42,-15.760551145263628,-47.881106546374255
DBS5,DBS5_T01_S18,42,-15.610407477495084,-47.65684794872665
DBS5,DBS5_T01_S19,42,-15.753961495771923,-47.880916528276906
DBS5,DBS5_T01_S20,42,-15.753961495771923,-47.880916528276906
DBS5,DBS5_T01_S21,42,-15.650738370631743,-47.7905854752285
DBS5,DBS5_T01_S22,42,-15.787561688921159,-47.83066991859807
DBS5,DBS5_T01_S23,42,-15.786750514415774,-47.84872366807508
DBS5,DBS5_T01_S24,42,-15.758375585056928,-47.745459584241196
DBS5,DBS5_T01_S25,42,-15.737214897110507,-47.886458038658205
DBS5,DBS5_T01_S26,42,-15.78880346910843,-47.83974435407134
DBS5,DBS5_T01_S27,42,-15.757256358614596,-47.881011536881914
DBS5,DBS5_T01_S28,42,-15.635811909707684,-47.64250141054894
DBS5,DBS5_T01_S29,42,-15.714146281320255,-47.88579284494358
DBS5,DBS5_T01_S30,42,-15.717712981208992,-47.87987149218237
DBS5,DBS5_T01_S31,42,-15.715929652911178,-47.88283219166898
DBS5,DBS5_T01_S32,42,-15.660095172302567,-47.80290465283902
DBS5,DBS5_T01_S33,42,-15.722249939305513,-47.889038568932726
DBS5,DBS5_T01_S34,42,-15.71922537503182,-47.882927203597646
DBS5,DBS5_T01_S35,42,-15.632776515350542,-47.63638674296625
DBS5,DBS5_T01_S36,42,-15.759039373759652,-47.87805063417804
DBS5,DBS5_T01_S37,42,-15.817585241182616,-47.78633440171949
DBS5,DBS5_T01_S38,42,-15.67140173405296,-47.84540384081145
DBS5,DBS5_T01_S39,42,-15.658312231716307,-47.80586609657819
DBS5,DBS5_T01_S40,42,-15.750666556754787,-47.88082152055921
DBS5,DBS5_T01_S41,42,-15.668643405386371,-47.83327525182579
DBS5,DBS5_T01_S42,42,-15.770216883703172,-47.77593439541041
DBS5,DBS5_T01_S43,42,-15.656797607629128,-47.802810009687725
DBS5,DBS5_T01_S44,42,-15.671132105707093,-47.851420548093735
DBS5,DBS5_T01_S45,42,-15.655620525200435,-47.866034560704364
DBS5,DBS5_T01_S46,42,-15.663563005363905,-47.83614154718861
DBS5,DBS5_T01_S47,42,-15.68183138232685,-47.83365438559017
DBS5,DBS5_T01_S48,42,-15.76994827967052,-47.78195345017588
DBS5,DBS5_T01_S49,42,-15.646636192573594,-47.80854348908427
DBS5,DBS5_T02_S01,42,-15.738726874024426,-47.88951378158551
DBS5,DBS5_T02_S02,42,-15.750395290018485,-47.88683816887637
DBS5,DBS5_T02_S03,42,-15.750123863438137,-47.89285468546595
DBS5,DBS5_T02_S04,42,-15.738455476651355,-47.895530137587464
DBS5,DBS5_T02_S05,42,-15.75520190662114,-47.889989016427826
DBS5,DBS5_T02_S06,42,-15.745045655720117,-47.89572028296164
DBS5,DBS5_T02_S07,42,-15.758496684674766,-47.89008406605917
DBS5,DBS5_T02_S08,42,-15.758496684674766,-47.89008406605917
DBS5,DBS5_T02_S09,42,-15.746828910552004,-47.892759624528054
DBS5,DBS5_T02_S10,42,-15.746828910552004,-47.892759624528054
DBS5,DBS5_T02_S11,42,-15.746828910552004,-47.892759624528054
DBS5,DBS5_T02_S12,42,-15.746828910552004,-47.892759624528054
DBS5,DBS5_T02_S13,42,-15.73996728357741,-47.898585808903235
DBS5,DBS5_T02_S14,42,-15.73996728357741,-47.898585808903235
DBS5,DBS5_T02_S15,42,-15.75369019791063,-47.886933203649676
DBS5,DBS5_T02_S16,42,-15.75369019791063,-47.886933203649676
DBS5,DBS5_T02_S17,42,-15.75369019791063,-47.886933203649676
DBS5,DBS5_T02_S18,42,-15.741750604236694,-47.895625209830655
DBS5,DBS5_T02_S19,42,-15.741750604236694,-47.895625209830655
DBS5,DBS5_T02_S20,42,-15.751907052386699,-47.889893967684124
DBS5,DBS5_T02_S21,42,-15.738726874024426,-47.88951378158551
DBS5,DBS5_T02_S22,42,-15.740238776403588,-47.892569505315386
DBS5,DBS5_T02_S23,42,-15.740238776403588,-47.892569505315386
DBS5,DBS5_T02_S24,42,-15.740238776403588,-47.892569505315386
DBS5,DBS5_T02_S25,42,-15.743533881534091,-47.89266456447787
DBS5,DBS5_T02_S26,42,-15.743533881534091,-47.89266456447787
DBS5,DBS5_T02_S27,42,-15.743533881534091,-47.89266456447787
DBS5,DBS5_T02_S28,42,-15.7420220327903,-47.88960882677876
DBS5,DBS5_T02_S29,42,-15.7420220327903,-47.88960882677876
DBS5,DBS5_T02_S30,42,-15.753418740173304,-47.89294974729159
DBS5,DBS5_T02_S31,42,-15.748612121990627,-47.88979891982805
DBS5,DBS5_T02_S32,42,-15.749852277032108,-47.89887107019959
DBS5,DBS5_T02_S33,42,-15.749852277032108,-47.89887107019959
DBS5,DBS5_T02_S34,42,-15.753418740173304,-47.89294974729159
DBS5,DBS5_T02_S35,42,-15.74710030597321,-47.88674313499059
DBS5,DBS5_T02_S36,42,-15.7420220327903,-47.88960882677876
DBS5,DBS5_T02_S37,42,-15.744774036219622,-47.90173656114853
DBS5,DBS5_T02_S38,42,-15.756985029630469,-47.88702823931053
DBS5,DBS5_T02_S39,42,-15.7420220327903,-47.88960882677876
DBS5,DBS5_T02_S40,42,-15.746557355337103,-47.89877598221289
DBS5,DBS5_T02_S41,42,-15.751635530304462,-47.89591043188708
DBS5,DBS5_T02_S42,42,-15.756713540738328,-47.89304481000495
DBS5,DBS5_T02_S43,42,-15.746557355337103,-47.89877598221289
DBS5,DBS5_T02_S44,42,-15.741479015946553,-47.90164146097071
DBS5,DBS5_T02_S45,42,-15.735431639173651,-47.88941873727983
DBS5,DBS5_T02_S46,42,-15.74710030597321,-47.88674313499059
DBS5,DBS5_T02_S47,42,-15.736943595179667,-47.8924744470406
DBS5,DBS5_T02_S48,42,-15.74834063108243,-47.89581535698045
DBS5,DBS5_T02_S49,42,-15.733376907452737,-47.8983956391452
DBS5,DBS5_T03_S01,42,-15.746013765599706,-47.91080830151132
DBS5,DBS5_T03_S02,42,-15.746013765599706,-47.91080830151132
DBS5,DBS5_T03_S03,42,-15.752603407888893,-47.910998586548466
DBS5,DBS5_T03_S04,42,-15.746013765599706,-47.91080830151132
DBS5,DBS5_T03_S05,42,-15.752603407888893,-47.910998586548466
DBS5,DBS5_T03_S06,42,-15.749308624816534,-47.91090344358571
DBS5,DBS5_T03_S07,42,-15.749308624816534,-47.91090344358571
DBS5,DBS5_T03_S08,42,-15.749308624816534,-47.91090344358571
DBS5,DBS5_T03_S09,42,-15.749308624816534,-47.91090344358571
DBS5,DBS5_T03_S10,42,-15.749308624816534,-47.91090344358571
DBS5,DBS5_T03_S11,42,-15.749308624816534,-47.91090344358571
DBS5,DBS5_T03_S12,42,-15.749308624816534,-47.91090344358571
DBS5,DBS5_T03_S13,42,-15.740935360230198,-47.913673567001986
DBS5,DBS5_T03_S14,42,-15.744230317986606,-47.913768721263565
DBS5,DBS5_T03_S15,42,-15.744230317986606,-47.913768721263565
DBS5,DBS5_T03_S16,42,-15.744230317986606,-47.913768721263565
DBS5,DBS5_T03_S17,42,-15.765781778350158,-47.91137916728328
DBS5,DBS5_T03_S18,42,-15.744230317986606,-47.913768721263565
DBS5,DBS5_T03_S19,42,-15.749308624816534,-47.91090344358571
DBS5,DBS5_T03_S20,42,-15.742718830257596,-47.910713160325265
DBS5,DBS5_T03_S21,42,-15.742718830257596,-47.910713160325265
DBS5,DBS5_T03_S22,42,-15.762487300047415,-47.911284020766985
DBS5,DBS5_T03_S23,42,-15.762487300047415,-47.911284020766985
DBS5,DBS5_T03_S24,42,-15.764270592029705,-47.908323489273435
DBS5,DBS5_T03_S25,42,-15.764270592029705,-47.908323489273435
DBS5,DBS5_T03_S26,42,-15.764270592029705,-47.908323489273435
DBS5,DBS5_T03_S27,42,-15.747525199628399,-47.913863876413586
DBS5,DBS5_T03_S28,42,-15.747525199628399,-47.913863876413586
DBS5,DBS5_T03_S29,42,-15.755898114797612,-47.911093730399585
DBS5,DBS5_T03_S30,42,-15.742718830257596,-47.910713160325265
DBS5,DBS5_T03_S31,42,-15.742718830257596,-47.910713160325265
DBS5,DBS5_T03_S32,42,-15.767565047840266,-47.90841862271268
DBS5,DBS5_T03_S33,42,-15.767565047840266,-47.90841862271268
DBS5,DBS5_T03_S34,42,-15.747525199628399,-47.913863876413586
DBS5,DBS5_T03_S35,42,-15.75644189195655,-47.89906124883684
DBS5,DBS5_T03_S36,42,-15.753147122578318,-47.898966159074234
DBS5,DBS5_T03_S37,42,-15.767565047840266,-47.90841862271268
DBS5,DBS5_T03_S38,42,-15.760976059987335,-47.90822835672249
DBS5,DBS5_T03_S39,42,-15.755898114797612,-47.911093730399585
DBS5,DBS5_T03_S40,42,-15.747525199628399,-47.913863876413586
DBS5,DBS5_T03_S41,42,-15.742718830257596,-47.910713160325265
DBS5,DBS5_T03_S42,42,-15.767565047840266,-47.90841862271268
DBS5,DBS5_T03_S43,42,-15.757681451732292,-47.90813322505984
DBS5,DBS5_T03_S44,42,-15.751092006660922,-47.907942964399375
DBS5,DBS5_T03_S45,42,-15.759192745523507,-47.91118887513908
DBS5,DBS5_T03_S46,42,-15.754386767283762,-47.908038094285466
DBS5,DBS5_T03_S47,42,-15.754930353367014,-47.896005507681544
DBS5,DBS5_T03_S48,42,-15.760008265114035,-47.893139873606074
DBS5,DBS5_T03_S49,42,-15.774847327761782,-47.92971282899079
DBS5,DBS5_T04_S01,42,-15.770163594403325,-47.88740839082943
DBS5,DBS5_T04_S02,42,-15.770163594403325,-47.88740839082943
DBS5,DBS5_T04_S03,42,-15.76357446447654,-47.88721831329485
DBS5,DBS5_T04_S04,42,-15.76357446447654,-47.88721831329485
DBS5,DBS5_T04_S05,42,-15.76357446447654,-47.88721831329485
DBS5,DBS5_T04_S06,42,-15.778535363416037,-47.884637570053485
DBS5,DBS5_T04_S07,42,-15.770163594403325,-47.88740839082943
DBS5,DBS5_T04_S08,42,-15.778806814581118,-47.87862062592714
DBS5,DBS5_T04_S09,42,-15.766869067564429,-47.88731335161835
DBS5,DBS5_T04_S10,42,-15.766869067564429,-47.88731335161835
DBS5,DBS5_T04_S11,42,-15.766869067564429,-47.88731335161835
DBS5,DBS5_T04_S12,42,-15.768652079468353,-47.884352489010304
DBS5,DBS5_T04_S13,42,-15.775241011725061,-47.884542542151586
DBS5,DBS5_T04_S14,42,-15.760279785158836,-47.887123275858904
DBS5,DBS5_T04_S15,42,-15.768652079468353,-47.884352489010304
DBS5,DBS5_T04_S16,42,-15.775241011725061,-47.884542542151586
DBS5,DBS5_T04_S17,42,-15.765628825721839,-47.87824062787867
DBS5,DBS5_T04_S18,42,-15.771946583736122,-47.88444751513719
DBS5,DBS5_T04_S19,42,-15.771946583736122,-47.88444751513719
DBS5,DBS5_T04_S20,42,-15.782101121045589,-47.87871562765749
DBS5,DBS5_T04_S21,42,-15.758768109183796,-47.88406741595442
DBS5,DBS5_T04_S22,42,-15.758768109183796,-47.88406741595442
DBS5,DBS5_T04_S23,42,-15.775512431797349,-47.878525625084094
DBS5,DBS5_T04_S24,42,-15.782101121045589,-47.87871562765749
DBS5,DBS5_T04_S25,42,-15.780589650651178,-47.87565959850868
DBS5,DBS5_T04_S26,42,-15.780046717234427,-47.887693513788264
DBS5,DBS5_T04_S27,42,-15.772217972713433,-47.87843062512834
DBS5,DBS5_T04_S28,42,-15.762062842173025,-47.88416243941892
DBS5,DBS5_T04_S29,42,-15.773458044974056,-47.887503430928106
DBS5,DBS5_T04_S30,42,-15.765357498940936,-47.88425746377087
DBS5,DBS5_T04_S31,42,-15.783883934481617,-47.875754587151874
DBS5,DBS5_T04_S32,42,-15.776752419257475,-47.88759847191439
DBS5,DBS5_T04_S33,42,-15.774000854019599,-47.875469623883916
DBS5,DBS5_T04_S34,42,-15.765086012162898,-47.89027416798481
DBS5,DBS5_T04_S35,42,-15.77702393493325,-47.88158160714636
DBS5,DBS5_T04_S36,42,-15.774969431559736,-47.8905593275309
DBS5,DBS5_T04_S37,42,-15.76384585569986,-47.881201556753936
DBS5,DBS5_T04_S38,42,-15.76384585569986,-47.881201556753936
DBS5,DBS5_T04_S39,42,-15.76892343734854,-47.87833562605987
DBS5,DBS5_T04_S40,42,-15.777295290490786,-47.875564610752704
DBS5,DBS5_T04_S41,42,-15.78182963878987,-47.884732598842895
DBS5,DBS5_T04_S42,42,-15.768380561559054,-47.890369220279155
DBS5,DBS5_T04_S43,42,-15.786635084192266,-47.88788360019893
DBS5,DBS5_T04_S44,42,-15.778263752125927,-47.89065438248834
DBS5,DBS5_T04_S45,42,-15.783883934481617,-47.875754587151874
DBS5,DBS5_T04_S46,42,-15.770435047857184,-47.88139158017539
DBS5,DBS5_T04_S47,42,-15.770706341256773,-47.87537463790231
DBS5,DBS5_T04_S48,42,-15.778263752125927,-47.89065438248834
DBS5,DBS5_T04_S49,42,-15.785123837827404,-47.88482762851983
DBS5,DBS5_T05_S01,42,-15.796666678164424,-47.921307624575974
DBS5,DBS5_T05_S02,42,-15.796393918657209,-47.92732380638523
DBS5,DBS5_T05_S03,42,-15.796666678164424,-47.921307624575974
DBS5,DBS5_T05_S04,42,-15.799687517287893,-47.92741902982962
DBS5,DBS5_T05_S05,42,-15.799687517287893,-47.92741902982962
DBS5,DBS5_T05_S06,42,-15.799687517287893,-47.92741902982962
DBS5,DBS5_T05_S07,42,-15.795156146397828,-47.91825189287239
DBS5,DBS5_T05_S08,42,-15.795156146397828,-47.91825189287239
DBS5,DBS5_T05_S09,42,-15.795156146397828,-47.91825189287239
DBS5,DBS5_T05_S10,42,-15.797904279869252,-47.930379465938984
DBS5,DBS5_T05_S11,42,-15.797904279869252,-47.930379465938984
DBS5,DBS5_T05_S12,42,-15.797904279869252,-47.930379465938984
DBS5,DBS5_T05_S13,42,-15.786239838658645,-47.93305410948571
DBS5,DBS5_T05_S14,42,-15.797904279869252,-47.930379465938984
DBS5,DBS5_T05_S15,42,-15.795156146397828,-47.91825189287239
DBS5,DBS5_T05_S16,42,-15.798449830180882,-47.91834707531542
DBS5,DBS5_T05_S17,42,-15.798449830180882,-47.91834707531542
DBS5,DBS5_T05_S18,42,-15.76179138652841,-47.89017911657816
DBS5,DBS5_T05_S19,42,-15.76179138652841,-47.89017911657816
DBS5,DBS5_T05_S20,42,-15.794610658690932,-47.930284229421844
DBS5,DBS5_T05_S21,42,-15.79186238620426,-47.91815671131808
DBS5,DBS5_T05_S22,42,-15.798177135131526,-47.92436333690078
DBS5,DBS5_T05_S23,42,-15.80147071120072,-47.924458547271485
DBS5,DBS5_T05_S24,42,-15.798449830180882,-47.91834707531542
DBS5,DBS5_T05_S25,42,-15.786239838658645,-47.93305410948571
DBS5,DBS5_T05_S26,42,-15.80147071120072,-47.924458547271485
DBS5,DBS5_T05_S27,42,-15.784729336795616,-47.929998525205285
DBS5,DBS5_T05_S28,42,-15.788023187134975,-47.930093759055005
DBS5,DBS5_T05_S29,42,-15.788023187134975,-47.930093759055005
DBS5,DBS5_T05_S30,42,-15.78856854961932,-47.91806153065252
DBS5,DBS5_T05_S31,42,-15.79337297181347,-47.92121242905759
DBS5,DBS5_T05_S32,42,-15.78856854961932,-47.91806153065252
DBS5,DBS5_T05_S33,42,-15.799960308096386,-47.921402820983204
DBS5,DBS5_T05_S34,42,-15.799960308096386,-47.921402820983204
DBS5,DBS5_T05_S35,42,-15.791316961106455,-47.930188993793855
DBS5,DBS5_T05_S36,42,-15.791316961106455,-47.930188993793855
DBS5,DBS5_T05_S37,42,-15.763302913281258,-47.89323493809496
DBS5,DBS5_T05_S38,42,-15.796120998962282,-47.93333985558486
DBS5,DBS5_T05_S39,42,-15.794883482634875,-47.92426812741903
DBS5,DBS5_T05_S40,42,-15.792827355250175,-47.933244605995895
DBS5,DBS5_T05_S41,42,-15.79035172581847,-47.91510097421775
DBS5,DBS5_T05_S42,42,-15.804071366218697,-47.90344851621327
DBS5,DBS5_T05_S43,42,-15.773186400340274,-47.89352013688833
DBS5,DBS5_T05_S44,42,-15.783218760157762,-47.926942921498124
DBS5,DBS5_T05_S45,42,-15.803253861590225,-47.92149801827927
DBS5,DBS5_T05_S46,42,-15.789533635142583,-47.93314935729618
DBS5,DBS5_T05_S47,42,-15.79007918906267,-47.92111723442804
DBS5,DBS5_T05_S48,42,-15.792951314242027,-47.894090558446294
DBS5,DBS5_T05_S49,42,-15.766597485220807,-47.893330003471625
DBS5,DBS5_T06_S01,42,-15.798014434865253,-48.10803512290037
DBS5,DBS5_T06_S02,42,-15.798014434865253,-48.10803512290037
DBS5,DBS5_T06_S03,42,-15.798014434865253,-48.10803512290037
DBS5,DBS5_T06_S04,42,-15.826692049598606,-48.09382005526465
DBS5,DBS5_T06_S05,42,-15.798014434865253,-48.10803512290037
DBS5,DBS5_T06_S06,42,-15.826692049598606,-48.09382005526465
DBS5,DBS5_T06_S07,42,-15.798014434865253,-48.10803512290037
DBS5,DBS5_T06_S08,42,-15.826692049598606,-48.09382005526465
DBS5,DBS5_T06_S09,42,-15.798014434865253,-48.10803512290037
DBS5,DBS5_T06_S10,42,-15.826692049598606,-48.09382005526465
DBS5,DBS5_T06_S11,42,-15.824907282071063,-48.09677840895561
DBS5,DBS5_T06_S12,42,-15.824907282071063,-48.09677840895561
DBS5,DBS5_T06_S13,42,-15.824907282071063,-48.09677840895561
DBS5,DBS5_T06_S14,42,-15.824907282071063,-48.09677840895561
DBS5,DBS5_T06_S15,42,-15.824907282071063,-48.09677840895561
DBS5,DBS5_T06_S16,42,-15.824907282071063,-48.09677840895561
DBS5,DBS5_T06_S17,42,-15.798014434865253,-48.10803512290037
DBS5,DBS5_T06_S18,42,-15.824907282071063,-48.09677840895561
DBS5,DBS5_T06_S19,42,-15.798014434865253,-48.10803512290037
DBS5,DBS5_T06_S20,42,-15.824907282071063,-48.09677840895561
DBS5,DBS5_T06_S21,42,-15.828199150146231,-48.09687439793345
DBS5,DBS5_T06_S22,42,-15.828199150146231,-48.09687439793345
DBS5,DBS5_T06_S23,42,-15.798014434865253,-48.10803512290037
DBS5,DBS5_T06_S24,42,-15.79844658685105,-48.06289217449786
DBS5,DBS5_T06_S25,42,-15.798014434865253,-48.10803512290037
DBS5,DBS5_T06_S26,42,-15.79844658685105,-48.06289217449786
DBS5,DBS5_T06_S27,42,-15.828199150146231,-48.09687439793345
DBS5,DBS5_T06_S28,42,-15.829150255246551,-48.111953689255124
DBS5,DBS5_T06_S29,42,-15.816816052599503,-48.09353213277603
DBS5,DBS5_T06_S30,42,-15.798014434865253,-48.10803512290037
DBS5,DBS5_T06_S31,42,-15.824073546834246,-48.11481574117203
DBS5,DBS5_T06_S32,42,-15.80173928176421,-48.06298800763341
DBS5,DBS5_T06_S33,42,-15.80173928176421,-48.06298800763341
DBS5,DBS5_T06_S34,42,-15.787303100930139,-48.1257826453597
DBS5,DBS5_T06_S35,42,-15.80173928176421,-48.06298800763341
DBS5,DBS5_T06_S36,42,-15.828199150146231,-48.09687439793345
DBS5,DBS5_T06_S37,42,-15.829150255246551,-48.111953689255124
DBS5,DBS5_T06_S38,42,-15.816816052599503,-48.09353213277603
DBS5,DBS5_T06_S39,42,-15.798014434865253,-48.10803512290037
DBS5,DBS5_T06_S40,42,-15.824073546834246,-48.11481574117203
DBS5,DBS5_T06_S41,42,-15.827921366188777,-48.10288700535002
DBS5,DBS5_T06_S42,42,-15.812570953692692,-48.078356227082
DBS5,DBS5_T06_S43,42,-15.807493876748135,-48.08121880919145
DBS5,DBS5_T06_S44,42,-15.812847936956773,-48.07234321027179
DBS5,DBS5_T06_S45,42,-15.787303100930139,-48.1257826453597
DBS5,DBS5_T06_S46,42,-15.806263101994425,-48.07215145776044
DBS5,DBS5_T06_S47,42,-15.80173928176421,-48.06298800763341
DBS5,DBS5_T06_S48,42,-15.810786246090037,-48.08131472587831
DBS5,DBS5_T06_S49,42,-15.797061993119728,-48.09295631196038
DBS5,DBS5_T07_S01,42,-15.840305975356518,-47.976784711912764
DBS5,DBS5_T07_S02,42,-15.840305975356518,-47.976784711912764
DBS5,DBS5_T07_S03,42,-15.840305975356518,-47.976784711912764
DBS5,DBS5_T07_S04,42,-15.840305975356518,-47.976784711912764
DBS5,DBS5_T07_S05,42,-15.823156469144262,-47.95520544310059
DBS5,DBS5_T07_S06,42,-15.827958693708746,-47.958356349582765
DBS5,DBS5_T07_S07,42,-15.827958693708746,-47.958356349582765
DBS5,DBS5_T07_S08,42,-15.826449276292644,-47.95530079573658
DBS5,DBS5_T07_S09,42,-15.797358088779871,-47.94241132586086
DBS5,DBS5_T07_S10,42,-15.807238305515414,-47.94269720293237
DBS5,DBS5_T07_S11,42,-15.794337674584481,-47.93630019875254
DBS5,DBS5_T07_S12,42,-15.840305975356518,-47.976784711912764
DBS5,DBS5_T07_S13,42,-15.805454963381735,-47.94565747191918
DBS5,DBS5_T07_S14,42,-15.805454963381735,-47.94565747191918
DBS5,DBS5_T07_S15,42,-15.797631264412537,-47.93639546230176
DBS5,DBS5_T07_S16,42,-15.802161611724376,-47.94556216560381
DBS5,DBS5_T07_S17,42,-15.797631264412537,-47.93639546230176
DBS5,DBS5_T07_S18,42,-15.828645161568142,-47.97945828696418
DBS5,DBS5_T07_S19,42,-15.799141455030455,-47.93945104955536
DBS5,DBS5_T07_S20,42,-15.799141455030455,-47.93945104955536
DBS5,DBS5_T07_S21,42,-15.803944976389703,-47.9426019096856
DBS5,DBS5_T07_S22,42,-15.810531558162824,-47.942792497068766
DBS5,DBS5_T07_S23,42,-15.795847919098117,-47.939355772046596
DBS5,DBS5_T07_S24,42,-15.826861590667823,-47.98241816623567
DBS5,DBS5_T07_S25,42,-15.813141362462273,-47.99406616301643
DBS5,DBS5_T07_S26,42,-15.808339380341513,-47.9909154736826
DBS5,DBS5_T07_S27,42,-15.794064530334019,-47.94231603528287
DBS5,DBS5_T07_S28,42,-15.810123171295457,-47.98795578686874
DBS5,DBS5_T07_S29,42,-15.800651570804815,-47.942506617328426
DBS5,DBS5_T07_S30,42,-15.791049379379746,-48.008481435628724
DBS5,DBS5_T07_S31,42,-15.835230140840881,-47.97964921281655
DBS5,DBS5_T07_S32,42,-15.821785326789026,-47.985282511070764
DBS5,DBS5_T07_S33,42,-15.813965013164657,-47.97602112723495
DBS5,DBS5_T07_S34,42,-15.8136906231365,-47.98203627298818
DBS5,DBS5_T07_S35,42,-15.799414566259745,-47.933435106063094
DBS5,DBS5_T07_S36,42,-15.800651570804815,-47.942506617328426
DBS5,DBS5_T07_S37,42,-15.805728297581258,-47.93964160724133
DBS5,DBS5_T07_S38,42,-15.81670889798723,-47.988146783938575
DBS5,DBS5_T07_S39,42,-15.823294318564091,-47.98833778457331
DBS5,DBS5_T07_S40,42,-15.830154141127775,-47.98251364177514
DBS5,DBS5_T07_S41,42,-15.831937689513516,-47.97955374944488
DBS5,DBS5_T07_S42,42,-15.806830193204254,-47.987860289670635
DBS5,DBS5_T07_S43,42,-15.817257901438376,-47.97611657220176
DBS5,DBS5_T07_S44,42,-15.82000164654958,-47.98824228381032
DBS5,DBS5_T07_S45,42,-15.789260618015266,-47.93916521969748
DBS5,DBS5_T07_S46,42,-15.813416072896151,-47.988051284958054
DBS5,DBS5_T07_S47,42,-15.82027626000225,-47.98222721782985
DBS5,DBS5_T07_S48,42,-15.838797062088192,-47.973729261900836
DBS5,DBS5_T07_S49,42,-15.792554306753349,-47.939260495427305
DBS5,DBS5_T08_S01,42,-15.825685389034785,-47.789580558210524
DBS5,DBS5_T08_S02,42,-15.825685389034785,-47.789580558210524
DBS5,DBS5_T08_S03,42,-15.804615567707867,-47.891414854106955
DBS5,DBS5_T08_S04,42,-15.811202757304862,-47.89160498088957
DBS5,DBS5_T08_S05,42,-15.809691962075695,-47.88854893059785
DBS5,DBS5_T08_S06,42,-15.80283274005059,-47.89437578121154
DBS5,DBS5_T08_S07,42,-15.849817226948163,-47.76616374451087
DBS5,DBS5_T08_S08,42,-15.809419975000818,-47.89456593416128
DBS5,DBS5_T08_S09,42,-15.883016526701585,-47.76108846597927
DBS5,DBS5_T08_S10,42,-15.809691962075695,-47.88854893059785
DBS5,DBS5_T08_S11,42,-15.80283274005059,-47.89437578121154
DBS5,DBS5_T08_S12,42,-15.813951848957997,-47.903733870035055
DBS5,DBS5_T08_S13,42,-15.810930674459923,-47.897621932038525
DBS5,DBS5_T08_S14,42,-15.80612639576401,-47.89447085724245
DBS5,DBS5_T08_S15,42,-15.816006903968102,-47.894756090662796
DBS5,DBS5_T08_S16,42,-15.814496237353353,-47.89170004561263
DBS5,DBS5_T08_S17,42,-15.808181092065631,-47.88549286111014
DBS5,DBS5_T08_S18,42,-15.813951848957997,-47.903733870035055
DBS5,DBS5_T08_S19,42,-15.81244129911607,-47.90067791066884
DBS5,DBS5_T08_S20,42,-15.812985495934775,-47.88864398134853
DBS5,DBS5_T08_S21,42,-15.80914782752494,-47.90058280580927
DBS5,DBS5_T08_S22,42,-15.817517495767781,-47.89781211648182
DBS5,DBS5_T08_S23,42,-15.807326950476549,-47.83123865334584
DBS5,DBS5_T08_S24,42,-15.807637149040119,-47.89752684114896
DBS5,DBS5_T08_S25,42,-15.807637149040119,-47.89752684114896
DBS5,DBS5_T08_S26,42,-15.812713477741891,-47.89466101196806
DBS5,DBS5_T08_S27,42,-15.803104664882952,-47.888358831759675
DBS5,DBS5_T08_S28,42,-15.825685389034785,-47.789580558210524
DBS5,DBS5_T08_S29,42,-15.806670147285947,-47.882436772443604
DBS5,DBS5_T08_S30,42,-15.815734694194512,-47.90077301641657
DBS5,DBS5_T08_S31,42,-15.801321858197614,-47.891319792047376
DBS5,DBS5_T08_S32,42,-15.791712006817015,-47.88501769053632
DBS5,DBS5_T08_S33,42,-15.796245199270459,-47.89418563181348
DBS5,DBS5_T08_S34,42,-15.804887427918231,-47.88539782522017
DBS5,DBS5_T08_S35,42,-15.814224123375515,-47.897717023816135
DBS5,DBS5_T08_S36,42,-15.814224123375515,-47.897717023816135
DBS5,DBS5_T08_S37,42,-15.788262334567676,-47.85177995259088
DBS5,DBS5_T08_S38,42,-15.81065843120723,-47.903638751206195
DBS5,DBS5_T08_S39,42,-15.811474679723618,-47.88558789788771
DBS5,DBS5_T08_S40,42,-15.807909200749997,-47.89150991705434
DBS5,DBS5_T08_S41,42,-15.804343547135215,-47.897431751147444
DBS5,DBS5_T08_S42,42,-15.796517061851642,-47.88816873647233
DBS5,DBS5_T08_S43,42,-15.849817226948163,-47.76616374451087
DBS5,DBS5_T08_S44,42,-15.817789640876324,-47.89179511122355
DBS5,DBS5_T08_S45,42,-15.79485076831246,-47.851969717756695
DBS5,DBS5_T08_S46,42,-15.873407104643997,-47.754784599717425
DBS5,DBS5_T08_S47,42,-15.838320732621963,-47.80199759138043
DBS5,DBS5_T08_S48,42,-15.846419143372357,-47.805243857522385
DBS5,DBS5_T08_S49,42,-15.883016526701585,-47.76108846597927
DBS5,DBS5_T09_S01,42,-15.842363809253905,-47.96780912423317
DBS5,DBS5_T09_S02,42,-15.842363809253905,-47.96780912423317
DBS5,DBS5_T09_S03,42,-15.829742006852408,-47.95539614926271
DBS5,DBS5_T09_S04,42,-15.842363809253905,-47.96780912423317
DBS5,DBS5_T09_S05,42,-15.829742006852408,-47.95539614926271
DBS5,DBS5_T09_S06,42,-15.807511575281554,-47.936681258285724
DBS5,DBS5_T09_S07,42,-15.842363809253905,-47.96780912423317
DBS5,DBS5_T09_S08,42,-15.806001471534284,-47.93362560968739
DBS5,DBS5_T09_S09,42,-15.806001471534284,-47.93362560968739
DBS5,DBS5_T09_S10,42,-15.801197824622282,-47.9304747033453
DBS5,DBS5_T09_S11,42,-15.801197824622282,-47.9304747033453
DBS5,DBS5_T09_S12,42,-15.826449276292644,-47.95530079573658
DBS5,DBS5_T09_S13,42,-15.826449276292644,-47.95530079573658
DBS5,DBS5_T09_S14,42,-15.826449276292644,-47.95530079573658
DBS5,DBS5_T09_S15,42,-15.806001471534284,-47.93362560968739
DBS5,DBS5_T09_S16,42,-15.826449276292644,-47.95530079573658
DBS5,DBS5_T09_S17,42,-15.801197824622282,-47.9304747033453
DBS5,DBS5_T09_S18,42,-15.8044912929309,-47.93056994164077
DBS5,DBS5_T09_S19,42,-15.8044912929309,-47.93056994164077
DBS5,DBS5_T09_S20,42,-15.8044912929309,-47.93056994164077
DBS5,DBS5_T09_S21,42,-15.842363809253905,-47.96780912423317
DBS5,DBS5_T09_S22,42,-15.82328642567621,-47.916052690102156
DBS5,DBS5_T09_S23,42,-15.831109453431454,-47.92531548061272
DBS5,DBS5_T09_S24,42,-15.809021604161474,-47.93973688741857
DBS5,DBS5_T09_S25,42,-15.818210327187076,-47.91891818863769
DBS5,DBS5_T09_S26,42,-15.824939783906906,-47.95224522231962
DBS5,DBS5_T09_S27,42,-15.824939783906906,-47.95224522231962
DBS5,DBS5_T09_S28,42,-15.826306594172937,-47.92216442424083
DBS5,DBS5_T09_S29,42,-15.827816566070089,-47.925220262240884
DBS5,DBS5_T09_S30,42,-15.802981039482637,-47.927514254163064
DBS5,DBS5_T09_S31,42,-15.802981039482637,-47.927514254163064
DBS5,DBS5_T09_S32,42,-15.82959953547329,-47.92225962864819
DBS5,DBS5_T09_S33,42,-15.82959953547329,-47.92225962864819
DBS5,DBS5_T09_S34,42,-15.82479654737123,-47.91910856685553
DBS5,DBS5_T09_S35,42,-15.816700097686123,-47.91586233981582
DBS5,DBS5_T09_S36,42,-15.818483049486058,-47.91290163237693
DBS5,DBS5_T09_S37,42,-15.828089542598914,-47.919203757297694
DBS5,DBS5_T09_S38,42,-15.829326463051483,-47.92827608083848
DBS5,DBS5_T09_S39,42,-15.842363809253905,-47.96780912423317
DBS5,DBS5_T09_S40,42,-15.821503475560919,-47.91901337730219
DBS5,DBS5_T09_S41,42,-15.807784684775976,-47.93066518082544
DBS5,DBS5_T09_S42,42,-15.828232568479967,-47.95234056188904
DBS5,DBS5_T09_S43,42,-15.854572085886925,-47.953103310485716
DBS5,DBS5_T09_S44,42,-15.80270805712346,-47.9335303574306
DBS5,DBS5_T09_S45,42,-15.828089542598914,-47.919203757297694
DBS5,DBS5_T09_S46,42,-15.813679414119216,-47.90975058414103
DBS5,DBS5_T09_S47,42,-15.832892400163432,-47.92235483394452
DBS5,DBS5_T09_S48,42,-15.84977077954825,-47.94995225916284
DBS5,DBS5_T09_S49,42,-15.854023672774515,-47.965135184936834
DBS5,DBS5_T10_S01,42,-15.83782841697898,-48.03091814043726
DBS5,DBS5_T10_S02,42,-15.83782841697898,-48.03091814043726
DBS5,DBS5_T10_S03,42,-15.834260295770067,-48.03683657221075
DBS5,DBS5_T10_S04,42,-15.83755233087698,-48.036932293363286
DBS5,DBS5_T10_S05,42,-15.83755233087698,-48.036932293363286
DBS5,DBS5_T10_S06,42,-15.83755233087698,-48.036932293363286
DBS5,DBS5_T10_S07,42,-15.83755233087698,-48.036932293363286
DBS5,DBS5_T10_S08,42,-15.83782841697898,-48.03091814043726
DBS5,DBS5_T10_S09,42,-15.839612412602778,-48.027958854078705
DBS5,DBS5_T10_S10,42,-15.839612412602778,-48.027958854078705
DBS5,DBS5_T10_S11,42,-15.839612412602778,-48.027958854078705
DBS5,DBS5_T10_S12,42,-15.839612412602778,-48.027958854078705
DBS5,DBS5_T10_S13,42,-15.839612412602778,-48.027958854078705
DBS5,DBS5_T10_S14,42,-15.839612412602778,-48.027958854078705
DBS5,DBS5_T10_S15,42,-15.839612412602778,-48.027958854078705
DBS5,DBS5_T10_S16,42,-15.836320368059306,-48.02786317295103
DBS5,DBS5_T10_S17,42,-15.836320368059306,-48.02786317295103
DBS5,DBS5_T10_S18,42,-15.836320368059306,-48.02786317295103
DBS5,DBS5_T10_S19,42,-15.835768227706193,-48.03989145179108
DBS5,DBS5_T10_S20,42,-15.836320368059306,-48.02786317295103
DBS5,DBS5_T10_S21,42,-15.836044378028902,-48.03387737981949
DBS5,DBS5_T10_S22,42,-15.83398408124784,-48.042850563197625
DBS5,DBS5_T10_S23,42,-15.83398408124784,-48.042850563197625
DBS5,DBS5_T10_S24,42,-15.83398408124784,-48.042850563197625
DBS5,DBS5_T10_S25,42,-15.83398408124784,-48.042850563197625
DBS5,DBS5_T10_S26,42,-15.836320368059306,-48.02786317295103
DBS5,DBS5_T10_S27,42,-15.832752288678892,-48.033781672602956
DBS5,DBS5_T10_S28,42,-15.832752288678892,-48.033781672602956
DBS5,DBS5_T10_S29,42,-15.832752288678892,-48.033781672602956
DBS5,DBS5_T10_S30,42,-15.834536350025314,-48.03082244626469
DBS5,DBS5_T10_S31,42,-15.834536350025314,-48.03082244626469
DBS5,DBS5_T10_S32,42,-15.834536350025314,-48.03082244626469
DBS5,DBS5_T10_S33,42,-15.834536350025314,-48.03082244626469
DBS5,DBS5_T10_S34,42,-15.829460122711719,-48.03368596627928
DBS5,DBS5_T10_S35,42,-15.841120407285734,-48.0310138355026
DBS5,DBS5_T10_S36,42,-15.798594104159356,-48.0237559053111
DBS5,DBS5_T10_S37,42,-15.830692001396171,-48.04275481596165
DBS5,DBS5_T10_S38,42,-15.830692001396171,-48.04275481596165
DBS5,DBS5_T10_S39,42,-15.834536350025314,-48.03082244626469
DBS5,DBS5_T10_S40,42,-15.830692001396171,-48.04275481596165
DBS5,DBS5_T10_S41,42,-15.839336390742663,-48.03397308792889
DBS5,DBS5_T10_S42,42,-15.839336390742663,-48.03397308792889
DBS5,DBS5_T10_S43,42,-15.829460122711719,-48.03368596627928
DBS5,DBS5_T10_S44,42,-15.83219989151941,-48.04580962756825
DBS5,DBS5_T10_S45,42,-15.83219989151941,-48.04580962756825
DBS5,DBS5_T10_S46,42,-15.798594104159356,-48.0237559053111
DBS5,DBS5_T10_S47,42,-15.83219989151941,-48.04580962756825
DBS5,DBS5_T10_S48,42,-15.808197057398521,-48.0300569250224
DBS5,DBS5_T10_S49,42,-15.792283313905306,-48.01755054857147
DBS5,DBS5_T11_S01,42,-15.83343117147758,-48.054878139781906
DBS5,DBS5_T11_S02,42,-15.83343117147758,-48.054878139781906
DBS5,DBS5_T11_S03,42,-15.83343117147758,-48.054878139781906
DBS5,DBS5_T11_S04,42,-15.83343117147758,-48.054878139781906
DBS5,DBS5_T11_S05,42,-15.83343117147758,-48.054878139781906
DBS5,DBS5_T11_S06,42,-15.83343117147758,-48.054878139781906
DBS5,DBS5_T11_S07,42,-15.828199150146231,-48.09687439793345
DBS5,DBS5_T11_S08,42,-15.828199150146231,-48.09687439793345
DBS5,DBS5_T11_S09,42,-15.828199150146231,-48.09687439793345
DBS5,DBS5_T11_S10,42,-15.83343117147758,-48.054878139781906
DBS5,DBS5_T11_S11,42,-15.840844289339215,-48.03702801540879
DBS5,DBS5_T11_S12,42,-15.840844289339215,-48.03702801540879
DBS5,DBS5_T11_S13,42,-15.840844289339215,-48.03702801540879
DBS5,DBS5_T11_S14,42,-15.840844289339215,-48.03702801540879
DBS5,DBS5_T11_S15,42,-15.840844289339215,-48.03702801540879
DBS5,DBS5_T11_S16,42,-15.828199150146231,-48.09687439793345
DBS5,DBS5_T11_S17,42,-15.83343117147758,-48.054878139781906
DBS5,DBS5_T11_S18,42,-15.839060208558394,-48.039987186878875
DBS5,DBS5_T11_S19,42,-15.839060208558394,-48.039987186878875
DBS5,DBS5_T11_S20,42,-15.839060208558394,-48.039987186878875
DBS5,DBS5_T11_S21,42,-15.841799203677393,-48.05211076949429
DBS5,DBS5_T11_S22,42,-15.839060208558394,-48.039987186878875
DBS5,DBS5_T11_S23,42,-15.836999677795255,-48.04896019419973
DBS5,DBS5_T11_S24,42,-15.833707706477416,-48.04886441909733
DBS5,DBS5_T11_S25,42,-15.833707706477416,-48.04886441909733
DBS5,DBS5_T11_S26,42,-15.83343117147758,-48.054878139781906
DBS5,DBS5_T11_S27,42,-15.833707706477416,-48.04886441909733
DBS5,DBS5_T11_S28,42,-15.836723110853116,-48.05497394185423
DBS5,DBS5_T11_S29,42,-15.836723110853116,-48.05497394185423
DBS5,DBS5_T11_S30,42,-15.841799203677393,-48.05211076949429
DBS5,DBS5_T11_S31,42,-15.839060208558394,-48.039987186878875
DBS5,DBS5_T11_S32,42,-15.842628326801089,-48.03406879693119
DBS5,DBS5_T11_S33,42,-15.830935149264267,-48.108995520159326
DBS5,DBS5_T11_S34,42,-15.836723110853116,-48.05497394185423
DBS5,DBS5_T11_S35,42,-15.848899141579425,-48.11253004871811
DBS5,DBS5_T11_S36,42,-15.826570431633481,-48.060700069727005
DBS5,DBS5_T11_S37,42,-15.847114337668188,-48.115488248551486
DBS5,DBS5_T11_S38,42,-15.829862492249108,-48.06079589697833
DBS5,DBS5_T11_S39,42,-15.840014973590671,-48.05506974482016
DBS5,DBS5_T11_S40,42,-15.823278294439373,-48.06060424336947
DBS5,DBS5_T11_S41,42,-15.833154476267149,-48.060891725123426
DBS5,DBS5_T11_S42,42,-15.838507363292536,-48.05201497956624
DBS5,DBS5_T11_S43,42,-15.83164685346843,-48.05783704193566
DBS5,DBS5_T11_S44,42,-15.828354815156471,-48.057741227720165
DBS5,DBS5_T11_S45,42,-15.838507363292536,-48.05201497956624
DBS5,DBS5_T11_S46,42,-15.830935149264267,-48.108995520159326
DBS5,DBS5_T11_S47,42,-15.839060208558394,-48.039987186878875
DBS5,DBS5_T11_S48,42,-15.854134848755168,-48.0705350167065
DBS5,DBS5_T11_S49,42,-15.828199150146231,-48.09687439793345
DBS5,DBS5_T12_S01,42,-15.840305975356518,-47.976784711912764
DBS5,DBS5_T12_S02,42,-15.840305975356518,-47.976784711912764
DBS5,DBS5_T12_S03,42,-15.840305975356518,-47.976784711912764
DBS5,DBS5_T12_S04,42,-15.840305975356518,-47.976784711912764
DBS5,DBS5_T12_S05,42,-15.840305975356518,-47.976784711912764
DBS5,DBS5_T12_S06,42,-15.840305975356518,-47.976784711912764
DBS5,DBS5_T12_S07,42,-15.840305975356518,-47.976784711912764
DBS5,DBS5_T12_S08,42,-15.840305975356518,-47.976784711912764
DBS5,DBS5_T12_S09,42,-15.840305975356518,-47.976784711912764
DBS5,DBS5_T12_S10,42,-15.840305975356518,-47.976784711912764
DBS5,DBS5_T12_S11,42,-15.840305975356518,-47.976784711912764
DBS5,DBS5_T12_S12,42,-15.840305975356518,-47.976784711912764
DBS5,DBS5_T12_S13,42,-15.840305975356518,-47.976784711912764
DBS5,DBS5_T12_S14,42,-15.840305975356518,-47.976784711912764
DBS5,DBS5_T12_S15,42,-15.833855159722573,-48.009724144974065
DBS5,DBS5_T12_S16,42,-15.833855159722573,-48.009724144974065
DBS5,DBS5_T12_S17,42,-15.833855159722573,-48.009724144974065
DBS5,DBS5_T12_S18,42,-15.833855159722573,-48.009724144974065
DBS5,DBS5_T12_S19,42,-15.833855159722573,-48.009724144974065
DBS5,DBS5_T12_S20,42,-15.840305975356518,-47.976784711912764
DBS5,DBS5_T12_S21,42,-15.840031332787117,-47.98280007374002
DBS5,DBS5_T12_S22,42,-15.833855159722573,-48.009724144974065
DBS5,DBS5_T12_S23,42,-15.837147376209163,-48.00981974424446
DBS5,DBS5_T12_S24,42,-15.837147376209163,-48.00981974424446
DBS5,DBS5_T12_S25,42,-15.837147376209163,-48.00981974424446
DBS5,DBS5_T12_S26,42,-15.836739012206522,-47.982704595527295
DBS5,DBS5_T12_S27,42,-15.836739012206522,-47.982704595527295
DBS5,DBS5_T12_S28,42,-15.836739012206522,-47.982704595527295
DBS5,DBS5_T12_S29,42,-15.840305975356518,-47.976784711912764
DBS5,DBS5_T12_S30,42,-15.848399179588379,-47.98003107521311
DBS5,DBS5_T12_S31,42,-15.836739012206522,-47.982704595527295
DBS5,DBS5_T12_S32,42,-15.830562866609936,-48.0096285465957
DBS5,DBS5_T12_S33,42,-15.830562866609936,-48.0096285465957
DBS5,DBS5_T12_S34,42,-15.848399179588379,-47.98003107521311
DBS5,DBS5_T12_S35,42,-15.828778996511616,-48.01258803620235
DBS5,DBS5_T12_S36,42,-15.828778996511616,-48.01258803620235
DBS5,DBS5_T12_S37,42,-15.828778996511616,-48.01258803620235
DBS5,DBS5_T12_S38,42,-15.836739012206522,-47.982704595527295
DBS5,DBS5_T12_S39,42,-15.829879432873165,-47.98852878877305
DBS5,DBS5_T12_S40,42,-15.83317187512953,-47.988624292209835
DBS5,DBS5_T12_S41,42,-15.828778996511616,-48.01258803620235
DBS5,DBS5_T12_S42,42,-15.843323576703067,-47.982895552843836
DBS5,DBS5_T12_S43,42,-15.831663045651974,-47.98556897686275
DBS5,DBS5_T12_S44,42,-15.838522515531142,-47.97974467707918
DBS5,DBS5_T12_S45,42,-15.838522515531142,-47.97974467707918
DBS5,DBS5_T12_S46,42,-15.802437716228388,-48.01182317689013
DBS5,DBS5_T12_S47,42,-15.828778996511616,-48.01258803620235
DBS5,DBS5_T12_S48,42,-15.826586914011655,-47.988433286227554
DBS5,DBS5_T12_S49,42,-15.848399179588379,-47.98003107521311
DBS5,DBS5_T13_S01,42,-15.835087977659786,-48.01879379000694
DBS5,DBS5_T13_S02,42,-15.836871867168181,-48.0158343550355
DBS5,DBS5_T13_S03,42,-15.836871867168181,-48.0158343550355
DBS5,DBS5_T13_S04,42,-15.836871867168181,-48.0158343550355
DBS5,DBS5_T13_S05,42,-15.836871867168181,-48.0158343550355
DBS5,DBS5_T13_S06,42,-15.836871867168181,-48.0158343550355
DBS5,DBS5_T13_S07,42,-15.836871867168181,-48.0158343550355
DBS5,DBS5_T13_S08,42,-15.835363551001521,-48.01277925995127
DBS5,DBS5_T13_S09,42,-15.835363551001521,-48.01277925995127
DBS5,DBS5_T13_S10,42,-15.835363551001521,-48.01277925995127
DBS5,DBS5_T13_S11,42,-15.835363551001521,-48.01277925995127
DBS5,DBS5_T13_S12,42,-15.835363551001521,-48.01277925995127
DBS5,DBS5_T13_S13,42,-15.838380108211386,-48.01888943020956
DBS5,DBS5_T13_S14,42,-15.839612412602778,-48.027958854078705
DBS5,DBS5_T13_S15,42,-15.840163975275503,-48.01592998218968
DBS5,DBS5_T13_S16,42,-15.840163975275503,-48.01592998218968
DBS5,DBS5_T13_S17,42,-15.840163975275503,-48.01592998218968
DBS5,DBS5_T13_S18,42,-15.840163975275503,-48.01592998218968
DBS5,DBS5_T13_S19,42,-15.839888274119978,-48.021944485456295
DBS5,DBS5_T13_S20,42,-15.833579682417941,-48.015738728773556
DBS5,DBS5_T13_S21,42,-15.840163975275503,-48.01592998218968
DBS5,DBS5_T13_S22,42,-15.832071312064263,-48.01268364763075
DBS5,DBS5_T13_S23,42,-15.832071312064263,-48.01268364763075
DBS5,DBS5_T13_S24,42,-15.832071312064263,-48.01268364763075
DBS5,DBS5_T13_S25,42,-15.843180273801519,-48.022040140491356
DBS5,DBS5_T13_S26,42,-15.843180273801519,-48.022040140491356
DBS5,DBS5_T13_S27,42,-15.841672162111632,-48.01898507130454
DBS5,DBS5_T13_S28,42,-15.841672162111632,-48.01898507130454
DBS5,DBS5_T13_S29,42,-15.841672162111632,-48.01898507130454
DBS5,DBS5_T13_S30,42,-15.841672162111632,-48.01898507130454
DBS5,DBS5_T13_S31,42,-15.841672162111632,-48.01898507130454
DBS5,DBS5_T13_S32,42,-15.841396364882792,-48.02499952075852
DBS5,DBS5_T13_S33,42,-15.841396364882792,-48.02499952075852
DBS5,DBS5_T13_S34,42,-15.841396364882792,-48.02499952075852
DBS5,DBS5_T13_S35,42,-15.83865571330429,-48.01287487316393
DBS5,DBS5_T13_S36,42,-15.83865571330429,-48.01287487316393
DBS5,DBS5_T13_S37,42,-15.83865571330429,-48.01287487316393
DBS5,DBS5_T13_S38,42,-15.832071312064263,-48.01268364763075
DBS5,DBS5_T13_S39,42,-15.841672162111632,-48.01898507130454
DBS5,DBS5_T13_S40,42,-15.828503486678889,-48.01860251227868
DBS5,DBS5_T13_S41,42,-15.841396364882792,-48.02499952075852
DBS5,DBS5_T13_S42,42,-15.830287421043872,-48.01564310340385
DBS5,DBS5_T13_S43,42,-15.83865571330429,-48.01287487316393
DBS5,DBS5_T13_S44,42,-15.83659619777865,-48.021848831313704
DBS5,DBS5_T13_S45,42,-15.831795770475917,-48.01869815069665
DBS5,DBS5_T13_S46,42,-15.841672162111632,-48.01898507130454
DBS5,DBS5_T13_S47,42,-15.841396364882792,-48.02499952075852
DBS5,DBS5_T13_S48,42,-15.83659619777865,-48.021848831313704
DBS5,DBS5_T13_S49,42,-15.81711760969121,-48.01526061084711
DBS5,DBS5_T14_S01,42,-15.89073565032965,-47.80953187169475
DBS5,DBS5_T14_S02,42,-15.898400659022915,-47.785642132525645
DBS5,DBS5_T14_S03,42,-15.818755611343565,-47.90688494380574
DBS5,DBS5_T14_S04,42,-15.820265957651138,-47.909940878560064
DBS5,DBS5_T14_S05,42,-15.894568455037502,-47.797587315646105
DBS5,DBS5_T14_S06,42,-15.836185188224283,-47.922450040129824
DBS5,DBS5_T14_S07,42,-15.820265957651138,-47.909940878560064
DBS5,DBS5_T14_S08,42,-15.892246475725278,-47.81258895200371
DBS5,DBS5_T14_S09,42,-15.892246475725278,-47.81258895200371
DBS5,DBS5_T14_S10,42,-15.828362358608993,-47.913187119905835
DBS5,DBS5_T14_S11,42,-15.83316534330732,-47.91633822219719
DBS5,DBS5_T14_S12,42,-15.820538454876921,-47.90392411035761
DBS5,DBS5_T14_S13,42,-15.825341956416352,-47.90707521384258
DBS5,DBS5_T14_S14,42,-15.834675303229963,-47.91939414084861
DBS5,DBS5_T14_S15,42,-15.834675303229963,-47.91939414084861
DBS5,DBS5_T14_S16,42,-15.829872447369638,-47.91624304394343
DBS5,DBS5_T14_S17,42,-15.819028012741134,-47.9008681230525
DBS5,DBS5_T14_S18,42,-15.817245190187602,-47.903828989752185
DBS5,DBS5_T14_S19,42,-15.831655308467607,-47.91328228419274
DBS5,DBS5_T14_S20,42,-15.831382461224862,-47.91929894862872
DBS5,DBS5_T14_S21,42,-15.894298206886916,-47.803607011656915
DBS5,DBS5_T14_S22,42,-15.892787264353794,-47.80054984713108
DBS5,DBS5_T14_S23,42,-15.892787264353794,-47.80054984713108
DBS5,DBS5_T14_S24,42,-15.82081079161757,-47.89790721003558
DBS5,DBS5_T14_S25,42,-15.815462323974465,-47.90678981011994
DBS5,DBS5_T14_S26,42,-15.823831643006834,-47.90401923185132
DBS5,DBS5_T14_S27,42,-15.826579474819555,-47.91614786657843
DBS5,DBS5_T14_S28,42,-15.898400659022915,-47.785642132525645
DBS5,DBS5_T14_S29,42,-15.892246475725278,-47.81258895200371
DBS5,DBS5_T14_S30,42,-15.831655308467607,-47.91328228419274
DBS5,DBS5_T14_S31,42,-15.822321254736824,-47.90096323057659
DBS5,DBS5_T14_S32,42,-15.830145198722022,-47.91022632685249
DBS5,DBS5_T14_S33,42,-15.81697272415424,-47.9098457309063
DBS5,DBS5_T14_S34,42,-15.81697272415424,-47.9098457309063
DBS5,DBS5_T14_S35,42,-15.821776229099102,-47.91299679399794
DBS5,DBS5_T14_S36,42,-15.828635014081822,-47.907170350193624
DBS5,DBS5_T14_S37,42,-15.8379680685951,-47.91948933395739
DBS5,DBS5_T14_S38,42,-15.8220488221639,-47.90698007837996
DBS5,DBS5_T14_S39,42,-15.825614420162465,-47.90105833898888
DBS5,DBS5_T14_S40,42,-15.897860586153657,-47.79768196827896
DBS5,DBS5_T14_S41,42,-15.946149380181474,-47.82318160242967
DBS5,DBS5_T14_S42,42,-15.825069332146448,-47.91309195650758
DBS5,DBS5_T14_S43,42,-15.887172916621452,-47.815456548274234
DBS5,DBS5_T14_S44,42,-15.828635014081822,-47.907170350193624
DBS5,DBS5_T14_S45,42,-15.879077333551862,-47.81221008099714
DBS5,DBS5_T14_S46,42,-15.888954305610696,-47.812494232924166
DBS5,DBS5_T14_S47,42,-15.868929247478242,-47.81794510452281
DBS5,DBS5_T14_S48,42,-15.889224750025054,-47.80647477262827
DBS5,DBS5_T14_S49,42,-15.873732825701664,-47.82109677137379
DBS5,DBS5_T15_S01,42,-15.884149174488927,-48.09850634750626
DBS5,DBS5_T15_S02,42,-15.884149174488927,-48.09850634750626
DBS5,DBS5_T15_S03,42,-15.842904380488688,-48.02805453609905
DBS5,DBS5_T15_S04,42,-15.884149174488927,-48.09850634750626
DBS5,DBS5_T15_S05,42,-15.881170823164615,-48.02013283405232
DBS5,DBS5_T15_S06,42,-15.844688310334007,-48.02509518973293
DBS5,DBS5_T15_S07,42,-15.884149174488927,-48.09850634750626
DBS5,DBS5_T15_S08,42,-16.027566291460563,-47.988243805225956
DBS5,DBS5_T15_S09,42,-15.843180273801519,-48.022040140491356
DBS5,DBS5_T15_S10,42,-15.843180273801519,-48.022040140491356
DBS5,DBS5_T15_S11,42,-15.843180273801519,-48.022040140491356
DBS5,DBS5_T15_S12,42,-15.881170823164615,-48.02013283405232
DBS5,DBS5_T15_S13,42,-15.86523809184391,-48.07989080724656
DBS5,DBS5_T15_S14,42,-15.846196271697957,-48.028150219012076
DBS5,DBS5_T15_S15,42,-15.884149174488927,-48.09850634750626
DBS5,DBS5_T15_S16,42,-16.027566291460563,-47.988243805225956
DBS5,DBS5_T15_S17,42,-15.865669731258016,-48.034738784948836
DBS5,DBS5_T15_S18,42,-15.844412320926505,-48.03110953146072
DBS5,DBS5_T15_S19,42,-15.844412320926505,-48.03110953146072
DBS5,DBS5_T15_S20,42,-15.844412320926505,-48.03110953146072
DBS5,DBS5_T15_S21,42,-15.913367586203696,-48.07226090882945
DBS5,DBS5_T15_S22,42,-15.881170823164615,-48.02013283405232
DBS5,DBS5_T15_S23,42,-15.86523809184391,-48.07989080724656
DBS5,DBS5_T15_S24,42,-15.852503674853526,-48.034355929295444
DBS5,DBS5_T15_S25,42,-15.847704157882205,-48.03120522831165
DBS5,DBS5_T15_S26,42,-16.001221969521357,-48.05976518506292
DBS5,DBS5_T15_S27,42,-16.01437353007294,-48.06014858107347
DBS5,DBS5_T15_S28,42,-15.879939208882075,-48.01106261593914
DBS5,DBS5_T15_S29,42,-15.884149174488927,-48.09850634750626
DBS5,DBS5_T15_S30,42,-16.015878174849263,-48.06320406468023
DBS5,DBS5_T15_S31,42,-15.881446840820558,-48.014117926117976
DBS5,DBS5_T15_S32,42,-16.014095079616876,-48.066163649885084
DBS5,DBS5_T15_S33,42,-16.027566291460563,-47.988243805225956
DBS5,DBS5_T15_S34,42,-15.865669731258016,-48.034738784948836
DBS5,DBS5_T15_S35,42,-15.854011356359706,-48.03741091252085
DBS5,DBS5_T15_S36,42,-15.913367586203696,-48.07226090882945
DBS5,DBS5_T15_S37,42,-15.86746575125934,-47.95950081812566
DBS5,DBS5_T15_S38,42,-16.01615656024588,-48.05718891459914
DBS5,DBS5_T15_S39,42,-15.870483063005048,-47.9656122019687
DBS5,DBS5_T15_S40,42,-15.881170823164615,-48.02013283405232
DBS5,DBS5_T15_S41,42,-15.86523809184391,-48.07989080724656
DBS5,DBS5_T15_S42,42,-15.857579208448065,-48.03149232422128
DBS5,DBS5_T15_S43,42,-16.001500130721055,-48.053750088647305
DBS5,DBS5_T15_S44,42,-15.896474798349745,-48.116929483593104
DBS5,DBS5_T15_S45,42,-15.867729780179877,-48.025764897546864
DBS5,DBS5_T15_S46,42,-16.0191658161138,-48.06329992985506
DBS5,DBS5_T15_S47,42,-15.995913399681434,-47.9963610318285
DBS5,DBS5_T15_S48,42,-16.032359722791615,-47.991395521328535
DBS5,DBS5_T15_S49,42,-15.868699935885404,-47.968572445309704
DPB3,DPB3_T01_S01,42,-7.0798183468163325,-34.843300747913496
DPB3,DPB3_T01_S02,42,-7.0798183468163325,-34.843300747913496
DPB3,DPB3_T01_S03,42,-7.0798183468163325,-34.843300747913496
DPB3,DPB3_T01_S04,42,-7.0798183468163325,-34.843300747913496
DPB3,DPB3_T01_S05,42,-7.083252580313444,-34.83741880008253
DPB3,DPB3_T01_S06,42,-7.0798183468163325,-34.843300747913496
DPB3,DPB3_T01_S07,42,-7.083252580313444,-34.83741880008253
DPB3,DPB3_T01_S08,42,-7.0798183468163325,-34.843300747913496
DPB3,DPB3_T01_S09,42,-7.083252580313444,-34.83741880008253
DPB3,DPB3_T01_S10,42,-7.08153548605753,-34.84035976223933
DPB3,DPB3_T01_S11,42,-7.08153548605753,-34.84035976223933
DPB3,DPB3_T01_S12,42,-7.08153548605753,-34.84035976223933
DPB3,DPB3_T01_S13,42,-7.08153548605753,-34.84035976223933
DPB3,DPB3_T01_S14,42,-7.08153548605753,-34.84035976223933
DPB3,DPB3_T01_S15,42,-7.07130026735291,-34.840264639856535
DPB3,DPB3_T01_S16,42,-7.0866642546187455,-34.83745049376751
DPB3,DPB3_T01_S17,42,-7.08153548605753,-34.84035976223933
DPB3,DPB3_T01_S18,42,-7.088358878322796,-34.84042317869909
DPB3,DPB3_T01_S19,42,-7.088358878322796,-34.84042317869909
DPB3,DPB3_T01_S20,42,-7.090075911506041,-34.83748218775995
DPB3,DPB3_T01_S21,42,-7.090075911506041,-34.83748218775995
DPB3,DPB3_T01_S22,42,-7.090075911506041,-34.83748218775995
DPB3,DPB3_T01_S23,42,-7.098616099936148,-34.834604580477944
DPB3,DPB3_T01_S24,42,-7.074689379392588,-34.84621002053919
DPB3,DPB3_T01_S25,42,-7.07130026735291,-34.840264639856535
DPB3,DPB3_T01_S26,42,-7.081557968402823,-34.834446182471666
DPB3,DPB3_T01_S27,42,-7.078146289855182,-34.83441450379232
DPB3,DPB3_T01_S28,42,-7.076451689797452,-34.83144195351592
DPB3,DPB3_T01_S29,42,-7.076451689797452,-34.83144195351592
DPB3,DPB3_T01_S30,42,-7.08494719089332,-34.840391470315424
DPB3,DPB3_T01_S31,42,-7.08494719089332,-34.840391470315424
DPB3,DPB3_T01_S32,42,-7.079840888614194,-34.83738710670499
DPB3,DPB3_T01_S33,42,-7.083230082168221,-34.84333247038075
DPB3,DPB3_T01_S34,42,-7.083230082168221,-34.84333247038075
DPB3,DPB3_T01_S35,42,-7.074734593950027,-34.83438282542026
DPB3,DPB3_T01_S36,42,-7.074734593950027,-34.83438282542026
DPB3,DPB3_T01_S37,42,-7.045700041887889,-34.84298354016476
DPB3,DPB3_T01_S38,42,-7.042288116783595,-34.84295182108216
DPB3,DPB3_T01_S39,42,-7.049088940235405,-34.84892879084243
DPB3,DPB3_T01_S40,42,-7.0405936790954184,-34.8399792893162
DPB3,DPB3_T01_S41,42,-7.047394491662073,-34.84595613921657
DPB3,DPB3_T01_S42,42,-7.090075911506041,-34.83748218775995
DPB3,DPB3_T01_S43,42,-7.0730174531301175,-34.837323720872206
DPB3,DPB3_T01_S44,42,-7.0730174531301175,-34.837323720872206
DPB3,DPB3_T01_S45,42,-7.02527464114287,-34.83096703064882
DPB3,DPB3_T01_S46,42,-7.09689917293036,-34.837545576667154
DPB3,DPB3_T01_S47,42,-7.088381273329315,-34.83450954075226
DPB3,DPB3_T01_S48,42,-7.049111949862312,-34.843015259555024
DPB3,DPB3_T01_S49,42,-7.054195335247568,-34.851933258512005
DPB3,DPB3_T01_S50,42,-7.037181750167599,-34.83994758523829
DPB3,DPB3_T01_S51,42,-7.06960570939342,-34.837292028416954
DPB3,DPB3_T01_S52,42,-7.08496962956889,-34.8344778614583
DPB3,DPB3_T01_S53,42,-7.0917928996600414,-34.83454122035351
DPB3,DPB3_T01_S54,42,-7.074689379392588,-34.84621002053919
DPB3,DPB3_T01_S55,42,-7.037181750167599,-34.83994758523829
DPB3,DPB3_T01_S56,42,-7.076429179545066,-34.83735541363488
DPB3,DPB3_T01_S57,42,-7.057607265713163,-34.85196502230438
DPB3,DPB3_T01_S58,42,-7.067888493132506,-34.84023293301074
DPB3,DPB3_T01_S59,42,-7.030380978599589,-34.833971034545094
DPB3,DPB3_T01_S60,42,-7.078123763839487,-34.84032805447084
DPB3,DPB3_T01_S61,42,-7.0934875509512665,-34.837513882059824
DPB3,DPB3_T01_S62,42,-7.079863355178424,-34.831473617497416
DPB3,DPB3_T01_S63,42,-7.0525238406827935,-34.84304697925297
DPB3,DPB3_T01_S64,42,-7.083230082168221,-34.84333247038075
DPB3,DPB3_T01_S65,42,-7.095204508537008,-34.83457290026206
DPB3,DPB3_T01_S66,42,-7.074712024263261,-34.8402963470099
DPB3,DPB3_T01_S67,42,-7.067865760987363,-34.8461465483615
DPB3,DPB3_T01_S68,42,-7.095182200866555,-34.8404865963892
DPB3,DPB3_T01_S69,42,-7.050806412878968,-34.84598787330448
DPB3,DPB3_T01_S70,42,-7.033792897962299,-34.83400270892276
DPB3,DPB3_T01_S71,42,-7.084924676929309,-34.84630523111462
DPB3,DPB3_T01_S72,42,-7.093465183759911,-34.84342763962886
DPB3,DPB3_T01_S73,42,-7.076406594093889,-34.84326902575396
DPB3,DPB3_T01_S74,42,-7.028663442217015,-34.83691174293159
DPB3,DPB3_T01_S75,42,-7.043982553302941,-34.84592440543646
DPB3,DPB3_T01_S76,42,-7.07127757884534,-34.84617828429642
DPB3,DPB3_T01_S77,42,-7.0933749611626515,-34.86708418754352
DPB3,DPB3_T01_S78,42,-7.071322880711426,-34.83435114735549
DPB3,DPB3_T01_S79,42,-7.083275003190187,-34.831505281786065
DPB3,DPB3_T01_S80,42,-7.06101917896364,-34.851996786404854
DPB3,DPB3_T01_S81,42,-6.984330246895847,-34.83058714210313
DPB3,DPB3_T01_S82,42,-6.975787970374099,-34.833464286282684
DPB3,DPB3_T01_S83,42,-7.032098470196819,-34.83103034970538
DPB3,DPB3_T01_S84,42,-6.970657714265377,-34.836373080925235
DPB3,DPB3_T01_S85,42,-7.035464215281687,-34.84288838383997
DPB3,DPB3_T01_S86,42,-7.018427491099107,-34.83681667847635
DPB3,DPB3_T01_S87,42,-7.064453925842727,-34.846114812734434
DPB3,DPB3_T01_S88,42,-6.979200159176236,-34.833495955745214
DPB3,DPB3_T01_S89,42,-7.0099324308817135,-34.82786817782052
DPB3,DPB3_T01_S90,42,-7.020121849969636,-34.83978906946148
DPB3,DPB3_T01_S91,40,-7.074666659332942,-34.852123845888
DPB3,DPB3_T02_S01,42,-7.101983157696551,-34.846463921564386
DPB3,DPB3_T02_S02,42,-7.113890477319319,-34.85544630621706
DPB3,DPB3_T02_S03,42,-7.101983157696551,-34.846463921564386
DPB3,DPB3_T02_S04,42,-7.113890477319319,-34.85544630621706
DPB3,DPB3_T02_S05,42,-7.101983157696551,-34.846463921564386
DPB3,DPB3_T02_S06,42,-7.101983157696551,-34.846463921564386
DPB3,DPB3_T02_S07,42,-7.101983157696551,-34.846463921564386
DPB3,DPB3_T02_S08,42,-7.115695764004121,-34.82884926756188
DPB3,DPB3_T02_S09,42,-7.113890477319319,-34.85544630621706
DPB3,DPB3_T02_S10,42,-7.115651748243895,-34.84067685684199
DPB3,DPB3_T02_S11,42,-7.101983157696551,-34.846463921564386
DPB3,DPB3_T02_S12,42,-7.112284304053417,-34.828817614900544
DPB3,DPB3_T02_S13,42,-7.112284304053417,-34.828817614900544
DPB3,DPB3_T02_S14,42,-7.112284304053417,-34.828817614900544
DPB3,DPB3_T02_S15,42,-7.112284304053417,-34.828817614900544
DPB3,DPB3_T02_S16,42,-7.112284304053417,-34.828817614900544
DPB3,DPB3_T02_S17,42,-7.117368536668828,-34.83773575076791
DPB3,DPB3_T02_S18,42,-7.117368536668828,-34.83773575076791
DPB3,DPB3_T02_S19,42,-7.117368536668828,-34.83773575076791
DPB3,DPB3_T02_S20,42,-7.117368536668828,-34.83773575076791
DPB3,DPB3_T02_S21,42,-7.117368536668828,-34.83773575076791
DPB3,DPB3_T02_S22,42,-7.101983157696551,-34.846463921564386
DPB3,DPB3_T02_S23,42,-7.112284304053417,-34.828817614900544
DPB3,DPB3_T02_S24,42,-7.100288497527098,-34.84349108733293
DPB3,DPB3_T02_S25,42,-7.100288497527098,-34.84349108733293
DPB3,DPB3_T02_S26,42,-7.100288497527098,-34.84349108733293
DPB3,DPB3_T02_S27,42,-7.100288497527098,-34.84349108733293
DPB3,DPB3_T02_S28,42,-7.117368536668828,-34.83773575076791
DPB3,DPB3_T02_S29,42,-7.10200545349631,-34.840550015309695
DPB3,DPB3_T02_S30,42,-7.10200545349631,-34.840550015309695
DPB3,DPB3_T02_S31,42,-7.10200545349631,-34.840550015309695
DPB3,DPB3_T02_S32,42,-7.112195795540117,-34.85247328488864
DPB3,DPB3_T02_S33,42,-7.112195795540117,-34.85247328488864
DPB3,DPB3_T02_S34,42,-7.112195795540117,-34.85247328488864
DPB3,DPB3_T02_S35,42,-7.112284304053417,-34.828817614900544
DPB3,DPB3_T02_S36,42,-7.108850769026048,-34.834699622969495
DPB3,DPB3_T02_S37,42,-7.105439230204728,-34.83466794183165
DPB3,DPB3_T02_S38,42,-7.105439230204728,-34.83466794183165
DPB3,DPB3_T02_S39,42,-7.115673793922459,-34.834762986167185
DPB3,DPB3_T02_S40,42,-7.115673793922459,-34.834762986167185
DPB3,DPB3_T02_S41,42,-7.115673793922459,-34.834762986167185
DPB3,DPB3_T02_S42,42,-7.100310777419262,-34.83757727158195
DPB3,DPB3_T02_S43,42,-7.100310777419262,-34.83757727158195
DPB3,DPB3_T02_S44,42,-7.100310777419262,-34.83757727158195
DPB3,DPB3_T02_S45,42,-7.119085279949439,-34.83479466822703
DPB3,DPB3_T02_S46,42,-7.112218036021776,-34.84655913952887
DPB3,DPB3_T02_S47,42,-7.1139570199917666,-34.83770405431577
DPB3,DPB3_T02_S48,42,-7.098616099936148,-34.834604580477944
DPB3,DPB3_T02_S49,42,-7.105439230204728,-34.83466794183165
DPB3,DPB3_T02_S50,42,-7.120735924032631,-34.84959558002529
DPB3,DPB3_T02_S51,42,-7.102027673833409,-34.83463626100113
DPB3,DPB3_T02_S52,42,-7.102027673833409,-34.83463626100113
DPB3,DPB3_T02_S53,42,-7.102027673833409,-34.83463626100113
DPB3,DPB3_T02_S54,42,-7.112195795540117,-34.85247328488864
DPB3,DPB3_T02_S55,42,-7.1071339338302515,-34.83764066233391
DPB3,DPB3_T02_S56,42,-7.112262290273309,-34.83473130441467
DPB3,DPB3_T02_S57,42,-7.112262290273309,-34.83473130441467
DPB3,DPB3_T02_S58,42,-7.112284304053417,-34.828817614900544
DPB3,DPB3_T02_S59,42,-7.110501112254944,-34.84950031611124
DPB3,DPB3_T02_S60,42,-7.110501112254944,-34.84950031611124
DPB3,DPB3_T02_S61,42,-7.107067129485632,-34.85538273967773
DPB3,DPB3_T02_S62,42,-7.114001003854647,-34.82587664622645
DPB3,DPB3_T02_S63,42,-7.114001003854647,-34.82587664622645
DPB3,DPB3_T02_S64,42,-7.1156074300755705,-34.85250505391953
DPB3,DPB3_T02_S65,42,-7.110501112254944,-34.84950031611124
DPB3,DPB3_T02_S66,42,-7.119063277933802,-34.84070856799411
DPB3,DPB3_T02_S67,42,-7.103722364393914,-34.8376089668042
DPB3,DPB3_T02_S68,42,-7.103722364393914,-34.8376089668042
DPB3,DPB3_T02_S69,42,-7.107156050913576,-34.831726940407265
DPB3,DPB3_T02_S70,42,-7.108828636019581,-34.84061343546062
DPB3,DPB3_T02_S71,42,-7.103744525159973,-34.83169527396842
DPB3,DPB3_T02_S72,42,-7.103722364393914,-34.8376089668042
DPB3,DPB3_T02_S73,42,-7.098593835932712,-34.84051830569565
DPB3,DPB3_T02_S74,42,-7.112240200931137,-34.84064514599749
DPB3,DPB3_T02_S75,42,-7.114001003854647,-34.82587664622645
DPB3,DPB3_T02_S76,42,-7.120758017700414,-34.843681437831165
DPB3,DPB3_T02_S77,42,-7.1088728265052845,-34.82878596254626
DPB3,DPB3_T02_S78,42,-7.108784143404502,-34.85244151616593
DPB3,DPB3_T02_S79,42,-7.108784143404502,-34.85244151616593
DPB3,DPB3_T02_S80,42,-7.113979049711666,-34.831790274206526
DPB3,DPB3_T02_S81,42,-7.110567559105493,-34.8317586071533
DPB3,DPB3_T02_S82,42,-7.103744525159973,-34.83169527396842
DPB3,DPB3_T02_S83,42,-7.119041200281296,-34.846622619711354
DPB3,DPB3_T02_S84,42,-7.1156074300755705,-34.85250505391953
DPB3,DPB3_T02_S85,42,-7.112240200931137,-34.84064514599749
DPB3,DPB3_T02_S86,42,-7.1054170535332855,-34.84058172523135
DPB3,DPB3_T02_S87,42,-7.1156296269633055,-34.84659087946616
DPB3,DPB3_T02_S88,42,-7.113979049711666,-34.831790274206526
DPB3,DPB3_T02_S89,42,-7.100332981868738,-34.83166360783676
DPB3,DPB3_T02_S90,42,-7.1157176584940105,-34.82293570114622
DPB3,DPB3_T02_S91,42,-7.098504025589846,-34.864174724818
DPB3,DPB3_T02_S92,42,-7.103655429210145,-34.85535095687054
DPB3,DPB3_T03_S01,42,-7.134447622701006,-34.831980282977185
DPB3,DPB3_T03_S02,42,-7.134447622701006,-34.831980282977185
DPB3,DPB3_T03_S03,42,-7.134447622701006,-34.831980282977185
DPB3,DPB3_T03_S04,42,-7.134447622701006,-34.831980282977185
DPB3,DPB3_T03_S05,42,-7.134447622701006,-34.831980282977185
DPB3,DPB3_T03_S06,42,-7.134447622701006,-34.831980282977185
DPB3,DPB3_T03_S07,42,-7.134447622701006,-34.831980282977185
DPB3,DPB3_T03_S08,42,-7.134447622701006,-34.831980282977185
DPB3,DPB3_T03_S09,42,-7.134447622701006,-34.831980282977185
DPB3,DPB3_T03_S10,42,-7.134447622701006,-34.831980282977185
DPB3,DPB3_T03_S11,42,-7.134447622701006,-34.831980282977185
DPB3,DPB3_T03_S12,42,-7.134447622701006,-34.831980282977185
DPB3,DPB3_T03_S13,42,-7.134447622701006,-34.831980282977185
DPB3,DPB3_T03_S14,42,-7.134447622701006,-34.831980282977185
DPB3,DPB3_T03_S15,42,-7.134447622701006,-34.831980282977185
DPB3,DPB3_T03_S16,42,-7.12934142735154,-34.82897588127786
DPB3,DPB3_T03_S17,42,-7.132752798954281,-34.829007535474545
DPB3,DPB3_T03_S18,42,-7.132752798954281,-34.829007535474545
DPB3,DPB3_T03_S19,42,-7.132752798954281,-34.829007535474545
DPB3,DPB3_T03_S20,42,-7.132752798954281,-34.829007535474545
DPB3,DPB3_T03_S21,42,-7.132752798954281,-34.829007535474545
DPB3,DPB3_T03_S22,42,-7.132752798954281,-34.829007535474545
DPB3,DPB3_T03_S23,42,-7.132752798954281,-34.829007535474545
DPB3,DPB3_T03_S24,42,-7.120801978070559,-34.83185360923457
DPB3,DPB3_T03_S25,42,-7.119107206333339,-34.82888092053028
DPB3,DPB3_T03_S26,42,-7.119107206333339,-34.82888092053028
DPB3,DPB3_T03_S27,42,-7.119107206333339,-34.82888092053028
DPB3,DPB3_T03_S28,42,-7.1532206551522535,-34.82919746710344
DPB3,DPB3_T03_S29,42,-7.124213415775168,-34.8318852772094
DPB3,DPB3_T03_S30,42,-7.119107206333339,-34.82888092053028
DPB3,DPB3_T03_S31,42,-7.132752798954281,-34.829007535474545
DPB3,DPB3_T03_S32,42,-7.139575488910467,-34.829070844789136
DPB3,DPB3_T03_S33,42,-7.117412433135499,-34.82590828449596
DPB3,DPB3_T03_S34,42,-7.117412433135499,-34.82590828449596
DPB3,DPB3_T03_S35,42,-7.124235238773642,-34.825971561955754
DPB3,DPB3_T03_S36,42,-7.119085279949439,-34.83479466822703
DPB3,DPB3_T03_S37,42,-7.122518631017015,-34.82891257380574
DPB3,DPB3_T03_S38,42,-7.122518631017015,-34.82891257380574
DPB3,DPB3_T03_S39,42,-7.122518631017015,-34.82891257380574
DPB3,DPB3_T03_S40,42,-7.160127978917522,-34.80560591604135
DPB3,DPB3_T03_S41,42,-7.1532206551522535,-34.82919746710344
DPB3,DPB3_T03_S42,42,-7.117412433135499,-34.82590828449596
DPB3,DPB3_T03_S43,42,-7.122518631017015,-34.82891257380574
DPB3,DPB3_T03_S44,42,-7.119085279949439,-34.83479466822703
DPB3,DPB3_T03_S45,42,-7.131057973686681,-34.82603484064325
DPB3,DPB3_T03_S46,42,-7.131057973686681,-34.82603484064325
DPB3,DPB3_T03_S47,42,-7.151504278841021,-34.83213863206802
DPB3,DPB3_T03_S48,42,-7.151504278841021,-34.83213863206802
DPB3,DPB3_T03_S49,42,-7.1378589895334486,-34.832011952180885
DPB3,DPB3_T03_S50,42,-7.1378589895334486,-34.832011952180885
DPB3,DPB3_T03_S51,42,-7.120823844783181,-34.82593992307239
DPB3,DPB3_T03_S52,42,-7.149809390360752,-34.82916581106422
DPB3,DPB3_T03_S53,42,-7.149809390360752,-34.82916581106422
DPB3,DPB3_T03_S54,42,-7.134469314561158,-34.82606648044741
DPB3,DPB3_T03_S55,42,-7.134469314561158,-34.82606648044741
DPB3,DPB3_T03_S56,42,-7.122496748330193,-34.834826350594234
DPB3,DPB3_T03_S57,42,-7.154958339756725,-34.82034250088768
DPB3,DPB3_T03_S58,42,-7.120823844783181,-34.82593992307239
DPB3,DPB3_T03_S59,42,-7.146354878143728,-34.84096226828607
DPB3,DPB3_T03_S60,42,-7.155000819033228,-34.80851530848412
DPB3,DPB3_T03_S61,42,-7.122474789976797,-34.84074027945386
DPB3,DPB3_T03_S62,42,-7.122496748330193,-34.834826350594234
DPB3,DPB3_T03_S63,42,-7.124169542728818,-34.84371316399138
DPB3,DPB3_T03_S64,42,-7.160127978917522,-34.80560591604135
DPB3,DPB3_T03_S65,42,-7.1446383207073,-34.84390352741612
DPB3,DPB3_T03_S66,42,-7.1207800357113475,-34.83776744752755
DPB3,DPB3_T03_S67,42,-7.1378589895334486,-34.832011952180885
DPB3,DPB3_T03_S68,42,-7.146376530880696,-34.83504813577068
DPB3,DPB3_T03_S69,42,-7.154936986144281,-34.826256325718276
DPB3,DPB3_T03_S70,42,-7.122452755951693,-34.846654360264466
DPB3,DPB3_T03_S71,42,-7.1532634061210185,-34.81736984656557
DPB3,DPB3_T03_S72,42,-7.141313471613407,-34.82021605251708
DPB3,DPB3_T03_S73,42,-7.148071390321598,-34.83802103267456
DPB3,DPB3_T03_S74,42,-7.127646615082824,-34.82600320114604
DPB3,DPB3_T03_S75,42,-7.139618589832389,-34.81724345699237
DPB3,DPB3_T03_S76,42,-7.148092983265556,-34.83210696163538
DPB3,DPB3_T03_S77,42,-7.134382092384445,-34.849722602890125
DPB3,DPB3_T03_S78,42,-7.125908199040668,-34.83485803326879
DPB3,DPB3_T03_S79,42,-7.142943490302612,-34.840930554672795
DPB3,DPB3_T03_S80,42,-7.1327092199837745,-34.84083541567892
DPB3,DPB3_T03_S81,42,-7.149787857225749,-34.8350798205968
DPB3,DPB3_T03_S82,42,-7.1413349243558,-34.81430249643353
DPB3,DPB3_T03_S83,42,-7.124147492670672,-34.8496273352794
DPB3,DPB3_T03_S84,42,-7.134469314561158,-34.82606648044741
DPB3,DPB3_T03_S85,42,-7.129275814253479,-34.84671784229444
DPB3,DPB3_T03_S86,42,-7.125886284348828,-34.840771991221246
DPB3,DPB3_T03_S87,42,-7.161844008625327,-34.80266499262475
DPB3,DPB3_T03_S88,42,-7.134490930640547,-34.82015283017181
DPB3,DPB3_T03_S89,42,-7.144703230567812,-34.82616140170155
DPB3,DPB3_T03_S90,42,-7.153326962853272,-34.79962955935005
DPB3,DPB3_T03_S91,42,-7.1566532718019555,-34.823315207927735
DPB3,DPB3_T03_S92,42,-7.144660033221325,-34.837989333454885
DPB3,DPB3_T04_S01,42,-7.1717773482053815,-34.88556259620127
DPB3,DPB3_T04_S02,42,-7.1717773482053815,-34.88556259620127
DPB3,DPB3_T04_S03,42,-7.1717773482053815,-34.88556259620127
DPB3,DPB3_T04_S04,42,-7.1717773482053815,-34.88556259620127
DPB3,DPB3_T04_S05,42,-7.1717773482053815,-34.88556259620127
DPB3,DPB3_T04_S06,42,-7.124013602509743,-34.88511554599338
DPB3,DPB3_T04_S07,42,-7.1717773482053815,-34.88556259620127
DPB3,DPB3_T04_S08,42,-7.113890477319319,-34.85544630621706
DPB3,DPB3_T04_S09,42,-7.124013602509743,-34.88511554599338
DPB3,DPB3_T04_S10,42,-7.1717773482053815,-34.88556259620127
DPB3,DPB3_T04_S11,42,-7.113890477319319,-34.85544630621706
DPB3,DPB3_T04_S12,42,-7.124013602509743,-34.88511554599338
DPB3,DPB3_T04_S13,42,-7.1717773482053815,-34.88556259620127
DPB3,DPB3_T04_S14,42,-7.124013602509743,-34.88511554599338
DPB3,DPB3_T04_S15,42,-7.127242999190172,-34.93247377752683
DPB3,DPB3_T04_S16,42,-7.154763421180508,-34.873572395594614
DPB3,DPB3_T04_S17,42,-7.1717773482053815,-34.88556259620127
DPB3,DPB3_T04_S18,42,-7.113890477319319,-34.85544630621706
DPB3,DPB3_T04_S19,42,-7.127514803526192,-34.861487946801574
DPB3,DPB3_T04_S20,42,-7.124013602509743,-34.88511554599338
DPB3,DPB3_T04_S21,42,-7.127242999190172,-34.93247377752683
DPB3,DPB3_T04_S22,42,-7.154763421180508,-34.873572395594614
DPB3,DPB3_T04_S23,42,-7.127514803526192,-34.861487946801574
DPB3,DPB3_T04_S24,42,-7.1717773482053815,-34.88556259620127
DPB3,DPB3_T04_S25,42,-7.113890477319319,-34.85544630621706
DPB3,DPB3_T04_S26,42,-7.124013602509743,-34.88511554599338
DPB3,DPB3_T04_S27,42,-7.129209519436782,-34.864461169802695
DPB3,DPB3_T04_S28,42,-7.129209519436782,-34.864461169802695
DPB3,DPB3_T04_S29,42,-7.129209519436782,-34.864461169802695
DPB3,DPB3_T04_S30,42,-7.127242999190172,-34.93247377752683
DPB3,DPB3_T04_S31,42,-7.151285367085268,-34.89128645978737
DPB3,DPB3_T04_S32,42,-7.158152991681056,-34.879519490260606
DPB3,DPB3_T04_S33,42,-7.154763421180508,-34.873572395594614
DPB3,DPB3_T04_S34,42,-7.1325766642787185,-34.87632269932746
DPB3,DPB3_T04_S35,42,-7.103610428298655,-34.86717970867885
DPB3,DPB3_T04_S36,42,-7.1717773482053815,-34.88556259620127
DPB3,DPB3_T04_S37,42,-7.150989417335585,-34.96820118268118
DPB3,DPB3_T04_S38,42,-7.124013602509743,-34.88511554599338
DPB3,DPB3_T04_S39,42,-7.140868482425907,-34.93851901326384
DPB3,DPB3_T04_S40,42,-7.1224306462497555,-34.85256859290588
DPB3,DPB3_T04_S41,42,-7.175033800888659,-34.927007370047406
DPB3,DPB3_T04_S42,42,-7.1224306462497555,-34.85256859290588
DPB3,DPB3_T04_S43,42,-7.129209519436782,-34.864461169802695
DPB3,DPB3_T04_S44,42,-7.127242999190172,-34.93247377752683
DPB3,DPB3_T04_S45,42,-7.158152991681056,-34.879519490260606
DPB3,DPB3_T04_S46,42,-7.151285367085268,-34.89128645978737
DPB3,DPB3_T04_S47,42,-7.1325766642787185,-34.87632269932746
DPB3,DPB3_T04_S48,42,-7.150989417335585,-34.96820118268118
DPB3,DPB3_T04_S49,42,-7.154763421180508,-34.873572395594614
DPB3,DPB3_T04_S50,42,-7.103610428298655,-34.86717970867885
DPB3,DPB3_T04_S51,42,-7.115585157575578,-34.858419380081905
DPB3,DPB3_T04_S52,42,-7.1717773482053815,-34.88556259620127
DPB3,DPB3_T04_S53,42,-7.124013602509743,-34.88511554599338
DPB3,DPB3_T04_S54,42,-7.140868482425907,-34.93851901326384
DPB3,DPB3_T04_S55,42,-7.151195674348817,-34.914949823809366
DPB3,DPB3_T04_S56,42,-7.175033800888659,-34.927007370047406
DPB3,DPB3_T04_S57,42,-7.120713754702873,-34.85550987398972
DPB3,DPB3_T04_S58,42,-7.127492569866652,-34.86740260213894
DPB3,DPB3_T04_S59,42,-7.118996818045203,-34.85845117851567
DPB3,DPB3_T04_S60,42,-7.13266533790838,-34.85266390369691
DPB3,DPB3_T04_S61,42,-7.115540385718411,-34.87024848705285
DPB3,DPB3_T04_S62,42,-7.137683074364258,-34.87932807191955
DPB3,DPB3_T04_S63,42,-7.118907145705688,-34.88211011423766
DPB3,DPB3_T04_S64,42,-7.132643283193508,-34.858578375335554
DPB3,DPB3_T04_S65,42,-7.113800695368958,-34.87910476460334
DPB3,DPB3_T04_S66,42,-7.117279836291924,-34.86139250646854
DPB3,DPB3_T04_S67,42,-7.118929677286725,-34.876195153343595
DPB3,DPB3_T04_S68,42,-7.123643231092945,-34.979777288666256
DPB3,DPB3_T04_S69,42,-7.125753206180981,-34.876258925716854
DPB3,DPB3_T04_S70,42,-7.1372931307700735,-34.97990687389186
DPB3,DPB3_T04_S71,42,-7.1443944724753665,-34.90896965968378
DPB3,DPB3_T04_S72,42,-7.13926528656909,-34.91187955139342
DPB3,DPB3_T04_S73,42,-7.163170747157095,-34.90618790183589
DPB3,DPB3_T04_S74,42,-7.127149972488011,-34.95614053417117
DPB3,DPB3_T04_S75,42,-7.11547266071335,-34.887993282321084
DPB3,DPB3_T04_S76,42,-7.134293657386261,-34.873381153709076
DPB3,DPB3_T04_S77,42,-7.125594502198537,-34.91766722845416
DPB3,DPB3_T04_S78,42,-7.1190190469868,-34.85253682325861
DPB3,DPB3_T04_S79,42,-7.1053050376115126,-34.87015291903038
DPB3,DPB3_T04_S80,42,-7.124036106825424,-34.87920046588202
DPB3,DPB3_T04_S81,42,-7.151173061097803,-34.92086604125125
DPB3,DPB3_T04_S82,42,-7.1222282526323575,-34.90580349922747
DPB3,DPB3_T04_S83,42,-7.127242999190172,-34.93247377752683
DPB3,DPB3_T04_S84,42,-7.158152991681056,-34.879519490260606
DPB3,DPB3_T04_S85,42,-7.173383749975757,-34.91220019038246
DPB3,DPB3_T04_S86,42,-7.12057914953704,-34.89099881822046
DPB3,DPB3_T04_S87,42,-7.1580642538106245,-34.90318188058089
DPB3,DPB3_T04_S88,42,-7.127031983059607,-34.98572734519296
DPB3,DPB3_T04_S89,42,-7.120669189037,-34.86733891674871
DPB3,DPB3_T04_S90,42,-7.166714733715508,-34.870726368887496
DPB3,DPB3_T04_S91,42,-7.151285367085268,-34.89128645978737
DPB3,DPB3_T04_S92,42,-7.150989417335585,-34.96820118268118
DPB3,DPB3_T05_S01,42,-7.175382846040479,-34.832360333699675
DPB3,DPB3_T05_S02,42,-7.180382143928745,-34.864938633691054
DPB3,DPB3_T05_S03,42,-7.175382846040479,-34.832360333699675
DPB3,DPB3_T05_S04,42,-7.180382143928745,-34.864938633691054
DPB3,DPB3_T05_S05,42,-7.175382846040479,-34.832360333699675
DPB3,DPB3_T05_S06,42,-7.180382143928745,-34.864938633691054
DPB3,DPB3_T05_S07,42,-7.185488427307836,-34.86794397784854
DPB3,DPB3_T05_S08,42,-7.175382846040479,-34.832360333699675
DPB3,DPB3_T05_S09,42,-7.216273955406848,-34.8445698866711
DPB3,DPB3_T05_S10,42,-7.1855739460835215,-34.844284287509254
DPB3,DPB3_T05_S11,42,-7.180382143928745,-34.864938633691054
DPB3,DPB3_T05_S12,42,-7.185488427307836,-34.86794397784854
DPB3,DPB3_T05_S13,42,-7.175382846040479,-34.832360333699675
DPB3,DPB3_T05_S14,42,-7.216273955406848,-34.8445698866711
DPB3,DPB3_T05_S15,42,-7.1855739460835215,-34.844284287509254
DPB3,DPB3_T05_S16,42,-7.180382143928745,-34.864938633691054
DPB3,DPB3_T05_S17,42,-7.185488427307836,-34.86794397784854
DPB3,DPB3_T05_S18,42,-7.175382846040479,-34.832360333699675
DPB3,DPB3_T05_S19,42,-7.200871319303329,-34.85921443347914
DPB3,DPB3_T05_S20,42,-7.216273955406848,-34.8445698866711
DPB3,DPB3_T05_S21,42,-7.1855739460835215,-34.844284287509254
DPB3,DPB3_T05_S22,42,-7.180382143928745,-34.864938633691054
DPB3,DPB3_T05_S23,42,-7.185488427307836,-34.86794397784854
DPB3,DPB3_T05_S24,42,-7.175382846040479,-34.832360333699675
DPB3,DPB3_T05_S25,42,-7.200871319303329,-34.85921443347914
DPB3,DPB3_T05_S26,42,-7.216273955406848,-34.8445698866711
DPB3,DPB3_T05_S27,42,-7.1855739460835215,-34.844284287509254
DPB3,DPB3_T05_S28,42,-7.180382143928745,-34.864938633691054
DPB3,DPB3_T05_S29,42,-7.185488427307836,-34.86794397784854
DPB3,DPB3_T05_S30,42,-7.175382846040479,-34.832360333699675
DPB3,DPB3_T05_S31,42,-7.200871319303329,-34.85921443347914
DPB3,DPB3_T05_S32,42,-7.216273955406848,-34.8445698866711
DPB3,DPB3_T05_S33,42,-7.195722450182132,-34.86803952400744
DPB3,DPB3_T05_S34,42,-7.1855739460835215,-34.844284287509254
DPB3,DPB3_T05_S35,42,-7.180382143928745,-34.864938633691054
DPB3,DPB3_T05_S36,42,-7.185488427307836,-34.86794397784854
DPB3,DPB3_T05_S37,42,-7.175382846040479,-34.832360333699675
DPB3,DPB3_T05_S38,42,-7.200871319303329,-34.85921443347914
DPB3,DPB3_T05_S39,42,-7.195722450182132,-34.86803952400744
DPB3,DPB3_T05_S40,42,-7.216273955406848,-34.8445698866711
DPB3,DPB3_T05_S41,42,-7.1855739460835215,-34.844284287509254
DPB3,DPB3_T05_S42,42,-7.180382143928745,-34.864938633691054
DPB3,DPB3_T05_S43,42,-7.185488427307836,-34.86794397784854
DPB3,DPB3_T05_S44,42,-7.175382846040479,-34.832360333699675
DPB3,DPB3_T05_S45,42,-7.200871319303329,-34.85921443347914
DPB3,DPB3_T05_S46,42,-7.195722450182132,-34.86803952400744
DPB3,DPB3_T05_S47,42,-7.216273955406848,-34.8445698866711
DPB3,DPB3_T05_S48,42,-7.195657900347552,-34.88578614407597
DPB3,DPB3_T05_S49,42,-7.1855739460835215,-34.844284287509254
DPB3,DPB3_T05_S50,42,-7.153134241474613,-34.852854533600784
DPB3,DPB3_T05_S51,42,-7.1531991657081155,-34.83511150573031
DPB3,DPB3_T05_S52,42,-7.180382143928745,-34.864938633691054
DPB3,DPB3_T05_S53,42,-7.163411549278344,-34.84112084096746
DPB3,DPB3_T05_S54,42,-7.185488427307836,-34.86794397784854
DPB3,DPB3_T05_S55,42,-7.175382846040479,-34.832360333699675
DPB3,DPB3_T05_S56,42,-7.146333149491188,-34.8468765527581
DPB3,DPB3_T05_S57,42,-7.200871319303329,-34.85921443347914
DPB3,DPB3_T05_S58,42,-7.151482729570861,-34.838052732201746
DPB3,DPB3_T05_S59,42,-7.153177600283913,-34.8410256964356
DPB3,DPB3_T05_S60,42,-7.195722450182132,-34.86803952400744
DPB3,DPB3_T05_S61,42,-7.148049721447232,-34.84393525573086
DPB3,DPB3_T05_S62,42,-7.216273955406848,-34.8445698866711
DPB3,DPB3_T05_S63,42,-7.156545662931758,-34.852886306330234
DPB3,DPB3_T05_S64,42,-7.195657900347552,-34.88578614407597
DPB3,DPB3_T05_S65,42,-7.149766248145511,-34.840993982207
DPB3,DPB3_T05_S66,42,-7.1855739460835215,-34.844284287509254
DPB3,DPB3_T05_S67,42,-7.163411549278344,-34.84112084096746
DPB3,DPB3_T05_S68,42,-7.154894050945065,-34.83808443203646
DPB3,DPB3_T05_S69,42,-7.180382143928745,-34.864938633691054
DPB3,DPB3_T05_S70,42,-7.156545662931758,-34.852886306330234
DPB3,DPB3_T05_S71,42,-7.151461104335457,-34.8439669843534
DPB3,DPB3_T05_S72,42,-7.1583695121101165,-34.82037411374704
DPB3,DPB3_T05_S73,42,-7.154915556542124,-34.83217030280792
DPB3,DPB3_T05_S74,42,-7.219726404755821,-34.83277210524859
DPB3,DPB3_T05_S75,42,-7.151439403129651,-34.849881388402835
DPB3,DPB3_T05_S76,42,-7.185488427307836,-34.86794397784854
DPB3,DPB3_T05_S77,42,-7.161673575251836,-34.84997666340755
DPB3,DPB3_T05_S78,42,-7.149722802128652,-34.85282276117957
DPB3,DPB3_T05_S79,42,-7.1684313604577286,-34.86778474043003
DPB3,DPB3_T05_S80,42,-7.175382846040479,-34.832360333699675
DPB3,DPB3_T05_S81,42,-7.1650633271829465,-34.85592309457637
DPB3,DPB3_T05_S82,42,-7.171864478086448,-34.861901553676915
DPB3,DPB3_T05_S83,42,-7.153155958874465,-34.84694003909915
DPB3,DPB3_T05_S84,42,-7.1684962669637455,-34.85004018161789
DPB3,DPB3_T05_S85,42,-7.15661045630375,-34.83514319117121
DPB3,DPB3_T05_S86,42,-7.16508493009411,-34.85000842235867
DPB3,DPB3_T05_S87,42,-7.17542510458024,-34.82053218264425
DPB3,DPB3_T05_S88,42,-7.200871319303329,-34.85921443347914
DPB3,DPB3_T05_S89,42,-7.176992326108484,-34.85899179909019
DPB3,DPB3_T05_S90,42,-7.177035226977518,-34.847162250993684
DPB3,DPB3_T05_S91,42,-7.190658888327675,-34.85320405057881
DRJ3,DRJ3_T01_S01,42,-22.91307299580994,-43.18379822657342
DRJ3,DRJ3_T01_S02,42,-22.910120055489347,-43.17758039721316
DRJ3,DRJ3_T01_S03,42,-22.911448546390183,-43.18683320270074
DRJ3,DRJ3_T01_S04,42,-22.911448546390183,-43.18683320270074
DRJ3,DRJ3_T01_S05,42,-22.903918024160166,-43.177432588549
DRJ3,DRJ3_T01_S06,42,-22.907019095673267,-43.17750649252146
DRJ3,DRJ3_T01_S07,42,-22.907019095673267,-43.17750649252146
DRJ3,DRJ3_T01_S08,42,-22.80077891946774,-43.20570814335364
DRJ3,DRJ3_T01_S09,42,-22.89919229211966,-43.1803936326158
DRJ3,DRJ3_T01_S10,42,-22.90554243430387,-43.17439760490264
DRJ3,DRJ3_T01_S11,42,-22.902293529146164,-43.18046755037104
DRJ3,DRJ3_T01_S12,42,-22.811570541773353,-43.20903865764877
DRJ3,DRJ3_T01_S13,42,-22.908643451972136,-43.17447149437232
DRJ3,DRJ3_T01_S14,42,-22.816301457502504,-43.20607829453251
DRJ3,DRJ3_T01_S15,42,-22.91026772337799,-43.171436474415025
DRJ3,DRJ3_T01_S16,42,-22.90982401209815,-43.18986815695084
DRJ3,DRJ3_T01_S17,42,-22.808466091894118,-43.208964612200084
DRJ3,DRJ3_T01_S18,42,-22.808614922028625,-43.20282181388116
DRJ3,DRJ3_T01_S19,42,-22.803883649683677,-43.20578217214892
DRJ3,DRJ3_T01_S20,42,-22.90377012844728,-43.18357642332806
DRJ3,DRJ3_T01_S21,42,-22.79944947487309,-43.196457032634854
DRJ3,DRJ3_T01_S22,42,-22.817927950163224,-43.203043863269336
DRJ3,DRJ3_T01_S23,42,-22.90819939294655,-43.19290308930693
DRJ3,DRJ3_T01_S24,42,-22.80536153070447,-43.208890567471784
DRJ3,DRJ3_T01_S25,42,-22.810686225258273,-43.18135874697824
DRJ3,DRJ3_T01_S26,42,-22.808763517204184,-43.19667898641937
DRJ3,DRJ3_T01_S27,42,-22.823398554855167,-43.1693682470955
DRJ3,DRJ3_T01_S28,42,-22.796195992888226,-43.202525758111825
DRJ3,DRJ3_T01_S29,42,-22.799152074442976,-43.208742480176284
DRJ3,DRJ3_T01_S30,42,-22.813345891403568,-43.199861405387516
DRJ3,DRJ3_T01_S31,42,-22.816152499459182,-43.21222115249037
DRJ3,DRJ3_T01_S32,42,-22.900816840962193,-43.17735868529577
DRJ3,DRJ3_T01_S33,42,-22.81349437527482,-43.193718518843475
DRJ3,DRJ3_T01_S34,42,-22.79811946779049,-43.18720590141746
DRJ3,DRJ3_T01_S35,42,-22.813048218658206,-43.2121470911086
DRJ3,DRJ3_T01_S36,42,-22.89579470064131,-43.19260717907998
DRJ3,DRJ3_T01_S37,42,-22.812016339689794,-43.1906100862802
DRJ3,DRJ3_T01_S38,42,-22.86875896355164,-43.219623639830814
DRJ3,DRJ3_T01_S39,42,-22.813790637979892,-43.181432659093495
DRJ3,DRJ3_T01_S40,42,-22.80137231923231,-43.18113701494753
DRJ3,DRJ3_T01_S41,42,-22.81497232222256,-43.19682695920827
DRJ3,DRJ3_T01_S42,42,-22.799300892096642,-43.20259977097402
DRJ3,DRJ3_T01_S43,42,-22.909972151727118,-43.18372429143879
DRJ3,DRJ3_T01_S44,42,-22.79220516222713,-43.17477252446569
DRJ3,DRJ3_T02_S01,42,-22.88983200330994,-43.30925761402353
DRJ3,DRJ3_T02_S02,42,-22.88983200330994,-43.30925761402353
DRJ3,DRJ3_T02_S03,42,-22.88983200330994,-43.30925761402353
DRJ3,DRJ3_T02_S04,42,-22.88983200330994,-43.30925761402353
DRJ3,DRJ3_T02_S05,42,-22.88983200330994,-43.30925761402353
DRJ3,DRJ3_T02_S06,42,-22.88983200330994,-43.30925761402353
DRJ3,DRJ3_T02_S07,42,-22.88983200330994,-43.30925761402353
DRJ3,DRJ3_T02_S08,42,-22.887898470649603,-43.32457795402507
DRJ3,DRJ3_T02_S09,42,-22.841517100799322,-43.317316258002336
DRJ3,DRJ3_T02_S10,42,-22.84935115357995,-43.31443135616942
DRJ3,DRJ3_T02_S11,42,-22.88896661702721,-43.28157615061226
DRJ3,DRJ3_T02_S12,42,-22.885865059360988,-43.28150174523544
DRJ3,DRJ3_T02_S13,42,-22.8967958828389,-43.278690514101754
DRJ3,DRJ3_T02_S14,42,-22.88983200330994,-43.30925761402353
DRJ3,DRJ3_T02_S15,42,-22.890593209583024,-43.278541730143154
DRJ3,DRJ3_T02_S16,42,-22.888814731402906,-43.28771935938883
DRJ3,DRJ3_T02_S17,42,-22.89044143951611,-43.284684969261114
DRJ3,DRJ3_T02_S18,42,-22.89369460203475,-43.27861612176065
DRJ3,DRJ3_T02_S19,42,-22.89516939746016,-43.281724963537066
DRJ3,DRJ3_T02_S20,42,-22.898270620202574,-43.28179937108508
DRJ3,DRJ3_T02_S21,42,-22.890289433848093,-43.290828177349134
DRJ3,DRJ3_T02_S22,42,-22.900048599781886,-43.27262154808482
DRJ3,DRJ3_T02_S23,42,-22.896644103823956,-43.28483381259859
DRJ3,DRJ3_T02_S24,42,-22.828950408652158,-43.32316042824145
DRJ3,DRJ3_T02_S25,42,-22.887898470649603,-43.32457795402507
DRJ3,DRJ3_T02_S26,42,-22.893542827493587,-43.28475939056791
DRJ3,DRJ3_T02_S27,42,-22.846401110043214,-43.308214129521026
DRJ3,DRJ3_T02_S28,42,-22.891764047228587,-43.29393700254082
DRJ3,DRJ3_T02_S29,42,-22.841517100799322,-43.317316258002336
DRJ3,DRJ3_T02_S30,42,-22.89221971755836,-43.27550728728763
DRJ3,DRJ3_T02_S31,42,-22.887339939903672,-43.284610548678174
DRJ3,DRJ3_T02_S32,42,-22.84935115357995,-43.31443135616942
DRJ3,DRJ3_T02_S33,42,-22.843450710646152,-43.30199693138451
DRJ3,DRJ3_T02_S34,42,-22.841670094858042,-43.31117365127232
DRJ3,DRJ3_T02_S35,42,-22.83663233264349,-43.3264181830953
DRJ3,DRJ3_T02_S36,42,-22.82274300876413,-43.323011230235394
DRJ3,DRJ3_T02_S37,42,-22.88718793873749,-43.290753727079164
DRJ3,DRJ3_T02_S38,42,-22.849504041607968,-43.30828865941695
DRJ3,DRJ3_T02_S39,42,-22.83398826928115,-43.307916017184965
DRJ3,DRJ3_T02_S40,42,-22.82910361921433,-43.31701797197115
DRJ3,DRJ3_T02_S41,42,-22.84136387160077,-43.32345883295828
DRJ3,DRJ3_T02_S42,42,-22.838719641272814,-43.30495649966335
DRJ3,DRJ3_T02_S43,42,-22.831900491238233,-43.329377482364904
DRJ3,DRJ3_T02_S44,42,-22.83531058284494,-43.317167113536456
DRJ3,DRJ3_T03_S01,42,-22.914531129000714,-43.2514537264376
DRJ3,DRJ3_T03_S02,42,-22.914531129000714,-43.2514537264376
DRJ3,DRJ3_T03_S03,42,-22.912180595562443,-43.22066116230449
DRJ3,DRJ3_T03_S04,42,-22.912180595562443,-43.22066116230449
DRJ3,DRJ3_T03_S05,42,-22.914531129000714,-43.2514537264376
DRJ3,DRJ3_T03_S06,42,-22.914681635559567,-43.24531009641666
DRJ3,DRJ3_T03_S07,42,-22.913356618607555,-43.236057500634764
DRJ3,DRJ3_T03_S08,42,-22.911731211339482,-43.239092232987026
DRJ3,DRJ3_T03_S09,42,-22.88439008978551,-43.278392949078935
DRJ3,DRJ3_T03_S10,42,-22.902877802350137,-43.2204388241625
DRJ3,DRJ3_T03_S11,42,-22.910704889798755,-43.21755224184123
DRJ3,DRJ3_T03_S12,42,-22.91483190626724,-43.23916643626744
DRJ3,DRJ3_T03_S13,42,-22.91483190626724,-43.23916643626744
DRJ3,DRJ3_T03_S14,42,-22.905978845119144,-43.220512936155394
DRJ3,DRJ3_T03_S15,42,-22.91320646796881,-43.242201160942656
DRJ3,DRJ3_T03_S16,42,-22.89074474404161,-43.27239846013627
DRJ3,DRJ3_T03_S17,42,-22.836376539212388,-43.27416862258113
DRJ3,DRJ3_T03_S18,42,-22.88439008978551,-43.278392949078935
DRJ3,DRJ3_T03_S19,42,-22.91320646796881,-43.242201160942656
DRJ3,DRJ3_T03_S20,42,-22.903602904059884,-43.25426556188824
DRJ3,DRJ3_T03_S21,42,-22.89384614094044,-43.27247282206245
DRJ3,DRJ3_T03_S22,42,-22.91158094492682,-43.24523586343216
DRJ3,DRJ3_T03_S23,42,-22.908630404694506,-43.23901803042853
DRJ3,DRJ3_T03_S24,42,-22.83785246762373,-43.277277183346804
DRJ3,DRJ3_T03_S25,42,-22.896947426191243,-43.27254718471196
DRJ3,DRJ3_T03_S26,42,-22.893574003999476,-43.22021649251038
DRJ3,DRJ3_T03_S27,42,-22.90507800557803,-43.25737445119748
DRJ3,DRJ3_T03_S28,42,-22.903753513364837,-43.248122050936914
DRJ3,DRJ3_T03_S29,42,-22.89962710585961,-43.226508314030795
DRJ3,DRJ3_T03_S30,42,-22.85234553520255,-43.25611161576276
DRJ3,DRJ3_T03_S31,42,-22.842734468740087,-43.26817452632902
DRJ3,DRJ3_T03_S32,42,-22.901401922749162,-43.21732994934724
DRJ3,DRJ3_T03_S33,42,-22.861653608152892,-43.256334453900195
DRJ3,DRJ3_T03_S34,42,-22.892371136426906,-43.26936398704303
DRJ3,DRJ3_T03_S35,42,-22.849091734989358,-43.262180283566494
DRJ3,DRJ3_T03_S36,42,-22.911881241921016,-43.23294857255666
DRJ3,DRJ3_T03_S37,42,-22.850416429926085,-43.27143182091481
DRJ3,DRJ3_T03_S38,42,-22.818622318509505,-43.30140096151452
DRJ3,DRJ3_T03_S39,42,-22.845837596842554,-43.268248862200466
DRJ3,DRJ3_T03_S40,42,-22.842885581417868,-43.26203167048122
DRJ3,DRJ3_T03_S41,42,-22.8551463123451,-43.26847187415311
DRJ3,DRJ3_T03_S42,42,-22.83932830715724,-43.28038575142248
DRJ3,DRJ3_T03_S43,42,-22.849393272211195,-43.2498943617226
DRJ3,DRJ3_T03_S44,42,-22.886016704932803,-43.27535853519037
DRJ3,DRJ3_T04_S01,42,-22.88525635579447,-43.42900429245877
DRJ3,DRJ3_T04_S02,42,-22.883205452953085,-43.56723813967818
DRJ3,DRJ3_T04_S03,42,-22.88525635579447,-43.42900429245877
DRJ3,DRJ3_T04_S04,42,-22.883205452953085,-43.56723813967818
DRJ3,DRJ3_T04_S05,42,-22.88525635579447,-43.42900429245877
DRJ3,DRJ3_T04_S06,42,-22.883205452953085,-43.56723813967818
DRJ3,DRJ3_T04_S07,42,-22.887669297624168,-43.395257830645406
DRJ3,DRJ3_T04_S08,42,-22.88525635579447,-43.42900429245877
DRJ3,DRJ3_T04_S09,42,-22.887669297624168,-43.395257830645406
DRJ3,DRJ3_T04_S10,42,-22.883205452953085,-43.56723813967818
DRJ3,DRJ3_T04_S11,42,-22.88525635579447,-43.42900429245877
DRJ3,DRJ3_T04_S12,42,-22.887669297624168,-43.395257830645406
DRJ3,DRJ3_T04_S13,42,-22.883205452953085,-43.56723813967818
DRJ3,DRJ3_T04_S14,42,-22.88525635579447,-43.42900429245877
DRJ3,DRJ3_T04_S15,42,-22.887669297624168,-43.395257830645406
DRJ3,DRJ3_T04_S16,42,-22.883205452953085,-43.56723813967818
DRJ3,DRJ3_T04_S17,42,-22.918943331107297,-43.56503871097753
DRJ3,DRJ3_T04_S18,42,-22.88525635579447,-43.42900429245877
DRJ3,DRJ3_T04_S19,42,-22.887669297624168,-43.395257830645406
DRJ3,DRJ3_T04_S20,42,-22.918943331107297,-43.56503871097753
DRJ3,DRJ3_T04_S21,42,-22.883205452953085,-43.56723813967818
DRJ3,DRJ3_T04_S22,42,-22.88525635579447,-43.42900429245877
DRJ3,DRJ3_T04_S23,42,-22.917205223493035,-43.39289846989445
DRJ3,DRJ3_T04_S24,42,-22.887669297624168,-43.395257830645406
DRJ3,DRJ3_T04_S25,42,-22.918943331107297,-43.56503871097753
DRJ3,DRJ3_T04_S26,42,-22.883205452953085,-43.56723813967818
DRJ3,DRJ3_T04_S27,42,-22.88525635579447,-43.42900429245877
DRJ3,DRJ3_T04_S28,42,-22.917205223493035,-43.39289846989445
DRJ3,DRJ3_T04_S29,42,-22.889081718409386,-43.57967304745227
DRJ3,DRJ3_T04_S30,42,-22.887669297624168,-43.395257830645406
DRJ3,DRJ3_T04_S31,42,-22.918943331107297,-43.56503871097753
DRJ3,DRJ3_T04_S32,42,-22.883205452953085,-43.56723813967818
DRJ3,DRJ3_T04_S33,42,-22.88525635579447,-43.42900429245877
DRJ3,DRJ3_T04_S34,42,-22.889081718409386,-43.57967304745227
DRJ3,DRJ3_T04_S35,42,-22.883692546859344,-43.54881303010855
DRJ3,DRJ3_T04_S36,42,-22.887669297624168,-43.395257830645406
DRJ3,DRJ3_T04_S37,42,-22.909805577575558,-43.558669443830325
DRJ3,DRJ3_T04_S38,42,-22.89609655669363,-43.54911581858849
DRJ3,DRJ3_T04_S39,42,-22.876343392789146,-43.533269465171614
DRJ3,DRJ3_T04_S40,42,-22.883153246127147,-43.45046501285786
DRJ3,DRJ3_T04_S41,42,-22.918364474480377,-43.40829322731146
DRJ3,DRJ3_T04_S42,42,-22.906379968064552,-43.57087747352787
DRJ3,DRJ3_T04_S43,42,-22.879451459745724,-43.591728524190955
DRJ3,DRJ3_T04_S44,42,-22.88546044039291,-43.48125146807041
DRJ3,DRJ3_T05_S01,42,-22.922710335485313,-43.359223969637355
DRJ3,DRJ3_T05_S02,42,-22.922710335485313,-43.359223969637355
DRJ3,DRJ3_T05_S03,42,-22.922710335485313,-43.359223969637355
DRJ3,DRJ3_T05_S04,42,-22.922710335485313,-43.359223969637355
DRJ3,DRJ3_T05_S05,42,-22.922710335485313,-43.359223969637355
DRJ3,DRJ3_T05_S06,42,-22.862158628449006,-43.3608370896916
DRJ3,DRJ3_T05_S07,42,-22.93348278685763,-43.36255735332414
DRJ3,DRJ3_T05_S08,42,-22.91472718954882,-43.368251612262426
DRJ3,DRJ3_T05_S09,42,-22.922710335485313,-43.359223969637355
DRJ3,DRJ3_T05_S10,42,-22.888446991603402,-43.3645442027478
DRJ3,DRJ3_T05_S11,42,-22.862158628449006,-43.3608370896916
DRJ3,DRJ3_T05_S12,42,-22.86626876790181,-43.38244822716329
DRJ3,DRJ3_T05_S13,42,-22.93348278685763,-43.36255735332414
DRJ3,DRJ3_T05_S14,42,-22.91472718954882,-43.368251612262426
DRJ3,DRJ3_T05_S15,42,-22.922710335485313,-43.359223969637355
DRJ3,DRJ3_T05_S16,42,-22.888446991603402,-43.3645442027478
DRJ3,DRJ3_T05_S17,42,-22.862158628449006,-43.3608370896916
DRJ3,DRJ3_T05_S18,42,-22.86138173132768,-43.391549540131805
DRJ3,DRJ3_T05_S19,42,-22.86626876790181,-43.38244822716329
DRJ3,DRJ3_T05_S20,42,-22.925345060833674,-43.37772819836877
DRJ3,DRJ3_T05_S21,42,-22.917205223493035,-43.39289846989445
DRJ3,DRJ3_T05_S22,42,-22.885190489671842,-43.37061215859913
DRJ3,DRJ3_T05_S23,42,-22.88077062444901,-43.36128581703063
DRJ3,DRJ3_T05_S24,42,-22.91472718954882,-43.368251612262426
DRJ3,DRJ3_T05_S25,42,-22.883562112193538,-43.37364610218576
DRJ3,DRJ3_T05_S26,42,-22.88580932861596,-43.34604091316693
DRJ3,DRJ3_T05_S27,42,-22.86510599292455,-43.36705446162495
DRJ3,DRJ3_T05_S28,42,-22.87355650108069,-43.33959927685009
DRJ3,DRJ3_T05_S29,42,-22.914260801603568,-43.38668059535435
DRJ3,DRJ3_T05_S30,42,-22.879760198538573,-43.33974864715361
DRJ3,DRJ3_T05_S31,42,-22.925033629678705,-43.39001432829966
DRJ3,DRJ3_T05_S32,42,-22.917516865801307,-43.38061252159662
DRJ3,DRJ3_T05_S33,42,-22.844005846262863,-43.34196105776896
DRJ3,DRJ3_T05_S34,42,-22.925500422691393,-43.37158508357918
DRJ3,DRJ3_T05_S35,42,-22.878987286603195,-43.37046248874708
DRJ3,DRJ3_T05_S36,42,-22.92844503795769,-43.37780307350757
DRJ3,DRJ3_T05_S37,42,-22.882398824699457,-43.35825182535553
DRJ3,DRJ3_T05_S38,42,-22.931389295817876,-43.384021090315244
DRJ3,DRJ3_T05_S39,42,-22.88666359968155,-43.37372095266887
DRJ3,DRJ3_T05_S40,42,-22.87425698011883,-43.373421555102574
DRJ3,DRJ3_T05_S41,42,-22.879606087029075,-43.34589148062166
DRJ3,DRJ3_T05_S42,42,-22.918833359789613,-43.389864461571364
DRJ3,DRJ3_T05_S43,42,-22.873402399066908,-43.34574205098234
DRJ3,DRJ3_T05_S44,42,-22.90805974460075,-43.38653076338153
DRJ3,DRJ3_T06_S01,42,-22.90594726281072,-43.28505708303391
DRJ3,DRJ3_T06_S02,42,-22.90594726281072,-43.28505708303391
DRJ3,DRJ3_T06_S03,42,-22.90594726281072,-43.28505708303391
DRJ3,DRJ3_T06_S04,42,-22.90594726281072,-43.28505708303391
DRJ3,DRJ3_T06_S05,42,-22.90594726281072,-43.28505708303391
DRJ3,DRJ3_T06_S06,42,-22.90594726281072,-43.28505708303391
DRJ3,DRJ3_T06_S07,42,-22.90594726281072,-43.28505708303391
DRJ3,DRJ3_T06_S08,42,-22.933637571161558,-43.35641408206004
DRJ3,DRJ3_T06_S09,42,-22.90594726281072,-43.28505708303391
DRJ3,DRJ3_T06_S10,42,-22.93572733795732,-43.33494971074735
DRJ3,DRJ3_T06_S11,42,-22.933637571161558,-43.35641408206004
DRJ3,DRJ3_T06_S12,42,-22.90594726281072,-43.28505708303391
DRJ3,DRJ3_T06_S13,42,-22.93572733795732,-43.33494971074735
DRJ3,DRJ3_T06_S14,42,-22.93735408273828,-43.33191532604413
DRJ3,DRJ3_T06_S15,42,-22.923530770698374,-43.263963866122616
DRJ3,DRJ3_T06_S16,42,-22.93735408273828,-43.33191532604413
DRJ3,DRJ3_T06_S17,42,-22.933637571161558,-43.35641408206004
DRJ3,DRJ3_T06_S18,42,-22.931154503863752,-43.33176601789339
DRJ3,DRJ3_T06_S19,42,-22.93262755086435,-43.3348750418338
DRJ3,DRJ3_T06_S20,42,-22.92205613756245,-43.26085488592231
DRJ3,DRJ3_T06_S21,42,-22.90594726281072,-43.28505708303391
DRJ3,DRJ3_T06_S22,42,-22.918955737128282,-43.260780576879206
DRJ3,DRJ3_T06_S23,42,-22.92515642623841,-43.26092919568831
DRJ3,DRJ3_T06_S24,42,-22.918804634388458,-43.266924175508464
DRJ3,DRJ3_T06_S25,42,-22.92043042833273,-43.26388954186888
DRJ3,DRJ3_T06_S26,42,-22.937200237420143,-43.3380587568614
DRJ3,DRJ3_T06_S27,42,-22.920279205457273,-43.27003314005163
DRJ3,DRJ3_T06_S28,42,-22.93100066794234,-43.33790938935892
DRJ3,DRJ3_T06_S29,42,-22.93379211955571,-43.35027077811517
DRJ3,DRJ3_T06_S30,42,-22.927592345433922,-43.350121293375004
DRJ3,DRJ3_T06_S31,42,-22.93278127117304,-43.32873163945492
DRJ3,DRJ3_T06_S32,42,-22.917329974215182,-43.26381521833816
DRJ3,DRJ3_T06_S33,42,-22.898118721115505,-43.287942668926945
DRJ3,DRJ3_T06_S34,42,-22.90711717351721,-43.30045266532481
DRJ3,DRJ3_T06_S35,42,-22.93425434920477,-43.33184067160577
DRJ3,DRJ3_T06_S36,42,-22.90137173127941,-43.28187377935683
DRJ3,DRJ3_T06_S37,42,-22.925005314721282,-43.26707285371331
DRJ3,DRJ3_T06_S38,42,-22.927900715505,-43.33783470669707
DRJ3,DRJ3_T06_S39,42,-22.934407953885227,-43.32569723834772
DRJ3,DRJ3_T06_S40,42,-22.90564297074019,-43.29734376490725
DRJ3,DRJ3_T06_S41,42,-22.92774664840471,-43.3439780162334
DRJ3,DRJ3_T06_S42,42,-22.901674831320587,-43.26958703153675
DRJ3,DRJ3_T06_S43,42,-22.896339838835093,-43.297120316349385
DRJ3,DRJ3_T06_S44,42,-22.929527651970137,-43.33480037364637
DRJ3,DRJ3_T07_S01,42,-22.930483760905393,-43.233393624828025
DRJ3,DRJ3_T07_S02,42,-22.916756862016207,-43.22384421978512
DRJ3,DRJ3_T07_S03,42,-22.92885870713893,-43.23642845179563
DRJ3,DRJ3_T07_S04,42,-22.92885870713893,-43.23642845179563
DRJ3,DRJ3_T07_S05,42,-22.92885870713893,-43.23642845179563
DRJ3,DRJ3_T07_S06,42,-22.92885870713893,-43.23642845179563
DRJ3,DRJ3_T07_S07,42,-22.92885870713893,-43.23642845179563
DRJ3,DRJ3_T07_S08,42,-22.919557789275558,-43.23620587893365
DRJ3,DRJ3_T07_S09,42,-22.91528130321244,-43.22073527646072
DRJ3,DRJ3_T07_S10,42,-22.91528130321244,-43.22073527646072
DRJ3,DRJ3_T07_S11,42,-22.91528130321244,-43.22073527646072
DRJ3,DRJ3_T07_S12,42,-22.925908444756846,-43.23021045106583
DRJ3,DRJ3_T07_S13,42,-22.925758512952456,-43.2363542601198
DRJ3,DRJ3_T07_S14,42,-22.925758512952456,-43.2363542601198
DRJ3,DRJ3_T07_S15,42,-22.925758512952456,-43.2363542601198
DRJ3,DRJ3_T07_S16,42,-22.913656212333315,-43.22377009041297
DRJ3,DRJ3_T07_S17,42,-22.921183004306425,-43.23317109544473
DRJ3,DRJ3_T07_S18,42,-22.921183004306425,-43.23317109544473
DRJ3,DRJ3_T07_S19,42,-22.916607178853994,-43.22998796949253
DRJ3,DRJ3_T07_S20,42,-22.922658206993965,-43.23628006916581
DRJ3,DRJ3_T07_S21,42,-22.922658206993965,-43.23628006916581
DRJ3,DRJ3_T07_S22,42,-22.922658206993965,-43.23628006916581
DRJ3,DRJ3_T07_S23,42,-22.91498194111664,-43.233022746131006
DRJ3,DRJ3_T07_S24,42,-22.924283368276313,-43.23324527118413
DRJ3,DRJ3_T07_S25,42,-22.924283368276313,-43.23324527118413
DRJ3,DRJ3_T07_S26,42,-22.924283368276313,-43.23324527118413
DRJ3,DRJ3_T07_S27,42,-22.921332811770736,-43.227027316045216
DRJ3,DRJ3_T07_S28,42,-22.91498194111664,-43.233022746131006
DRJ3,DRJ3_T07_S29,42,-22.924133320625817,-43.23938905044036
DRJ3,DRJ3_T07_S30,42,-22.921032960922545,-43.239314844994105
DRJ3,DRJ3_T07_S31,42,-22.915131740100723,-43.22687902614842
DRJ3,DRJ3_T07_S32,42,-22.91808252858249,-43.23309692042703
DRJ3,DRJ3_T07_S33,42,-22.916307104889402,-43.24227537943639
DRJ3,DRJ3_T07_S34,42,-22.924283368276313,-43.23324527118413
DRJ3,DRJ3_T07_S35,42,-22.919707712573846,-43.230062129295405
DRJ3,DRJ3_T07_S36,42,-22.919707712573846,-43.230062129295405
DRJ3,DRJ3_T07_S37,42,-22.927383620480004,-43.23331944764522
DRJ3,DRJ3_T07_S38,42,-22.921032960922545,-43.239314844994105
DRJ3,DRJ3_T07_S39,42,-22.917932489465645,-43.2392406402698
DRJ3,DRJ3_T07_S40,42,-22.922808134545512,-43.23013628981984
DRJ3,DRJ3_T07_S41,42,-22.916457259809388,-43.23613168942331
DRJ3,DRJ3_T07_S42,42,-22.919407630074772,-43.24234959865221
DRJ3,DRJ3_T07_S43,42,-22.915131740100723,-43.22687902614842
DRJ3,DRJ3_T07_S44,42,-22.919707712573846,-43.230062129295405
DRJ3,DRJ3_T08_S01,42,-22.960602028976055,-43.20644943232497
DRJ3,DRJ3_T08_S02,42,-22.920006851434813,-43.21777454082412
DRJ3,DRJ3_T08_S03,42,-22.924433179980102,-43.227101462075744
DRJ3,DRJ3_T08_S04,42,-22.921482383308426,-43.22088350693661
DRJ3,DRJ3_T08_S05,42,-22.921482383308426,-43.22088350693661
DRJ3,DRJ3_T08_S06,42,-22.921482383308426,-43.22088350693661
DRJ3,DRJ3_T08_S07,42,-22.959126921674613,-43.203340276415446
DRJ3,DRJ3_T08_S08,42,-22.959126921674613,-43.203340276415446
DRJ3,DRJ3_T08_S09,42,-22.92295782616041,-43.22399248069325
DRJ3,DRJ3_T08_S10,42,-22.92295782616041,-43.22399248069325
DRJ3,DRJ3_T08_S11,42,-22.92295782616041,-43.22399248069325
DRJ3,DRJ3_T08_S12,42,-22.92295782616041,-43.22399248069325
DRJ3,DRJ3_T08_S13,42,-22.91690630928898,-43.21770044044215
DRJ3,DRJ3_T08_S14,42,-22.91690630928898,-43.21770044044215
DRJ3,DRJ3_T08_S15,42,-22.918381899131813,-43.220809391338086
DRJ3,DRJ3_T08_S16,42,-22.918381899131813,-43.220809391338086
DRJ3,DRJ3_T08_S17,42,-22.918531230550222,-43.21466558237405
DRJ3,DRJ3_T08_S18,42,-22.924582755730157,-43.220957623256275
DRJ3,DRJ3_T08_S19,42,-22.924582755730157,-43.220957623256275
DRJ3,DRJ3_T08_S20,42,-22.96207704716516,-43.20955859596464
DRJ3,DRJ3_T08_S21,42,-22.91705552066531,-43.211556631604694
DRJ3,DRJ3_T08_S22,42,-22.91705552066531,-43.211556631604694
DRJ3,DRJ3_T08_S23,42,-22.919857399962613,-43.22391834987854
DRJ3,DRJ3_T08_S24,42,-22.919857399962613,-43.22391834987854
DRJ3,DRJ3_T08_S25,42,-22.919857399962613,-43.22391834987854
DRJ3,DRJ3_T08_S26,42,-22.92605814059746,-43.224066612229244
DRJ3,DRJ3_T08_S27,42,-22.92605814059746,-43.224066612229244
DRJ3,DRJ3_T08_S28,42,-22.919857399962613,-43.22391834987854
DRJ3,DRJ3_T08_S29,42,-22.961927893478173,-43.215702850381895
DRJ3,DRJ3_T08_S30,42,-22.92310728183162,-43.217848641927105
DRJ3,DRJ3_T08_S31,42,-22.927533436422863,-43.2271756088277
DRJ3,DRJ3_T08_S32,42,-22.921631718912497,-43.21473966825999
DRJ3,DRJ3_T08_S33,42,-22.92900864319573,-43.2302846130334
DRJ3,DRJ3_T08_S34,42,-22.92900864319573,-43.2302846130334
DRJ3,DRJ3_T08_S35,42,-22.913954862609867,-43.211482561656915
DRJ3,DRJ3_T08_S36,42,-22.913805655406247,-43.217626340781194
DRJ3,DRJ3_T08_S37,42,-22.912329918608293,-43.21451741276481
DRJ3,DRJ3_T08_S38,42,-22.920156066983445,-43.21163070227322
DRJ3,DRJ3_T08_S39,42,-22.96207704716516,-43.20955859596464
DRJ3,DRJ3_T08_S40,42,-22.961927893478173,-43.215702850381895
DRJ3,DRJ3_T08_S41,42,-22.912329918608293,-43.21451741276481
DRJ3,DRJ3_T08_S42,42,-22.920156066983445,-43.21163070227322
DRJ3,DRJ3_T08_S43,42,-22.933583789540364,-43.233467802732555
DRJ3,DRJ3_T08_S44,42,-22.912479005794918,-43.20837363380417
DRJ3,DRJ3_T09_S01,42,-22.930333704722965,-43.23953746349879
DRJ3,DRJ3_T09_S02,42,-22.93343372909259,-43.239611671110985
DRJ3,DRJ3_T09_S03,42,-22.931808613221474,-43.24264648273642
DRJ3,DRJ3_T09_S04,42,-22.931808613221474,-43.24264648273642
DRJ3,DRJ3_T09_S05,42,-22.93328343262383,-43.24575550949023
DRJ3,DRJ3_T09_S06,42,-22.93328343262383,-43.24575550949023
DRJ3,DRJ3_T09_S07,42,-22.93328343262383,-43.24575550949023
DRJ3,DRJ3_T09_S08,42,-22.92723356856333,-43.239463256608595
DRJ3,DRJ3_T09_S09,42,-22.92723356856333,-43.239463256608595
DRJ3,DRJ3_T09_S10,42,-22.92870853509828,-43.2425722606322
DRJ3,DRJ3_T09_S11,42,-22.934908579548832,-43.24272070556275
DRJ3,DRJ3_T09_S12,42,-22.934908579548832,-43.24272070556275
DRJ3,DRJ3_T09_S13,42,-22.931958789541234,-43.23650264419331
DRJ3,DRJ3_T09_S14,42,-22.92398303703568,-43.24553279970339
DRJ3,DRJ3_T09_S15,42,-22.923681762064852,-43.25782020768557
DRJ3,DRJ3_T09_S16,42,-22.92708328067989,-43.245607035576754
DRJ3,DRJ3_T09_S17,42,-22.92708328067989,-43.245607035576754
DRJ3,DRJ3_T09_S18,42,-22.926781997041108,-43.257894502963204
DRJ3,DRJ3_T09_S19,42,-22.93018341254666,-43.245681272172355
DRJ3,DRJ3_T09_S20,42,-22.93018341254666,-43.245681272172355
DRJ3,DRJ3_T09_S21,42,-22.92058141532412,-43.25774591313069
DRJ3,DRJ3_T09_S22,42,-22.925608345191343,-43.24249803925011
DRJ3,DRJ3_T09_S23,42,-22.925608345191343,-43.24249803925011
DRJ3,DRJ3_T09_S24,42,-22.923832517512995,-43.25167651883214
DRJ3,DRJ3_T09_S25,42,-22.926781997041108,-43.257894502963204
DRJ3,DRJ3_T09_S26,42,-22.925307301827203,-43.25478550717541
DRJ3,DRJ3_T09_S27,42,-22.919106603994035,-43.25463694776604
DRJ3,DRJ3_T09_S28,42,-22.936533641660095,-43.239685879445176
DRJ3,DRJ3_T09_S29,42,-22.936533641660095,-43.239685879445176
DRJ3,DRJ3_T09_S30,42,-22.93638334089931,-43.24582974753036
DRJ3,DRJ3_T09_S31,42,-22.92220700878993,-43.25471122710941
DRJ3,DRJ3_T09_S32,42,-22.92220700878993,-43.25471122710941
DRJ3,DRJ3_T09_S33,42,-22.92235764410909,-43.24856753795166
DRJ3,DRJ3_T09_S34,42,-22.931958789541234,-43.23650264419331
DRJ3,DRJ3_T09_S35,42,-22.93018341254666,-43.245681272172355
DRJ3,DRJ3_T09_S36,42,-22.917480956831046,-43.257671619298584
DRJ3,DRJ3_T09_S37,42,-22.92693275683679,-43.25175078440865
DRJ3,DRJ3_T09_S38,42,-22.917631703582824,-43.25152798984663
DRJ3,DRJ3_T09_S39,42,-22.92840748309374,-43.25485978796405
DRJ3,DRJ3_T09_S40,42,-22.928558127080848,-43.24871603940203
DRJ3,DRJ3_T09_S41,42,-22.937858013133418,-43.24893879699548
DRJ3,DRJ3_T09_S42,42,-22.920732166424298,-43.25160225397814
DRJ3,DRJ3_T09_S43,42,-22.92088268162614,-43.24545856455226
DRJ3,DRJ3_T09_S44,42,-22.93003288438356,-43.251825050707666
DRJ3,DRJ3_T10_S01,42,-22.934923711468432,-43.17817166064049
DRJ3,DRJ3_T10_S02,42,-22.92872346806846,-43.17802384046789
DRJ3,DRJ3_T10_S03,42,-22.93654758288189,-43.175136531960675
DRJ3,DRJ3_T10_S04,42,-22.93654758288189,-43.175136531960675
DRJ3,DRJ3_T10_S05,42,-22.93654758288189,-43.175136531960675
DRJ3,DRJ3_T10_S06,42,-22.93654758288189,-43.175136531960675
DRJ3,DRJ3_T10_S07,42,-22.930347447278045,-43.17498874079579
DRJ3,DRJ3_T10_S08,42,-22.930347447278045,-43.17498874079579
DRJ3,DRJ3_T10_S09,42,-22.930347447278045,-43.17498874079579
DRJ3,DRJ3_T10_S10,42,-22.930347447278045,-43.17498874079579
DRJ3,DRJ3_T10_S11,42,-22.930347447278045,-43.17498874079579
DRJ3,DRJ3_T10_S12,42,-22.930347447278045,-43.17498874079579
DRJ3,DRJ3_T10_S13,42,-22.930347447278045,-43.17498874079579
DRJ3,DRJ3_T10_S14,42,-22.933447570980142,-43.17506263601864
DRJ3,DRJ3_T10_S15,42,-22.933447570980142,-43.17506263601864
DRJ3,DRJ3_T10_S16,42,-22.933447570980142,-43.17506263601864
DRJ3,DRJ3_T10_S17,42,-22.933447570980142,-43.17506263601864
DRJ3,DRJ3_T10_S18,42,-22.933447570980142,-43.17506263601864
DRJ3,DRJ3_T10_S19,42,-22.933447570980142,-43.17506263601864
DRJ3,DRJ3_T10_S20,42,-22.92562317868945,-43.17794993146056
DRJ3,DRJ3_T10_S21,42,-22.927247211787734,-43.174914846292126
DRJ3,DRJ3_T10_S22,42,-22.927247211787734,-43.174914846292126
DRJ3,DRJ3_T10_S23,42,-22.927247211787734,-43.174914846292126
DRJ3,DRJ3_T10_S24,42,-22.927247211787734,-43.174914846292126
DRJ3,DRJ3_T10_S25,42,-22.933447570980142,-43.17506263601864
DRJ3,DRJ3_T10_S26,42,-22.933447570980142,-43.17506263601864
DRJ3,DRJ3_T10_S27,42,-22.93019963539043,-43.18113284254045
DRJ3,DRJ3_T10_S28,42,-22.93019963539043,-43.18113284254045
DRJ3,DRJ3_T10_S29,42,-22.93019963539043,-43.18113284254045
DRJ3,DRJ3_T10_S30,42,-22.927247211787734,-43.174914846292126
DRJ3,DRJ3_T10_S31,42,-22.933447570980142,-43.17506263601864
DRJ3,DRJ3_T10_S32,42,-22.933447570980142,-43.17506263601864
DRJ3,DRJ3_T10_S33,42,-22.933447570980142,-43.17506263601864
DRJ3,DRJ3_T10_S34,42,-22.93019963539043,-43.18113284254045
DRJ3,DRJ3_T10_S35,42,-22.927247211787734,-43.174914846292126
DRJ3,DRJ3_T10_S36,42,-22.933447570980142,-43.17506263601864
DRJ3,DRJ3_T10_S37,42,-22.93019963539043,-43.18113284254045
DRJ3,DRJ3_T10_S38,42,-22.927247211787734,-43.174914846292126
DRJ3,DRJ3_T10_S39,42,-22.911744357937117,-43.17454538456113
DRJ3,DRJ3_T10_S40,42,-22.927099403908457,-43.18105891831065
DRJ3,DRJ3_T10_S41,42,-22.933447570980142,-43.17506263601864
DRJ3,DRJ3_T10_S42,42,-22.9241468645213,-43.17484095250763
DRJ3,DRJ3_T10_S43,42,-22.925770866558913,-43.17180586003144
DRJ3,DRJ3_T10_S44,42,-22.916321639981867,-43.1777282087543
DRJ3,DRJ3_T10_S45,42,-22.92104640549089,-43.17476705944229
DRJ3,DRJ3_T11_S01,42,-22.945551047634837,-43.18764669619502
DRJ3,DRJ3_T11_S02,42,-22.945551047634837,-43.18764669619502
DRJ3,DRJ3_T11_S03,42,-22.945551047634837,-43.18764669619502
DRJ3,DRJ3_T11_S04,42,-22.945551047634837,-43.18764669619502
DRJ3,DRJ3_T11_S05,42,-22.936399762978734,-43.18128069315842
DRJ3,DRJ3_T11_S06,42,-22.936399762978734,-43.18128069315842
DRJ3,DRJ3_T11_S07,42,-22.936399762978734,-43.18128069315842
DRJ3,DRJ3_T11_S08,42,-22.936399762978734,-43.18128069315842
DRJ3,DRJ3_T11_S09,42,-22.94407528998607,-43.18453761749524
DRJ3,DRJ3_T11_S10,42,-22.94407528998607,-43.18453761749524
DRJ3,DRJ3_T11_S11,42,-22.94407528998607,-43.18453761749524
DRJ3,DRJ3_T11_S12,42,-22.94407528998607,-43.18453761749524
DRJ3,DRJ3_T11_S13,42,-22.93329975508455,-43.18120676748972
DRJ3,DRJ3_T11_S14,42,-22.93329975508455,-43.18120676748972
DRJ3,DRJ3_T11_S15,42,-22.93329975508455,-43.18120676748972
DRJ3,DRJ3_T11_S16,42,-22.93329975508455,-43.18120676748972
DRJ3,DRJ3_T11_S17,42,-22.934775775524574,-43.18431579266307
DRJ3,DRJ3_T11_S18,42,-22.937727549424753,-43.1905338665712
DRJ3,DRJ3_T11_S19,42,-22.937727549424753,-43.1905338665712
DRJ3,DRJ3_T11_S20,42,-22.937727549424753,-43.1905338665712
DRJ3,DRJ3_T11_S21,42,-22.94407528998607,-43.18453761749524
DRJ3,DRJ3_T11_S22,42,-22.93949965906084,-43.18135461954662
DRJ3,DRJ3_T11_S23,42,-22.933151703115367,-43.18735087030291
DRJ3,DRJ3_T11_S24,42,-22.933151703115367,-43.18735087030291
DRJ3,DRJ3_T11_S25,42,-22.936251706974865,-43.18742482569633
DRJ3,DRJ3_T11_S26,42,-22.936251706974865,-43.18742482569633
DRJ3,DRJ3_T11_S27,42,-22.936251706974865,-43.18742482569633
DRJ3,DRJ3_T11_S28,42,-22.936251706974865,-43.18742482569633
DRJ3,DRJ3_T11_S29,42,-22.914549332591953,-43.186907153056296
DRJ3,DRJ3_T11_S30,42,-22.914549332591953,-43.186907153056296
DRJ3,DRJ3_T11_S31,42,-22.93949965906084,-43.18135461954662
DRJ3,DRJ3_T11_S32,42,-22.93005158745631,-43.187276915629226
DRJ3,DRJ3_T11_S33,42,-22.93462760349698,-43.19045989595625
DRJ3,DRJ3_T11_S34,42,-22.93462760349698,-43.19045989595625
DRJ3,DRJ3_T11_S35,42,-22.91292485212976,-43.18994212180717
DRJ3,DRJ3_T11_S36,42,-22.931675713742955,-43.18424185249156
DRJ3,DRJ3_T11_S37,42,-22.931675713742955,-43.18424185249156
DRJ3,DRJ3_T11_S38,42,-22.91292485212976,-43.18994212180717
DRJ3,DRJ3_T11_S39,42,-22.937875725500366,-43.18438973355419
DRJ3,DRJ3_T11_S40,42,-22.931527545763803,-43.190385926061154
DRJ3,DRJ3_T11_S41,42,-22.91602558044085,-43.19001608738329
DRJ3,DRJ3_T11_S42,42,-22.942451379246712,-43.18757273864237
DRJ3,DRJ3_T11_S43,42,-22.931527545763803,-43.190385926061154
DRJ3,DRJ3_T11_S44,42,-22.91765000706694,-43.186981104131505
DRJ3,DRJ3_T12_S01,42,-22.93964748297116,-43.17521042862192
DRJ3,DRJ3_T12_S02,42,-22.93964748297116,-43.17521042862192
DRJ3,DRJ3_T12_S03,42,-22.93964748297116,-43.17521042862192
DRJ3,DRJ3_T12_S04,42,-22.93964748297116,-43.17521042862192
DRJ3,DRJ3_T12_S05,42,-22.93654758288189,-43.175136531960675
DRJ3,DRJ3_T12_S06,42,-22.93654758288189,-43.175136531960675
DRJ3,DRJ3_T12_S07,42,-22.93654758288189,-43.175136531960675
DRJ3,DRJ3_T12_S08,42,-22.93654758288189,-43.175136531960675
DRJ3,DRJ3_T12_S09,42,-22.93654758288189,-43.175136531960675
DRJ3,DRJ3_T12_S10,42,-22.93654758288189,-43.175136531960675
DRJ3,DRJ3_T12_S11,42,-22.93654758288189,-43.175136531960675
DRJ3,DRJ3_T12_S12,42,-22.93654758288189,-43.175136531960675
DRJ3,DRJ3_T12_S13,42,-22.93654758288189,-43.175136531960675
DRJ3,DRJ3_T12_S14,42,-22.93802366546516,-43.178245571805775
DRJ3,DRJ3_T12_S15,42,-22.93802366546516,-43.178245571805775
DRJ3,DRJ3_T12_S16,42,-22.93802366546516,-43.178245571805775
DRJ3,DRJ3_T12_S17,42,-22.93802366546516,-43.178245571805775
DRJ3,DRJ3_T12_S18,42,-22.93802366546516,-43.178245571805775
DRJ3,DRJ3_T12_S19,42,-22.93802366546516,-43.178245571805775
DRJ3,DRJ3_T12_S20,42,-22.93802366546516,-43.178245571805775
DRJ3,DRJ3_T12_S21,42,-22.941123507643567,-43.1783194836904
DRJ3,DRJ3_T12_S22,42,-22.941123507643567,-43.1783194836904
DRJ3,DRJ3_T12_S23,42,-22.94717490447175,-43.1846115605452
DRJ3,DRJ3_T12_S24,42,-22.94717490447175,-43.1846115605452
DRJ3,DRJ3_T12_S25,42,-22.938171369312233,-43.17210138146708
DRJ3,DRJ3_T12_S26,42,-22.93949965906084,-43.18135461954662
DRJ3,DRJ3_T12_S27,42,-22.948798676313597,-43.181576403028075
DRJ3,DRJ3_T12_S28,42,-22.948798676313597,-43.181576403028075
DRJ3,DRJ3_T12_S29,42,-22.953816969292205,-43.16632643200007
DRJ3,DRJ3_T12_S30,42,-22.948798676313597,-43.181576403028075
DRJ3,DRJ3_T12_S31,42,-22.9520459649614,-43.175506022459075
DRJ3,DRJ3_T12_S32,42,-22.9520459649614,-43.175506022459075
DRJ3,DRJ3_T12_S33,42,-22.942599443318755,-43.181428546654274
DRJ3,DRJ3_T12_S34,42,-22.941271215484058,-43.172175263623636
DRJ3,DRJ3_T12_S35,42,-22.941271215484058,-43.172175263623636
DRJ3,DRJ3_T12_S36,42,-22.942747271235856,-43.17528432600237
DRJ3,DRJ3_T12_S37,42,-22.942599443318755,-43.181428546654274
DRJ3,DRJ3_T12_S38,42,-22.945699115740375,-43.18150247448142
DRJ3,DRJ3_T12_S39,42,-22.945699115740375,-43.18150247448142
DRJ3,DRJ3_T12_S40,42,-22.944665664949003,-43.159960561690845
DRJ3,DRJ3_T12_S41,42,-22.953816969292205,-43.16632643200007
DRJ3,DRJ3_T12_S42,42,-22.946141902937335,-43.16306963791036
DRJ3,DRJ3_T12_S43,42,-22.941271215484058,-43.172175263623636
DRJ3,DRJ3_T12_S44,42,-22.950422363147705,-43.17854122366043
DRJ3,DRJ3_T13_S01,42,-22.94865060417497,-43.187720654467434
DRJ3,DRJ3_T13_S02,42,-22.945551047634837,-43.18764669619502
DRJ3,DRJ3_T13_S03,42,-22.945551047634837,-43.18764669619502
DRJ3,DRJ3_T13_S04,42,-22.951750048854972,-43.18779461345963
DRJ3,DRJ3_T13_S05,42,-22.95322560155838,-43.190903730444276
DRJ3,DRJ3_T13_S06,42,-22.95322560155838,-43.190903730444276
DRJ3,DRJ3_T13_S07,42,-22.95322560155838,-43.190903730444276
DRJ3,DRJ3_T13_S08,42,-22.940827383534977,-43.19060783790602
DRJ3,DRJ3_T13_S09,42,-22.95322560155838,-43.190903730444276
DRJ3,DRJ3_T13_S10,42,-22.957800282067204,-43.19408684540682
DRJ3,DRJ3_T13_S11,42,-22.950126214839365,-43.19082975622986
DRJ3,DRJ3_T13_S12,42,-22.950126214839365,-43.19082975622986
DRJ3,DRJ3_T13_S13,42,-22.950126214839365,-43.19082975622986
DRJ3,DRJ3_T13_S14,42,-22.956176439777277,-43.1971219878599
DRJ3,DRJ3_T13_S15,42,-22.956176439777277,-43.1971219878599
DRJ3,DRJ3_T13_S16,42,-22.959126921674613,-43.203340276415446
DRJ3,DRJ3_T13_S17,42,-22.953077169009063,-43.19704798320209
DRJ3,DRJ3_T13_S18,42,-22.953077169009063,-43.19704798320209
DRJ3,DRJ3_T13_S19,42,-22.9547010652027,-43.194012855250456
DRJ3,DRJ3_T13_S20,42,-22.9547010652027,-43.194012855250456
DRJ3,DRJ3_T13_S21,42,-22.9547010652027,-43.194012855250456
DRJ3,DRJ3_T13_S22,42,-22.960750826154293,-43.200305148853644
DRJ3,DRJ3_T13_S23,42,-22.960750826154293,-43.200305148853644
DRJ3,DRJ3_T13_S24,42,-22.939203302863568,-43.1936429152694
DRJ3,DRJ3_T13_S25,42,-22.959275598655744,-43.19719599323792
DRJ3,DRJ3_T13_S26,42,-22.959275598655744,-43.19719599323792
DRJ3,DRJ3_T13_S27,42,-22.962225964552214,-43.20341431223569
DRJ3,DRJ3_T13_S28,42,-22.951601736454283,-43.19393886581416
DRJ3,DRJ3_T13_S29,42,-22.951601736454283,-43.19393886581416
DRJ3,DRJ3_T13_S30,42,-22.951601736454283,-43.19393886581416
DRJ3,DRJ3_T13_S31,42,-22.957651725271464,-43.20023112825433
DRJ3,DRJ3_T13_S32,42,-22.957651725271464,-43.20023112825433
DRJ3,DRJ3_T13_S33,42,-22.956324876399336,-43.19097770537863
DRJ3,DRJ3_T13_S34,42,-22.954552512493045,-43.20015710837536
DRJ3,DRJ3_T13_S35,42,-22.94230307902659,-43.19371690182555
DRJ3,DRJ3_T13_S36,42,-22.951601736454283,-43.19393886581416
DRJ3,DRJ3_T13_S37,42,-22.94067896728064,-43.19675197177266
DRJ3,DRJ3_T13_S38,42,-22.937579137245166,-43.19667797071571
DRJ3,DRJ3_T13_S39,42,-22.947026716254392,-43.19075578273534
DRJ3,DRJ3_T13_S40,42,-22.937579137245166,-43.19667797071571
DRJ3,DRJ3_T13_S41,42,-22.947026716254392,-43.19075578273534
DRJ3,DRJ3_T13_S42,42,-22.93610341487713,-43.19356892943327
DRJ3,DRJ3_T13_S43,42,-22.954552512493045,-43.20015710837536
DRJ3,DRJ3_T13_S44,42,-22.94215454266531,-43.1998610360627
DRJ3,DRJ3_T14_S01,42,-22.943943246549864,-43.378177460121556
DRJ3,DRJ3_T14_S02,42,-22.943943246549864,-43.378177460121556
DRJ3,DRJ3_T14_S03,42,-22.943943246549864,-43.378177460121556
DRJ3,DRJ3_T14_S04,42,-22.943943246549864,-43.378177460121556
DRJ3,DRJ3_T14_S05,42,-22.943943246549864,-43.378177460121556
DRJ3,DRJ3_T14_S06,42,-22.943943246549864,-43.378177460121556
DRJ3,DRJ3_T14_S07,42,-22.943943246549864,-43.378177460121556
DRJ3,DRJ3_T14_S08,42,-22.943943246549864,-43.378177460121556
DRJ3,DRJ3_T14_S09,42,-22.943943246549864,-43.378177460121556
DRJ3,DRJ3_T14_S10,42,-22.943943246549864,-43.378177460121556
DRJ3,DRJ3_T14_S11,42,-22.939836888500658,-43.35656362904747
DRJ3,DRJ3_T14_S12,42,-22.93348278685763,-43.36255735332414
DRJ3,DRJ3_T14_S13,42,-22.943553214334308,-43.33206463709894
DRJ3,DRJ3_T14_S14,42,-22.943943246549864,-43.378177460121556
DRJ3,DRJ3_T14_S15,42,-22.939836888500658,-43.35656362904747
DRJ3,DRJ3_T14_S16,42,-22.943553214334308,-43.33206463709894
DRJ3,DRJ3_T14_S17,42,-23.002576345323366,-43.32733915073886
DRJ3,DRJ3_T14_S18,42,-23.002576345323366,-43.32733915073886
DRJ3,DRJ3_T14_S19,42,-22.939836888500658,-43.35656362904747
DRJ3,DRJ3_T14_S20,42,-23.00404817175548,-43.33044852556315
DRJ3,DRJ3_T14_S21,42,-23.008617067324543,-43.333632578527215
DRJ3,DRJ3_T14_S22,42,-22.943553214334308,-43.33206463709894
DRJ3,DRJ3_T14_S23,42,-22.943399359621324,-43.338208127268985
DRJ3,DRJ3_T14_S24,42,-23.008617067324543,-43.333632578527215
DRJ3,DRJ3_T14_S25,42,-22.94502602830784,-43.33517372184491
DRJ3,DRJ3_T14_S26,42,-22.94192657669118,-43.3350990507529
DRJ3,DRJ3_T14_S27,42,-22.988098282880078,-43.34850696978304
DRJ3,DRJ3_T14_S28,42,-22.93882701323697,-43.33502438038705
DRJ3,DRJ3_T14_S29,42,-22.94029985443636,-43.33813344170205
DRJ3,DRJ3_T14_S30,42,-23.007145388758357,-43.33052318149757
DRJ3,DRJ3_T14_S31,42,-22.95711449219939,-43.34775959632891
DRJ3,DRJ3_T14_S32,42,-22.939836888500658,-43.35656362904747
DRJ3,DRJ3_T14_S33,42,-22.93867304758262,-43.34116780992961
DRJ3,DRJ3_T14_S34,42,-22.952543099171294,-43.34457573525889
DRJ3,DRJ3_T14_S35,42,-22.970826763471603,-43.35731140761142
DRJ3,DRJ3_T14_S36,42,-22.93348278685763,-43.36255735332414
DRJ3,DRJ3_T14_S37,42,-22.93704615614274,-43.34420215541883
DRJ3,DRJ3_T14_S38,42,-22.94177260632586,-43.34124250997085
DRJ3,DRJ3_T14_S39,42,-22.957268722244002,-43.341616021073605
DRJ3,DRJ3_T14_S40,42,-22.940453704452157,-43.33198998120854
DRJ3,DRJ3_T14_S41,42,-23.007145388758357,-43.33052318149757
DRJ3,DRJ3_T14_S42,42,-23.000797019407674,-43.33651792568645
DRJ3,DRJ3_T14_S43,42,-22.949289598041833,-43.35064450268474
DRJ3,DRJ3_T14_S44,42,-22.938518845959177,-43.34731120714083
DRJ3,DRJ3_T15_S01,42,-22.950274407103162,-43.1846855043148
DRJ3,DRJ3_T15_S02,42,-22.950274407103162,-43.1846855043148
DRJ3,DRJ3_T15_S03,42,-22.950274407103162,-43.1846855043148
DRJ3,DRJ3_T15_S04,42,-22.950274407103162,-43.1846855043148
DRJ3,DRJ3_T15_S05,42,-22.951898125026307,-43.181650332294225
DRJ3,DRJ3_T15_S06,42,-22.951898125026307,-43.181650332294225
DRJ3,DRJ3_T15_S07,42,-22.951898125026307,-43.181650332294225
DRJ3,DRJ3_T15_S08,42,-22.951898125026307,-43.181650332294225
DRJ3,DRJ3_T15_S09,42,-22.954997461866423,-43.18172426227991
DRJ3,DRJ3_T15_S10,42,-22.954997461866423,-43.18172426227991
DRJ3,DRJ3_T15_S11,42,-22.954997461866423,-43.18172426227991
DRJ3,DRJ3_T15_S12,42,-22.954997461866423,-43.18172426227991
DRJ3,DRJ3_T15_S13,42,-22.964442656983746,-43.17580162780428
DRJ3,DRJ3_T15_S14,42,-22.954849381662786,-43.18786857317161
DRJ3,DRJ3_T15_S15,42,-22.953373797868228,-43.184759448804044
DRJ3,DRJ3_T15_S16,42,-22.953373797868228,-43.184759448804044
DRJ3,DRJ3_T15_S17,42,-22.953373797868228,-43.184759448804044
DRJ3,DRJ3_T15_S18,42,-22.95647307675483,-43.184833394012955
DRJ3,DRJ3_T15_S19,42,-22.95647307675483,-43.184833394012955
DRJ3,DRJ3_T15_S20,42,-22.95647307675483,-43.184833394012955
DRJ3,DRJ3_T15_S21,42,-22.95647307675483,-43.184833394012955
DRJ3,DRJ3_T15_S22,42,-22.965918218158357,-43.17891080466489
DRJ3,DRJ3_T15_S23,42,-22.965918218158357,-43.17891080466489
DRJ3,DRJ3_T15_S24,42,-22.96296700674578,-43.17269245885446
DRJ3,DRJ3_T15_S25,42,-22.956621040836882,-43.178689053904
DRJ3,DRJ3_T15_S26,42,-22.96134365182999,-43.175727725389066
DRJ3,DRJ3_T15_S27,42,-22.96134365182999,-43.175727725389066
DRJ3,DRJ3_T15_S28,42,-22.96134365182999,-43.175727725389066
DRJ3,DRJ3_T15_S29,42,-22.96149126745515,-43.169583297833725
DRJ3,DRJ3_T15_S30,42,-22.955145305806717,-43.17557992271647
DRJ3,DRJ3_T15_S31,42,-22.955145305806717,-43.17557992271647
DRJ3,DRJ3_T15_S32,42,-22.95647307675483,-43.184833394012955
DRJ3,DRJ3_T15_S33,42,-22.962819270962296,-43.17883688702518
DRJ3,DRJ3_T15_S34,42,-22.962819270962296,-43.17883688702518
DRJ3,DRJ3_T15_S35,42,-22.962819270962296,-43.17883688702518
DRJ3,DRJ3_T15_S36,42,-22.953521757931725,-43.17861513842252
DRJ3,DRJ3_T15_S37,42,-22.953521757931725,-43.17861513842252
DRJ3,DRJ3_T15_S38,42,-22.96149126745515,-43.169583297833725
DRJ3,DRJ3_T15_S39,42,-22.963114506187953,-43.16654800221878
DRJ3,DRJ3_T15_S40,42,-22.95647307675483,-43.184833394012955
DRJ3,DRJ3_T15_S41,42,-22.962819270962296,-43.17883688702518
DRJ3,DRJ3_T15_S42,42,-22.958096686821833,-43.181798192985106
DRJ3,DRJ3_T15_S43,42,-22.953669481741997,-43.17247079944082
DRJ3,DRJ3_T15_S44,42,-22.964590276585852,-43.16965717051788
DRJ3,DRJ3_T16_S01,42,-22.96429480103019,-43.18194605655415
DRJ3,DRJ3_T16_S02,42,-22.974918175328877,-43.19142157010372
DRJ3,DRJ3_T16_S03,42,-22.97344302851616,-43.188312346559556
DRJ3,DRJ3_T16_S04,42,-22.97344302851616,-43.188312346559556
DRJ3,DRJ3_T16_S05,42,-22.97344302851616,-43.188312346559556
DRJ3,DRJ3_T16_S06,42,-22.97344302851616,-43.188312346559556
DRJ3,DRJ3_T16_S07,42,-22.967393690258955,-43.18201998941801
DRJ3,DRJ3_T16_S08,42,-22.967393690258955,-43.18201998941801
DRJ3,DRJ3_T16_S09,42,-22.967393690258955,-43.18201998941801
DRJ3,DRJ3_T16_S10,42,-22.967393690258955,-43.18201998941801
DRJ3,DRJ3_T16_S11,42,-22.97034436719548,-43.188238382528645
DRJ3,DRJ3_T16_S12,42,-22.97034436719548,-43.188238382528645
DRJ3,DRJ3_T16_S13,42,-22.97034436719548,-43.188238382528645
DRJ3,DRJ3_T16_S14,42,-22.978016666684997,-43.19149555007783
DRJ3,DRJ3_T16_S15,42,-22.96562202953294,-43.19119963450133
DRJ3,DRJ3_T16_S16,42,-22.97034436719548,-43.188238382528645
DRJ3,DRJ3_T16_S17,42,-22.967245593930084,-43.188164419217586
DRJ3,DRJ3_T16_S18,42,-22.967245593930084,-43.188164419217586
DRJ3,DRJ3_T16_S19,42,-22.967245593930084,-43.188164419217586
DRJ3,DRJ3_T16_S20,42,-22.967245593930084,-43.188164419217586
DRJ3,DRJ3_T16_S21,42,-22.967245593930084,-43.188164419217586
DRJ3,DRJ3_T16_S22,42,-22.9718195720101,-43.19134759084962
DRJ3,DRJ3_T16_S23,42,-22.965918218158357,-43.17891080466489
DRJ3,DRJ3_T16_S24,42,-22.965918218158357,-43.17891080466489
DRJ3,DRJ3_T16_S25,42,-22.965918218158357,-43.17891080466489
DRJ3,DRJ3_T16_S26,42,-22.965918218158357,-43.17891080466489
DRJ3,DRJ3_T16_S27,42,-22.968869073274885,-43.18512918204535
DRJ3,DRJ3_T16_S28,42,-22.968869073274885,-43.18512918204535
DRJ3,DRJ3_T16_S29,42,-22.968869073274885,-43.18512918204535
DRJ3,DRJ3_T16_S30,42,-22.98111504606641,-43.19156953077196
DRJ3,DRJ3_T16_S31,42,-22.965918218158357,-43.17891080466489
DRJ3,DRJ3_T16_S32,42,-22.968869073274885,-43.18512918204535
DRJ3,DRJ3_T16_S33,42,-22.9718195720101,-43.19134759084962
DRJ3,DRJ3_T16_S34,42,-22.965770242022995,-43.18505523395771
DRJ3,DRJ3_T16_S35,42,-22.965770242022995,-43.18505523395771
DRJ3,DRJ3_T16_S36,42,-22.971967792587886,-43.1852031308527
DRJ3,DRJ3_T16_S37,42,-22.976541577880024,-43.18838631131033
DRJ3,DRJ3_T16_S38,42,-22.968720856740767,-43.19127361231548
DRJ3,DRJ3_T16_S39,42,-22.9718195720101,-43.19134759084962
DRJ3,DRJ3_T16_S40,42,-22.965770242022995,-43.18505523395771
DRJ3,DRJ3_T16_S41,42,-22.96399838009615,-43.19423482787978
DRJ3,DRJ3_T16_S42,42,-22.971967792587886,-43.1852031308527
DRJ3,DRJ3_T16_S43,42,-22.976541577880024,-43.18838631131033
DRJ3,DRJ3_T16_S44,42,-22.968720856740767,-43.19127361231548
DRJ3,DRJ3_T17_S01,42,-22.98568819707806,-43.19475278921864
DRJ3,DRJ3_T17_S02,42,-22.984213313461044,-43.19164351218609
DRJ3,DRJ3_T17_S03,42,-22.984213313461044,-43.19164351218609
DRJ3,DRJ3_T17_S04,42,-22.984213313461044,-43.19164351218609
DRJ3,DRJ3_T17_S05,42,-22.984213313461044,-43.19164351218609
DRJ3,DRJ3_T17_S06,42,-22.982589987712412,-43.19467879258125
DRJ3,DRJ3_T17_S07,42,-22.982589987712412,-43.19467879258125
DRJ3,DRJ3_T17_S08,42,-22.982589987712412,-43.19467879258125
DRJ3,DRJ3_T17_S09,42,-22.982441398242493,-43.2008233132192
DRJ3,DRJ3_T17_S10,42,-22.976393233015365,-43.19453080146691
DRJ3,DRJ3_T17_S11,42,-22.976393233015365,-43.19453080146691
DRJ3,DRJ3_T17_S12,42,-22.976393233015365,-43.19453080146691
DRJ3,DRJ3_T17_S13,42,-22.983916130440374,-43.20393258315167
DRJ3,DRJ3_T17_S14,42,-22.983916130440374,-43.20393258315167
DRJ3,DRJ3_T17_S15,42,-22.98111504606641,-43.19156953077196
DRJ3,DRJ3_T17_S16,42,-22.98111504606641,-43.19156953077196
DRJ3,DRJ3_T17_S17,42,-22.983916130440374,-43.20393258315167
DRJ3,DRJ3_T17_S18,42,-22.98553960352567,-43.20089733958161
DRJ3,DRJ3_T17_S19,42,-22.98553960352567,-43.20089733958161
DRJ3,DRJ3_T17_S20,42,-22.976393233015365,-43.19453080146691
DRJ3,DRJ3_T17_S21,42,-22.982292572286223,-43.20696780474424
DRJ3,DRJ3_T17_S22,42,-22.982292572286223,-43.20696780474424
DRJ3,DRJ3_T17_S23,42,-22.987311468856856,-43.19171749432026
DRJ3,DRJ3_T17_S24,42,-22.984064840202382,-43.19778806219056
DRJ3,DRJ3_T17_S25,42,-22.984064840202382,-43.19778806219056
DRJ3,DRJ3_T17_S26,42,-22.980817871211062,-43.20385854228778
DRJ3,DRJ3_T17_S27,42,-22.980817871211062,-43.20385854228778
DRJ3,DRJ3_T17_S28,42,-22.977868201564977,-43.19764004063084
DRJ3,DRJ3_T17_S29,42,-22.977868201564977,-43.19764004063084
DRJ3,DRJ3_T17_S30,42,-22.965324895516286,-43.20348834877642
DRJ3,DRJ3_T17_S31,42,-22.968423714554767,-43.20356238603765
DRJ3,DRJ3_T17_S32,42,-22.968423714554767,-43.20356238603765
DRJ3,DRJ3_T17_S33,42,-22.98111504606641,-43.19156953077196
DRJ3,DRJ3_T17_S34,42,-22.984064840202382,-43.19778806219056
DRJ3,DRJ3_T17_S35,42,-22.9729972968627,-43.206745640812045
DRJ3,DRJ3_T17_S36,42,-22.966948692184822,-43.20045319221331
DRJ3,DRJ3_T17_S37,42,-22.9793430809671,-43.200749287577224
DRJ3,DRJ3_T17_S38,42,-22.9793430809671,-43.200749287577224
DRJ3,DRJ3_T17_S39,42,-22.987311468856856,-43.19171749432026
DRJ3,DRJ3_T17_S40,42,-22.963849815129436,-43.20037917017329
DRJ3,DRJ3_T17_S41,42,-22.98096657687687,-43.19771405105055
DRJ3,DRJ3_T17_S42,42,-22.987162991529452,-43.19786207405085
DRJ3,DRJ3_T17_S43,42,-22.974769714278793,-43.19756603093139
DRJ3,DRJ3_T17_S44,42,-22.971522421655557,-43.20363642401939
DRJ3,DRJ3_T18_S01,42,-22.984942864251718,-43.22547524847306
DRJ3,DRJ3_T18_S02,42,-22.981994210942503,-43.21925669989099
DRJ3,DRJ3_T18_S03,42,-22.977122329365887,-43.22836205498254
DRJ3,DRJ3_T18_S04,42,-22.983767184181975,-43.210077074928286
DRJ3,DRJ3_T18_S05,42,-22.98346858220382,-43.222365970363576
DRJ3,DRJ3_T18_S06,42,-22.98346858220382,-43.222365970363576
DRJ3,DRJ3_T18_S07,42,-22.98346858220382,-43.222365970363576
DRJ3,DRJ3_T18_S08,42,-22.98346858220382,-43.222365970363576
DRJ3,DRJ3_T18_S09,42,-22.98346858220382,-43.222365970363576
DRJ3,DRJ3_T18_S10,42,-22.986417057075577,-43.22858453420116
DRJ3,DRJ3_T18_S11,42,-22.98184467556899,-43.22540110323048
DRJ3,DRJ3_T18_S12,42,-22.98184467556899,-43.22540110323048
DRJ3,DRJ3_T18_S13,42,-22.98184467556899,-43.22540110323048
DRJ3,DRJ3_T18_S14,42,-22.98037033542545,-43.22229184033996
DRJ3,DRJ3_T18_S15,42,-22.98037033542545,-43.22229184033996
DRJ3,DRJ3_T18_S16,42,-22.977122329365887,-43.22836205498254
DRJ3,DRJ3_T18_S17,42,-22.985390773459894,-43.207041860829655
DRJ3,DRJ3_T18_S18,42,-22.985390773459894,-43.207041860829655
DRJ3,DRJ3_T18_S19,42,-22.985390773459894,-43.207041860829655
DRJ3,DRJ3_T18_S20,42,-22.985092403815933,-43.219330815416505
DRJ3,DRJ3_T18_S21,42,-22.983618001434127,-43.2162215373793
DRJ3,DRJ3_T18_S22,42,-22.983618001434127,-43.2162215373793
DRJ3,DRJ3_T18_S23,42,-22.966501566951987,-43.21888613308158
DRJ3,DRJ3_T18_S24,42,-22.98656671698538,-43.22244010110854
DRJ3,DRJ3_T18_S25,42,-22.985241706887663,-43.213186352821666
DRJ3,DRJ3_T18_S26,42,-22.964877422003955,-43.221921201041994
DRJ3,DRJ3_T18_S27,42,-22.978895906078087,-43.219182585086706
DRJ3,DRJ3_T18_S28,42,-22.978895906078087,-43.219182585086706
DRJ3,DRJ3_T18_S29,42,-22.974023862835388,-43.22828789668623
DRJ3,DRJ3_T18_S30,42,-22.96340270231372,-43.21881202188326
DRJ3,DRJ3_T18_S31,42,-22.96340270231372,-43.21881202188326
DRJ3,DRJ3_T18_S32,42,-22.982143509850573,-43.2131122670152
DRJ3,DRJ3_T18_S33,42,-22.982143509850573,-43.2131122670152
DRJ3,DRJ3_T18_S34,42,-22.983318926498043,-43.228510373739994
DRJ3,DRJ3_T18_S35,42,-22.987891160664788,-43.231693827529604
DRJ3,DRJ3_T18_S36,42,-22.983318926498043,-43.228510373739994
DRJ3,DRJ3_T18_S37,42,-22.980668929075915,-43.210003004342504
DRJ3,DRJ3_T18_S38,42,-22.978746374895692,-43.22532695870941
DRJ3,DRJ3_T18_S39,42,-22.988040940931835,-43.22554939443713
DRJ3,DRJ3_T18_S40,42,-22.978895906078087,-43.219182585086706
DRJ3,DRJ3_T18_S41,42,-22.961778503498227,-43.221847075346346
DRJ3,DRJ3_T18_S42,42,-22.980668929075915,-43.210003004342504
DRJ3,DRJ3_T18_S43,42,-22.988040940931835,-43.22554939443713
DRJ3,DRJ3_T18_S44,42,-22.986865327290406,-43.2101511462349
DRJ3,DRJ3_T18_S45,42,-22.965026816163768,-43.21577694636122
DRJ3,DRJ3_T19_S01,42,-22.943943246549864,-43.378177460121556
DRJ3,DRJ3_T19_S02,42,-22.943943246549864,-43.378177460121556
DRJ3,DRJ3_T19_S03,42,-22.943943246549864,-43.378177460121556
DRJ3,DRJ3_T19_S04,42,-22.943943246549864,-43.378177460121556
DRJ3,DRJ3_T19_S05,42,-22.989569949944062,-43.35161627161048
DRJ3,DRJ3_T19_S06,42,-22.943943246549864,-43.378177460121556
DRJ3,DRJ3_T19_S07,42,-22.989569949944062,-43.35161627161048
DRJ3,DRJ3_T19_S08,42,-22.9973912362868,-43.34873119599234
DRJ3,DRJ3_T19_S09,42,-22.971677303525972,-43.3849949284428
DRJ3,DRJ3_T19_S10,42,-22.967107513786612,-43.381810819354634
DRJ3,DRJ3_T19_S11,42,-22.98941531559421,-43.35776010965424
DRJ3,DRJ3_T19_S12,42,-22.943943246549864,-43.378177460121556
DRJ3,DRJ3_T19_S13,42,-23.009315921111142,-43.367462218065455
DRJ3,DRJ3_T19_S14,42,-22.99119604604948,-43.348581711125945
DRJ3,DRJ3_T19_S15,42,-22.97330433094026,-43.38196061968185
DRJ3,DRJ3_T19_S16,42,-22.98794376911035,-43.354650809294874
DRJ3,DRJ3_T19_S17,42,-23.001960096805455,-43.35191530215025
DRJ3,DRJ3_T19_S18,42,-23.003585978308546,-43.348880683766254
DRJ3,DRJ3_T19_S19,42,-23.00668318120848,-43.348955428743565
DRJ3,DRJ3_T19_S20,42,-22.969045187600578,-43.36648942333898
DRJ3,DRJ3_T19_S21,42,-22.97005019152392,-43.38802921421921
DRJ3,DRJ3_T19_S22,42,-23.003740279330728,-43.34273666335888
DRJ3,DRJ3_T19_S23,42,-22.96857889739884,-43.384920013447555
DRJ3,DRJ3_T19_S24,42,-22.96857889739884,-43.384920013447555
DRJ3,DRJ3_T19_S25,42,-22.970205978337805,-43.381885719154106
DRJ3,DRJ3_T19_S26,42,-23.002268694119604,-43.33962729104948
DRJ3,DRJ3_T19_S27,42,-22.99119604604948,-43.348581711125945
DRJ3,DRJ3_T19_S28,42,-23.005057353371622,-43.35199006160274
DRJ3,DRJ3_T19_S29,42,-23.00699155614445,-43.336667296194896
DRJ3,DRJ3_T19_S30,42,-22.975086713560433,-43.372782698538046
DRJ3,DRJ3_T19_S31,42,-23.00048866333063,-43.348805939515856
DRJ3,DRJ3_T19_S32,42,-23.009934582496136,-43.34288609468226
DRJ3,DRJ3_T19_S33,42,-22.965480379329257,-43.38484509918069
DRJ3,DRJ3_T19_S34,42,-22.986317503561104,-43.35768532416236
DRJ3,DRJ3_T19_S35,42,-23.0018054433756,-43.35805925889434
DRJ3,DRJ3_T19_S36,42,-23.001340064084786,-43.37649093220897
DRJ3,DRJ3_T19_S37,42,-23.004592669186454,-43.370421922538334
DRJ3,DRJ3_T19_S38,42,-22.996616231474647,-43.37945051075864
DRJ3,DRJ3_T19_S39,42,-23.005057353371622,-43.35199006160274
DRJ3,DRJ3_T19_S40,42,-22.99429369718906,-43.34865645319571
DRJ3,DRJ3_T19_S41,42,-22.97229857080529,-43.360420623611255
DRJ3,DRJ3_T19_S42,42,-23.01078681728497,-43.37057162166907
DRJ3,DRJ3_T19_S43,42,-23.001650553440527,-43.36420318291284
DRJ3,DRJ3_T19_S44,42,-22.987323350233577,-43.37922583947296
DRJ3,DRJ3_T20_S01,42,-23.02391434994403,-43.463103768374346
DRJ3,DRJ3_T20_S02,42,-23.006325599187477,-43.48419145220695
DRJ3,DRJ3_T20_S03,42,-23.006325599187477,-43.48419145220695
DRJ3,DRJ3_T20_S04,42,-22.933135643593687,-43.556166468699864
DRJ3,DRJ3_T20_S05,42,-22.923674403791075,-43.56208134897243
DRJ3,DRJ3_T20_S06,42,-23.006325599187477,-43.48419145220695
DRJ3,DRJ3_T20_S07,42,-22.933135643593687,-43.556166468699864
DRJ3,DRJ3_T20_S08,42,-22.947489068422616,-43.599540646114214
DRJ3,DRJ3_T20_S09,42,-23.02391434994403,-43.463103768374346
DRJ3,DRJ3_T20_S10,42,-23.022636114995006,-43.512251438457625
DRJ3,DRJ3_T20_S11,42,-22.923674403791075,-43.56208134897243
DRJ3,DRJ3_T20_S12,42,-22.947489068422616,-43.599540646114214
DRJ3,DRJ3_T20_S13,42,-23.006325599187477,-43.48419145220695
DRJ3,DRJ3_T20_S14,42,-22.933135643593687,-43.556166468699864
DRJ3,DRJ3_T20_S15,42,-23.02327712494175,-43.48767788903907
DRJ3,DRJ3_T20_S16,42,-22.975191060948994,-43.489580503739035
DRJ3,DRJ3_T20_S17,42,-23.02391434994403,-43.463103768374346
DRJ3,DRJ3_T20_S18,42,-22.979758052474455,-43.492765144507636
DRJ3,DRJ3_T20_S19,42,-23.020180764291183,-43.48760247206353
DRJ3,DRJ3_T20_S20,42,-23.02164904070878,-43.4907118981538
DRJ3,DRJ3_T20_S21,42,-23.022636114995006,-43.512251438457625
DRJ3,DRJ3_T20_S22,42,-22.923674403791075,-43.56208134897243
DRJ3,DRJ3_T20_S23,42,-22.966326242640935,-43.41252781087538
DRJ3,DRJ3_T20_S24,42,-23.017562533279744,-43.46909669620141
DRJ3,DRJ3_T20_S25,42,-23.02049983930425,-43.475315541844
DRJ3,DRJ3_T20_S26,42,-23.021808817425388,-43.484568453840104
DRJ3,DRJ3_T20_S27,42,-23.019190292975516,-43.46606259479452
DRJ3,DRJ3_T20_S28,42,-22.970738316329758,-43.421855382648026
DRJ3,DRJ3_T20_S29,42,-22.947489068422616,-43.599540646114214
DRJ3,DRJ3_T20_S30,42,-23.020817968125606,-43.46302846994885
DRJ3,DRJ3_T20_S31,42,-23.013314479033866,-43.45362494202972
DRJ3,DRJ3_T20_S32,42,-23.015934689051125,-43.47213077415277
DRJ3,DRJ3_T20_S33,42,-22.93574692910612,-43.57466871297882
DRJ3,DRJ3_T20_S34,42,-23.016093745564334,-43.46598728264645
DRJ3,DRJ3_T20_S35,42,-23.018871932879158,-43.47834960173813
DRJ3,DRJ3_T20_S36,42,-23.016252565558265,-43.45984375593578
DRJ3,DRJ3_T20_S37,42,-23.028160870553045,-43.478575720406475
DRJ3,DRJ3_T20_S38,42,-22.933135643593687,-43.556166468699864
DRJ3,DRJ3_T20_S39,42,-23.024264577040004,-43.509217536943616
DRJ3,DRJ3_T20_S40,42,-23.01692440454753,-43.49367043781789
DRJ3,DRJ3_T20_S41,42,-23.006325599187477,-43.48419145220695
DRJ3,DRJ3_T20_S42,42,-23.022127661202067,-43.47228145845955
DRJ3,DRJ3_T20_S43,42,-22.982024326212724,-43.465158897326894
DRJ3,DRJ3_T20_S44,42,-22.94178213291761,-43.58096252051899
DRJ3,DRJ3_T21_S01,42,-23.02391434994403,-43.463103768374346
DRJ3,DRJ3_T21_S02,42,-23.02391434994403,-43.463103768374346
DRJ3,DRJ3_T21_S03,42,-23.02391434994403,-43.463103768374346
DRJ3,DRJ3_T21_S04,42,-23.02391434994403,-43.463103768374346
DRJ3,DRJ3_T21_S05,42,-22.971521396151342,-43.39113842165129
DRJ3,DRJ3_T21_S06,42,-22.969894168513026,-43.39417267587408
DRJ3,DRJ3_T21_S07,42,-22.969894168513026,-43.39417267587408
DRJ3,DRJ3_T21_S08,42,-23.002499248734715,-43.39188790829879
DRJ3,DRJ3_T21_S09,42,-22.969894168513026,-43.39417267587408
DRJ3,DRJ3_T21_S10,42,-23.009064655355896,-43.43815319358136
DRJ3,DRJ3_T21_S11,42,-22.984915201607354,-43.412978110371895
DRJ3,DRJ3_T21_S12,42,-22.998775796562324,-43.41638766064713
DRJ3,DRJ3_T21_S13,42,-23.007752709406518,-43.42890020082499
DRJ3,DRJ3_T21_S14,42,-22.97136525256997,-43.397281881378056
DRJ3,DRJ3_T21_S15,42,-22.9682668563153,-43.39720690706141
DRJ3,DRJ3_T21_S16,42,-23.016411149025046,-43.453700194161726
DRJ3,DRJ3_T21_S17,42,-22.972992511270583,-43.39424763572555
DRJ3,DRJ3_T21_S18,42,-22.980189876630593,-43.41593725248659
DRJ3,DRJ3_T21_S19,42,-23.011007014762715,-43.42283165723344
DRJ3,DRJ3_T21_S20,42,-23.001715918859432,-43.42260635214743
DRJ3,DRJ3_T21_S21,42,-22.973148539217462,-43.38810414440984
DRJ3,DRJ3_T21_S22,42,-23.002499248734715,-43.39188790829879
DRJ3,DRJ3_T21_S23,42,-22.97252301016168,-43.412677907789174
DRJ3,DRJ3_T21_S24,42,-23.013472820780372,-43.44748137497837
DRJ3,DRJ3_T21_S25,42,-23.00428169713112,-43.382709665015376
DRJ3,DRJ3_T21_S26,42,-22.963384412493706,-43.40630946224314
DRJ3,DRJ3_T21_S27,42,-23.007437228997983,-43.44118738966107
DRJ3,DRJ3_T21_S28,42,-23.007595087440937,-43.435043812489674
DRJ3,DRJ3_T21_S29,42,-22.9992457795065,-43.39795668303064
DRJ3,DRJ3_T21_S30,42,-23.00953717415803,-43.41972226266932
DRJ3,DRJ3_T21_S31,42,-22.9979312891818,-43.38870361216271
DRJ3,DRJ3_T21_S32,42,-22.984069808368655,-43.38529459570778
DRJ3,DRJ3_T21_S33,42,-23.017880178504544,-43.45680961317412
DRJ3,DRJ3_T21_S34,42,-22.999931156973062,-43.43178414689623
DRJ3,DRJ3_T21_S35,42,-23.000245902536,-43.41949700315946
DRJ3,DRJ3_T21_S36,42,-22.992894476374655,-43.403950355719914
DRJ3,DRJ3_T21_S37,42,-23.00287061691077,-43.438002841935436
DRJ3,DRJ3_T21_S38,42,-22.98328780999329,-43.416012318688914
DRJ3,DRJ3_T21_S39,42,-23.010534133557762,-43.441262581038906
DRJ3,DRJ3_T21_S40,42,-23.002810925398162,-43.37960029525677
DRJ3,DRJ3_T21_S41,42,-23.022445558717223,-43.45999432168112
DRJ3,DRJ3_T21_S42,42,-22.966482969179488,-43.40638447995152
DRJ3,DRJ3_T21_S43,42,-23.01084962420395,-43.4289753329033
DRJ3,DRJ3_T21_S44,42,-23.010376033485887,-43.44740615322269
DRJ3,DRJ3_T22_S01,42,-23.007298984793007,-43.3243790347063
DRJ3,DRJ3_T22_S02,42,-22.984793088202014,-43.2316196518502
DRJ3,DRJ3_T22_S03,42,-22.984793088202014,-43.2316196518502
DRJ3,DRJ3_T22_S04,42,-23.007298984793007,-43.3243790347063
DRJ3,DRJ3_T22_S05,42,-23.005673620694406,-43.32741379146803
DRJ3,DRJ3_T22_S06,42,-23.005673620694406,-43.32741379146803
DRJ3,DRJ3_T22_S07,42,-22.984793088202014,-43.2316196518502
DRJ3,DRJ3_T22_S08,42,-23.004201763143204,-43.324304408456904
DRJ3,DRJ3_T22_S09,42,-23.004201763143204,-43.324304408456904
DRJ3,DRJ3_T22_S10,42,-23.00582709611999,-43.32126964352575
DRJ3,DRJ3_T22_S11,42,-23.008770783979784,-43.327488432923175
DRJ3,DRJ3_T22_S12,42,-22.974023862835388,-43.22828789668623
DRJ3,DRJ3_T22_S13,42,-23.00582709611999,-43.32126964352575
DRJ3,DRJ3_T22_S14,42,-23.010242493669807,-43.330597838158084
DRJ3,DRJ3_T22_S15,42,-22.996583168457093,-43.2564941481627
DRJ3,DRJ3_T22_S16,42,-22.978596607281926,-43.2314713026567
DRJ3,DRJ3_T22_S17,42,-22.986267160670277,-43.234728937542826
DRJ3,DRJ3_T22_S18,42,-22.981544895453705,-43.23768982073614
DRJ3,DRJ3_T22_S19,42,-23.00907750749348,-43.31520004578292
DRJ3,DRJ3_T22_S20,42,-23.010549458418325,-43.31830945325008
DRJ3,DRJ3_T22_S21,42,-23.010396094350902,-43.32445366168154
DRJ3,DRJ3_T22_S22,42,-23.01070258586471,-43.312165213004796
DRJ3,DRJ3_T22_S23,42,-22.99510972093582,-43.253384809905214
DRJ3,DRJ3_T22_S24,42,-23.007605467094976,-43.312090645406215
DRJ3,DRJ3_T22_S25,42,-23.012480354118757,-43.30298605509677
DRJ3,DRJ3_T22_S26,42,-22.99348544920808,-43.2564198514734
DRJ3,DRJ3_T22_S27,42,-23.007605467094976,-43.312090645406215
DRJ3,DRJ3_T22_S28,42,-23.012327579341942,-43.309130357644584
DRJ3,DRJ3_T22_S29,42,-22.9470062228285,-43.255305487871915
DRJ3,DRJ3_T22_S30,42,-23.012174567919576,-43.31527462858915
DRJ3,DRJ3_T22_S31,42,-23.007452344241,-43.31823485596216
DRJ3,DRJ3_T22_S32,42,-23.010855476682696,-43.30602094108675
DRJ3,DRJ3_T22_S33,42,-22.974023862835388,-43.22828789668623
DRJ3,DRJ3_T22_S34,42,-22.97697244565509,-43.234506369182405
DRJ3,DRJ3_T22_S35,42,-22.98007079598141,-43.23458055791399
DRJ3,DRJ3_T22_S36,42,-23.014105146632648,-43.299951146575644
DRJ3,DRJ3_T22_S37,42,-22.99937857881923,-43.26885721782464
DRJ3,DRJ3_T22_S38,42,-23.004355117971308,-43.318160259399825
DRJ3,DRJ3_T22_S39,42,-23.013799592529573,-43.31223978132871
DRJ3,DRJ3_T22_S40,42,-23.00791100299152,-43.29980212942316
DRJ3,DRJ3_T22_S41,42,-23.0118678351675,-43.3275630751043
DRJ3,DRJ3_T22_S42,42,-22.99201194350135,-43.253310528431086
DRJ3,DRJ3_T22_S43,42,-22.96620230180139,-43.23117461293058
DRJ3,DRJ3_T22_S44,42,-22.9875479212038,-43.3085339530232
DSP2,DSP2_T01_S01,42,-23.456190079022317,-46.56786748362737
DSP2,DSP2_T01_S02,42,-23.456190079022317,-46.56786748362737
DSP2,DSP2_T01_S03,42,-23.456190079022317,-46.56786748362737
DSP2,DSP2_T01_S04,42,-23.456190079022317,-46.56786748362737
DSP2,DSP2_T01_S05,42,-23.436928315809492,-46.55199924856091
DSP2,DSP2_T01_S06,42,-23.456190079022317,-46.56786748362737
DSP2,DSP2_T01_S07,42,-23.436928315809492,-46.55199924856091
DSP2,DSP2_T01_S08,42,-23.456190079022317,-46.56786748362737
DSP2,DSP2_T01_S09,42,-23.436928315809492,-46.55199924856091
DSP2,DSP2_T01_S10,42,-23.436928315809492,-46.55199924856091
DSP2,DSP2_T01_S11,42,-23.456190079022317,-46.56786748362737
DSP2,DSP2_T01_S12,42,-23.436928315809492,-46.55199924856091
DSP2,DSP2_T01_S13,42,-23.456190079022317,-46.56786748362737
DSP2,DSP2_T01_S14,42,-23.436928315809492,-46.55199924856091
DSP2,DSP2_T01_S15,42,-23.436928315809492,-46.55199924856091
DSP2,DSP2_T01_S16,42,-23.436928315809492,-46.55199924856091
DSP2,DSP2_T01_S17,42,-23.425478656903064,-46.53329945035388
DSP2,DSP2_T01_S18,42,-23.436928315809492,-46.55199924856091
DSP2,DSP2_T01_S19,42,-23.456190079022317,-46.56786748362737
DSP2,DSP2_T01_S20,42,-23.425478656903064,-46.53329945035388
DSP2,DSP2_T01_S21,42,-23.436928315809492,-46.55199924856091
DSP2,DSP2_T01_S22,42,-23.453393035181207,-46.59533041086385
DSP2,DSP2_T01_S23,42,-23.456190079022317,-46.56786748362737
DSP2,DSP2_T01_S24,42,-23.425478656903064,-46.53329945035388
DSP2,DSP2_T01_S25,42,-23.455068680071673,-46.59231917475654
DSP2,DSP2_T01_S26,42,-23.455068680071673,-46.59231917475654
DSP2,DSP2_T01_S27,42,-23.437485345586726,-46.57343990430869
DSP2,DSP2_T01_S28,42,-23.43329822555474,-46.56413540112513
DSP2,DSP2_T01_S29,42,-23.436928315809492,-46.55199924856091
DSP2,DSP2_T01_S30,42,-23.435809739443858,-46.57645125952255
DSP2,DSP2_T01_S31,42,-23.44195360477905,-46.54296425819467
DSP2,DSP2_T01_S32,42,-23.425478656903064,-46.53329945035388
DSP2,DSP2_T01_S33,42,-23.43608985925255,-46.53667091698618
DSP2,DSP2_T01_S34,42,-23.45840795986775,-46.61996078420725
DSP2,DSP2_T01_S35,42,-23.455068680071673,-46.59231917475654
DSP2,DSP2_T01_S36,42,-23.4536616566462,-46.62288139709957
DSP2,DSP2_T01_S37,42,-23.46175984546469,-46.61393875601475
DSP2,DSP2_T01_S38,42,-23.31846389782081,-46.58525048305501
DSP2,DSP2_T01_S39,42,-23.43329822555474,-46.56413540112513
DSP2,DSP2_T01_S40,42,-23.453379548852272,-46.62899352132882
DSP2,DSP2_T01_S41,42,-23.43329822555474,-46.56413540112513
DSP2,DSP2_T01_S42,42,-23.451154774607225,-46.61056654540218
DSP2,DSP2_T01_S43,42,-23.26280795416121,-46.58973894211174
DSP2,DSP2_T01_S44,42,-23.446141557368875,-46.55226927577547
DSP2,DSP2_T01_S45,42,-23.327409670027453,-46.591632456306186
DSP2,DSP2_T01_S46,42,-23.46343567169613,-46.610927680932484
DSP2,DSP2_T01_S47,42,-23.44865344465368,-46.56458573043191
DSP2,DSP2_T01_S48,42,-23.449478758427297,-46.61357756546816
DSP2,DSP2_T02_S01,42,-23.422908332057926,-46.41995997223609
DSP2,DSP2_T02_S02,42,-23.422908332057926,-46.41995997223609
DSP2,DSP2_T02_S03,42,-23.422908332057926,-46.41995997223609
DSP2,DSP2_T02_S04,42,-23.422908332057926,-46.41995997223609
DSP2,DSP2_T02_S05,42,-23.422908332057926,-46.41995997223609
DSP2,DSP2_T02_S06,42,-23.422908332057926,-46.41995997223609
DSP2,DSP2_T02_S07,42,-23.422908332057926,-46.41995997223609
DSP2,DSP2_T02_S08,42,-23.407020375369882,-46.46541833736085
DSP2,DSP2_T02_S09,42,-23.422908332057926,-46.41995997223609
DSP2,DSP2_T02_S10,42,-23.407020375369882,-46.46541833736085
DSP2,DSP2_T02_S11,42,-23.48238627945226,-46.43087686905629
DSP2,DSP2_T02_S12,42,-23.422908332057926,-46.41995997223609
DSP2,DSP2_T02_S13,42,-23.407020375369882,-46.46541833736085
DSP2,DSP2_T02_S14,42,-23.45697169970264,-46.414827698422265
DSP2,DSP2_T02_S15,42,-23.52509899193292,-46.47192630684595
DSP2,DSP2_T02_S16,42,-23.450280829588785,-46.42687999263283
DSP2,DSP2_T02_S17,42,-23.48238627945226,-46.43087686905629
DSP2,DSP2_T02_S18,42,-23.422908332057926,-46.41995997223609
DSP2,DSP2_T02_S19,42,-23.45082918161569,-46.41464895630493
DSP2,DSP2_T02_S20,42,-23.407020375369882,-46.46541833736085
DSP2,DSP2_T02_S21,42,-23.45697169970264,-46.414827698422265
DSP2,DSP2_T02_S22,42,-23.44021559229479,-46.4112783925883
DSP2,DSP2_T02_S23,42,-23.450280829588785,-46.42687999263283
DSP2,DSP2_T02_S24,42,-23.52509899193292,-46.47192630684595
DSP2,DSP2_T02_S25,42,-23.48238627945226,-46.43087686905629
DSP2,DSP2_T02_S26,42,-23.422908332057926,-46.41995997223609
DSP2,DSP2_T02_S27,42,-23.45082918161569,-46.41464895630493
DSP2,DSP2_T02_S28,42,-23.44021559229479,-46.4112783925883
DSP2,DSP2_T02_S29,42,-23.451425356247732,-46.469775009078404
DSP2,DSP2_T02_S30,42,-23.407020375369882,-46.46541833736085
DSP2,DSP2_T02_S31,42,-23.439636385397126,-46.38982863902029
DSP2,DSP2_T02_S32,42,-23.44668052891212,-46.47269789655382
DSP2,DSP2_T02_S33,42,-23.45082918161569,-46.41464895630493
DSP2,DSP2_T02_S34,42,-23.49413316064381,-46.47714494219442
DSP2,DSP2_T02_S35,42,-23.422908332057926,-46.41995997223609
DSP2,DSP2_T02_S36,40,-23.40493969324977,-46.339829840273616
DSP2,DSP2_T02_S37,42,-23.450280829588785,-46.42687999263283
DSP2,DSP2_T02_S38,42,-23.48855949766615,-46.498412217821986
DSP2,DSP2_T02_S39,42,-23.52509899193292,-46.47192630684595
DSP2,DSP2_T02_S40,42,-23.444161032395147,-46.46037884975027
DSP2,DSP2_T02_S41,42,-23.50473733818916,-46.48051632946691
DSP2,DSP2_T02_S42,42,-23.45504810876062,-46.45763492698704
DSP2,DSP2_T02_S43,42,-23.443885239749026,-46.46649360504673
DSP2,DSP2_T02_S44,42,-23.44666017998012,-46.43902113515465
DSP2,DSP2_T02_S45,42,-23.452546505340596,-46.478991812011245
DSP2,DSP2_T02_S46,42,-23.49440960173966,-46.47102987284971
DSP2,DSP2_T02_S47,42,-23.405323018325188,-46.43475577822916
DSP2,DSP2_T02_S48,42,-23.439667599374143,-46.42350933204243
DSP2,DSP2_T02_S49,42,-23.477889626811866,-46.39400248953963
DSP2,DSP2_T03_S01,42,-23.496934495057406,-46.5170251389802
DSP2,DSP2_T03_S02,42,-23.496934495057406,-46.5170251389802
DSP2,DSP2_T03_S03,42,-23.446416071797348,-46.512485700420164
DSP2,DSP2_T03_S04,42,-23.496934495057406,-46.5170251389802
DSP2,DSP2_T03_S05,42,-23.446416071797348,-46.512485700420164
DSP2,DSP2_T03_S06,42,-23.496934495057406,-46.5170251389802
DSP2,DSP2_T03_S07,42,-23.446416071797348,-46.512485700420164
DSP2,DSP2_T03_S08,42,-23.43552773124536,-46.51522823773657
DSP2,DSP2_T03_S09,42,-23.496934495057406,-46.5170251389802
DSP2,DSP2_T03_S10,42,-23.446416071797348,-46.512485700420164
DSP2,DSP2_T03_S11,42,-23.43552773124536,-46.51522823773657
DSP2,DSP2_T03_S12,42,-23.496934495057406,-46.5170251389802
DSP2,DSP2_T03_S13,42,-23.446416071797348,-46.512485700420164
DSP2,DSP2_T03_S14,42,-23.43552773124536,-46.51522823773657
DSP2,DSP2_T03_S15,42,-23.446416071797348,-46.512485700420164
DSP2,DSP2_T03_S16,42,-23.43552773124536,-46.51522823773657
DSP2,DSP2_T03_S17,42,-23.42072379506039,-46.50255151145623
DSP2,DSP2_T03_S18,42,-23.496934495057406,-46.5170251389802
DSP2,DSP2_T03_S19,42,-23.446416071797348,-46.512485700420164
DSP2,DSP2_T03_S20,42,-23.43552773124536,-46.51522823773657
DSP2,DSP2_T03_S21,42,-23.42072379506039,-46.50255151145623
DSP2,DSP2_T03_S22,42,-23.446416071797348,-46.512485700420164
DSP2,DSP2_T03_S23,42,-23.43552773124536,-46.51522823773657
DSP2,DSP2_T03_S24,42,-23.441948121242987,-46.50929398839962
DSP2,DSP2_T03_S25,42,-23.42072379506039,-46.50255151145623
DSP2,DSP2_T03_S26,42,-23.460651210842357,-46.503718663592615
DSP2,DSP2_T03_S27,42,-23.446416071797348,-46.512485700420164
DSP2,DSP2_T03_S28,42,-23.43552773124536,-46.51522823773657
DSP2,DSP2_T03_S29,42,-23.441948121242987,-46.50929398839962
DSP2,DSP2_T03_S30,42,-23.42072379506039,-46.50255151145623
DSP2,DSP2_T03_S31,42,-23.460651210842357,-46.503718663592615
DSP2,DSP2_T03_S32,42,-23.429106725545736,-46.52116227232388
DSP2,DSP2_T03_S33,42,-23.446416071797348,-46.512485700420164
DSP2,DSP2_T03_S34,42,-23.43217835126054,-46.52125213593609
DSP2,DSP2_T03_S35,42,-23.43217835126054,-46.52125213593609
DSP2,DSP2_T03_S36,42,-23.465958743145265,-46.522240692292236
DSP2,DSP2_T03_S37,42,-23.463166397423738,-46.516036800837114
DSP2,DSP2_T03_S38,42,-23.46568045897425,-46.528354634429505
DSP2,DSP2_T03_S39,42,-23.441948121242987,-46.50929398839962
DSP2,DSP2_T03_S40,42,-23.46288836613532,-46.52215081924284
DSP2,DSP2_T03_S41,42,-23.488282025955023,-46.50452677686308
DSP2,DSP2_T03_S42,42,-23.451723760838227,-46.531006952451314
DSP2,DSP2_T03_S43,42,-23.493025045641044,-46.50160418134781
DSP2,DSP2_T03_S44,42,-23.460651210842357,-46.503718663592615
DSP2,DSP2_T03_S45,42,-23.42072379506039,-46.50255151145623
DSP2,DSP2_T03_S46,42,-23.499163653663604,-46.50178374565066
DSP2,DSP2_T03_S47,42,-23.44865290013478,-46.530917040645576
DSP2,DSP2_T03_S48,42,-23.45953962775788,-46.5281748323624
DSP2,DSP2_T04_S01,42,-23.47712007805701,-46.58072455014056
DSP2,DSP2_T04_S02,42,-23.47125109238155,-46.608097110636834
DSP2,DSP2_T04_S03,42,-23.4832591212551,-46.58090484616886
DSP2,DSP2_T04_S04,42,-23.47712007805701,-46.58072455014056
DSP2,DSP2_T04_S05,42,-23.49497419604274,-46.5934918201472
DSP2,DSP2_T04_S06,42,-23.486598284800408,-46.608548489266965
DSP2,DSP2_T04_S07,42,-23.482416518634597,-46.59924390360411
DSP2,DSP2_T04_S08,42,-23.48994888285031,-46.60252594338815
DSP2,DSP2_T04_S09,42,-23.475996286254333,-46.6051761870326
DSP2,DSP2_T04_S10,42,-23.484922869041917,-46.611559701274366
DSP2,DSP2_T04_S11,42,-23.474883339330137,-46.59596191354458
DSP2,DSP2_T04_S12,42,-23.480741193633886,-46.602255196168656
DSP2,DSP2_T04_S13,42,-23.47320794945036,-46.598973205408775
DSP2,DSP2_T04_S14,42,-23.470138199173885,-46.598882974398926
DSP2,DSP2_T04_S15,42,-23.50781074752602,-46.58162606469473
DSP2,DSP2_T04_S16,42,-23.493299169515335,-46.59650323512947
DSP2,DSP2_T04_S17,42,-23.479347109192044,-46.59915367001137
DSP2,DSP2_T04_S18,42,-23.47906579081815,-46.60526644814086
DSP2,DSP2_T04_S19,42,-23.49804305566474,-46.593582029664105
DSP2,DSP2_T04_S20,42,-23.473488996243358,-46.59286037763081
DSP2,DSP2_T04_S21,42,-23.46929370700962,-46.617220733661284
DSP2,DSP2_T04_S22,42,-23.484091765805918,-46.59623257046306
DSP2,DSP2_T04_S23,42,-23.475164278060603,-46.58984901842677
DSP2,DSP2_T04_S24,42,-23.486879766757625,-46.60243569345387
DSP2,DSP2_T04_S25,42,-23.484372759920507,-46.5901195902017
DSP2,DSP2_T04_S26,42,-23.483819682814044,-46.56867827764558
DSP2,DSP2_T04_S27,42,-23.48017806914725,-46.614480567679784
DSP2,DSP2_T04_S28,42,-23.472926668081357,-46.60508592678554
DSP2,DSP2_T04_S29,42,-23.477952928443894,-46.59605213165655
DSP2,DSP2_T04_S30,42,-23.462322747571843,-46.601713724979106
DSP2,DSP2_T04_S31,42,-23.506416781454707,-46.57852427804136
DSP2,DSP2_T04_S32,42,-23.468462683950303,-46.60189421193137
DSP2,DSP2_T04_S33,42,-23.4832591212551,-46.58090484616886
DSP2,DSP2_T04_S34,42,-23.464560106044292,-46.58647692342347
DSP2,DSP2_T04_S35,42,-23.472363401691204,-46.617311049790004
DSP2,DSP2_T04_S36,42,-23.5108791891395,-46.581716220882086
DSP2,DSP2_T04_S37,42,-23.49023014860512,-46.59641301271309
DSP2,DSP2_T04_S38,42,-23.48045974869679,-46.60836793523091
DSP2,DSP2_T04_S39,42,-23.4946930199518,-46.59960484658518
DSP2,DSP2_T04_S40,42,-23.47041922748718,-46.59277017500002
DSP2,DSP2_T04_S41,42,-23.46958582196971,-46.57744264639362
DSP2,DSP2_T04_S42,42,-23.489397709891644,-46.58108514563834
DSP2,DSP2_T04_S43,42,-23.46819096730104,-46.574341023163115
DSP2,DSP2_T04_S44,42,-23.481303379594944,-46.59002939874944
DSP2,DSP2_T04_S45,42,-23.509485289126925,-46.57861441960343
DSP2,DSP2_T04_S46,42,-23.480750181264657,-46.56858818598219
DSP2,DSP2_T04_S47,42,-23.499717956679053,-46.590570560373074
DSP2,DSP2_T04_S48,42,-23.491352864153306,-46.571960227878826
DSP2,DSP2_T05_S01,42,-23.517298987378457,-46.50843723609893
DSP2,DSP2_T05_S02,42,-23.496934495057406,-46.5170251389802
DSP2,DSP2_T05_S03,42,-23.517298987378457,-46.50843723609893
DSP2,DSP2_T05_S04,42,-23.517298987378457,-46.50843723609893
DSP2,DSP2_T05_S05,42,-23.517298987378457,-46.50843723609893
DSP2,DSP2_T05_S06,42,-23.456190079022317,-46.56786748362737
DSP2,DSP2_T05_S07,42,-23.456190079022317,-46.56786748362737
DSP2,DSP2_T05_S08,42,-23.496934495057406,-46.5170251389802
DSP2,DSP2_T05_S09,42,-23.456190079022317,-46.56786748362737
DSP2,DSP2_T05_S10,42,-23.517298987378457,-46.50843723609893
DSP2,DSP2_T05_S11,42,-23.456190079022317,-46.56786748362737
DSP2,DSP2_T05_S12,42,-23.496934495057406,-46.5170251389802
DSP2,DSP2_T05_S13,42,-23.517298987378457,-46.50843723609893
DSP2,DSP2_T05_S14,42,-23.496934495057406,-46.5170251389802
DSP2,DSP2_T05_S15,42,-23.517298987378457,-46.50843723609893
DSP2,DSP2_T05_S16,42,-23.48186841403417,-46.544133894886464
DSP2,DSP2_T05_S17,42,-23.460657052833596,-46.53739043525949
DSP2,DSP2_T05_S18,42,-23.496934495057406,-46.5170251389802
DSP2,DSP2_T05_S19,42,-23.517298987378457,-46.50843723609893
DSP2,DSP2_T05_S20,42,-23.504468351398312,-46.55397962769831
DSP2,DSP2_T05_S21,42,-23.456190079022317,-46.56786748362737
DSP2,DSP2_T05_S22,42,-23.46986787692459,-46.53766026877796
DSP2,DSP2_T05_S23,42,-23.48186841403417,-46.544133894886464
DSP2,DSP2_T05_S24,42,-23.46540194010179,-46.534468471745484
DSP2,DSP2_T05_S25,42,-23.5027941476189,-46.55699151347801
DSP2,DSP2_T05_S26,42,-23.477403340094877,-46.540942045811065
DSP2,DSP2_T05_S27,42,-23.454515935598128,-46.53721055054002
DSP2,DSP2_T05_S28,42,-23.460657052833596,-46.53739043525949
DSP2,DSP2_T05_S29,42,-23.486053795347587,-46.553439483055165
DSP2,DSP2_T05_S30,42,-23.468193395332726,-46.54067216324242
DSP2,DSP2_T05_S31,42,-23.468472167126265,-46.53455840247684
DSP2,DSP2_T05_S32,42,-23.470146540477955,-46.53154644131032
DSP2,DSP2_T05_S33,42,-23.48465876449315,-46.55033763223978
DSP2,DSP2_T05_S34,42,-23.51144341294559,-46.53581752286122
DSP2,DSP2_T05_S35,42,-23.453958087047496,-46.549437606206524
DSP2,DSP2_T05_S36,42,-23.50865355092058,-46.52961334502641
DSP2,DSP2_T05_S37,42,-23.510605625409106,-46.52048673157223
DSP2,DSP2_T05_S38,42,-23.443628545425565,-46.5399525141751
DSP2,DSP2_T05_S39,42,-23.461773894226965,-46.54660584468324
DSP2,DSP2_T05_S40,42,-23.506700946356325,-46.53873968012899
DSP2,DSP2_T05_S41,42,-23.484937988801786,-46.544223872951505
DSP2,DSP2_T05_S42,42,-23.457307725740293,-46.543414101284796
DSP2,DSP2_T05_S43,42,-23.513395801354385,-46.52669103866801
DSP2,DSP2_T05_S44,42,-23.45814486942968,-46.5587426839587
DSP2,DSP2_T05_S45,42,-23.48437930537978,-46.55645128620921
DSP2,DSP2_T05_S46,42,-23.498330620821573,-46.55379957604678
DSP2,DSP2_T05_S47,42,-23.471820835851787,-46.52853443992952
DSP2,DSP2_T05_S48,42,-23.472659007925724,-46.543863965844565
DSP2,DSP2_T05_S49,42,-23.468750875774848,-46.56211452697714
DSP2,DSP2_T06_S01,42,-23.504180433819283,-46.59376245128038
DSP2,DSP2_T06_S02,42,-23.504180433819283,-46.59376245128038
DSP2,DSP2_T06_S03,42,-23.504180433819283,-46.59376245128038
DSP2,DSP2_T06_S04,42,-23.512822839576337,-46.60625937717435
DSP2,DSP2_T06_S05,42,-23.504180433819283,-46.59376245128038
DSP2,DSP2_T06_S06,42,-23.512822839576337,-46.60625937717435
DSP2,DSP2_T06_S07,42,-23.49356596820144,-46.62405588674741
DSP2,DSP2_T06_S08,42,-23.504180433819283,-46.59376245128038
DSP2,DSP2_T06_S09,42,-23.52315181805827,-46.582076854235616
DSP2,DSP2_T06_S10,42,-23.501942636025877,-46.60899988943106
DSP2,DSP2_T06_S11,42,-23.5278939462746,-46.57915528704218
DSP2,DSP2_T06_S12,42,-23.502224210495783,-46.60288695173681
DSP2,DSP2_T06_S13,42,-23.512822839576337,-46.60625937717435
DSP2,DSP2_T06_S14,42,-23.534860499864454,-46.59466461101415
DSP2,DSP2_T06_S15,42,-23.5278939462746,-46.57915528704218
DSP2,DSP2_T06_S16,42,-23.489667382386266,-46.60863876757702
DSP2,DSP2_T06_S17,42,-23.489103677406316,-46.62086409595066
DSP2,DSP2_T06_S18,42,-23.49356596820144,-46.62405588674741
DSP2,DSP2_T06_S19,42,-23.484641044368995,-46.61767232292156
DSP2,DSP2_T06_S20,42,-23.499703388619192,-46.62423659039138
DSP2,DSP2_T06_S21,42,-23.504180433819283,-46.59376245128038
DSP2,DSP2_T06_S22,42,-23.52315181805827,-46.582076854235616
DSP2,DSP2_T06_S23,42,-23.48799201418938,-46.61164999334042
DSP2,DSP2_T06_S24,42,-23.48324737548018,-46.61457087263937
DSP2,DSP2_T06_S25,42,-23.491342672755174,-46.605627501186135
DSP2,DSP2_T06_S26,42,-23.489385647231934,-46.6147514851433
DSP2,DSP2_T06_S27,42,-23.508361192124966,-46.6030674610782
DSP2,DSP2_T06_S28,42,-23.51728414464358,-46.60945131113062
DSP2,DSP2_T06_S29,42,-23.501942636025877,-46.60899988943106
DSP2,DSP2_T06_S30,42,-23.49217262424592,-46.620954431864895
DSP2,DSP2_T06_S31,42,-23.513666700059833,-46.58791978712953
DSP2,DSP2_T06_S32,42,-23.486034616911947,-46.62077376089824
DSP2,DSP2_T06_S33,42,-23.502224210495783,-46.60288695173681
DSP2,DSP2_T06_S34,42,-23.49049708748094,-46.62396553621839
DSP2,DSP2_T06_S35,42,-23.491061045684514,-46.61174028626795
DSP2,DSP2_T06_S36,42,-23.495805236569456,-46.60881932678125
DSP2,DSP2_T06_S37,42,-23.505840354263825,-46.62441729748331
DSP2,DSP2_T06_S38,42,-23.53625352127372,-46.597766439360335
DSP2,DSP2_T06_S39,42,-23.512822839576337,-46.60625937717435
DSP2,DSP2_T06_S40,42,-23.528444017859005,-46.60059751082115
DSP2,DSP2_T06_S41,42,-23.49691686882522,-46.61803360984033
DSP2,DSP2_T06_S42,42,-23.48296544277414,-46.620683426707664
DSP2,DSP2_T06_S43,42,-23.50807958066502,-46.60918045552654
DSP2,DSP2_T06_S44,42,-23.530666004964143,-46.61902721996364
DSP2,DSP2_T06_S45,42,-23.51031735711249,-46.59394287634001
DSP2,DSP2_T06_S46,42,-23.519802977736926,-46.588100160583394
DSP2,DSP2_T06_S47,42,-23.518677212919215,-46.61255296138438
DSP2,DSP2_T06_S48,42,-23.52676940715336,-46.60360900977177
DSP2,DSP2_T07_S01,42,-23.517298987378457,-46.50843723609893
DSP2,DSP2_T07_S02,42,-23.517298987378457,-46.50843723609893
DSP2,DSP2_T07_S03,42,-23.517298987378457,-46.50843723609893
DSP2,DSP2_T07_S04,42,-23.517298987378457,-46.50843723609893
DSP2,DSP2_T07_S05,42,-23.517298987378457,-46.50843723609893
DSP2,DSP2_T07_S06,42,-23.528734882173417,-46.56081388175726
DSP2,DSP2_T07_S07,42,-23.51869580764727,-46.545213688356526
DSP2,DSP2_T07_S08,42,-23.529568123657803,-46.57614351888386
DSP2,DSP2_T07_S09,42,-23.528734882173417,-46.56081388175726
DSP2,DSP2_T07_S10,42,-23.534590187402646,-46.5671079717147
DSP2,DSP2_T07_S11,42,-23.523995682564138,-46.53006292529748
DSP2,DSP2_T07_S12,42,-23.5304087343296,-46.55780191239358
DSP2,DSP2_T07_S13,42,-23.53459404736681,-46.53343489568035
DSP2,DSP2_T07_S14,42,-23.5331964661091,-46.564005963929944
DSP2,DSP2_T07_S15,42,-23.532916244236116,-46.57011986120429
DSP2,DSP2_T07_S16,42,-23.5331964661091,-46.564005963929944
DSP2,DSP2_T07_S17,42,-23.532082508373243,-46.55478990266791
DSP2,DSP2_T07_S18,42,-23.51869580764727,-46.545213688356526
DSP2,DSP2_T07_S19,42,-23.54017088896668,-46.545843625004416
DSP2,DSP2_T07_S20,42,-23.527340902040702,-46.55771186463163
DSP2,DSP2_T07_S21,42,-23.532641522678023,-46.54256150353709
DSP2,DSP2_T07_S22,42,-23.51981068748039,-46.55442977186545
DSP2,DSP2_T07_S23,42,-23.530128765922207,-46.56391588690666
DSP2,DSP2_T07_S24,42,-23.524274311914947,-46.523948443263805
DSP2,DSP2_T07_S25,42,-23.53989133623929,-46.55195789560735
DSP2,DSP2_T07_S26,42,-23.52706376753865,-46.53015284392701
DSP2,DSP2_T07_S27,42,-23.537382660921686,-46.53963928404889
DSP2,DSP2_T07_S28,42,-23.532362133133702,-46.54867575575137
DSP2,DSP2_T07_S29,42,-23.534870300834402,-46.56099400740279
DSP2,DSP2_T07_S30,42,-23.522879439617604,-46.52084622528108
DSP2,DSP2_T07_S31,42,-23.520648637418702,-46.536087356266435
DSP2,DSP2_T07_S32,42,-23.532082508373243,-46.55478990266791
DSP2,DSP2_T07_S33,42,-23.517859171227045,-46.52988309061377
DSP2,DSP2_T07_S34,42,-23.529848562358666,-46.57002975578226
DSP2,DSP2_T07_S35,42,-23.528179341436285,-46.53936939385543
DSP2,DSP2_T07_S36,42,-23.53570922982781,-46.54265148157023
DSP2,DSP2_T07_S37,42,-23.510605627080896,-46.55415968278712
DSP2,DSP2_T07_S38,42,-23.523716818018688,-46.53617730245219
DSP2,DSP2_T07_S39,42,-23.51450844598383,-46.5695792415719
DSP2,DSP2_T07_S40,42,-23.535988402328982,-46.53653709578219
DSP2,DSP2_T07_S41,42,-23.525667002119643,-46.560723820223984
DSP2,DSP2_T07_S42,42,-23.52092748378984,-46.529973007526394
DSP2,DSP2_T07_S43,42,-23.53877682313691,-46.54274146046234
DSP2,DSP2_T07_S44,42,-23.526784884820987,-46.53626724949662
DSP2,DSP2_T07_S45,42,-23.510045928060393,-46.566387262567154
DSP2,DSP2_T07_S46,42,-23.525947608704683,-46.520936100853525
DSP2,DSP2_T07_S47,42,-23.526226413798923,-46.548495745443596
DSP2,DSP2_T07_S48,42,-23.51897499762896,-46.539099511391385
DSP2,DSP2_T08_S01,42,-23.528176946016554,-46.505694174194446
DSP2,DSP2_T08_S02,42,-23.528176946016554,-46.505694174194446
DSP2,DSP2_T08_S03,42,-23.528176946016554,-46.505694174194446
DSP2,DSP2_T08_S04,42,-23.551046057741083,-46.543101384620755
DSP2,DSP2_T08_S05,42,-23.528176946016554,-46.505694174194446
DSP2,DSP2_T08_S06,42,-23.53738073526657,-46.50596359415842
DSP2,DSP2_T08_S07,42,-23.572513359927093,-46.510054073493734
DSP2,DSP2_T08_S08,42,-23.551046057741083,-46.543101384620755
DSP2,DSP2_T08_S09,42,-23.528176946016554,-46.505694174194446
DSP2,DSP2_T08_S10,42,-23.55745929149057,-46.53716676717155
DSP2,DSP2_T08_S11,42,-23.53738073526657,-46.50596359415842
DSP2,DSP2_T08_S12,42,-23.572513359927093,-46.510054073493734
DSP2,DSP2_T08_S13,42,-23.551046057741083,-46.543101384620755
DSP2,DSP2_T08_S14,42,-23.528176946016554,-46.505694174194446
DSP2,DSP2_T08_S15,42,-23.540170423348805,-46.512168340516766
DSP2,DSP2_T08_S16,42,-23.53487285786538,-46.527320366610596
DSP2,DSP2_T08_S17,42,-23.539613689274194,-46.524397902904255
DSP2,DSP2_T08_S18,42,-23.55745929149057,-46.53716676717155
DSP2,DSP2_T08_S19,42,-23.529293967667233,-46.51491129555422
DSP2,DSP2_T08_S20,42,-23.546305601946845,-46.546023614635594
DSP2,DSP2_T08_S21,42,-23.53738073526657,-46.50596359415842
DSP2,DSP2_T08_S22,42,-23.529015663983174,-46.52102597728407
DSP2,DSP2_T08_S23,42,-23.55662303824198,-46.52183490377594
DSP2,DSP2_T08_S24,42,-23.56777445416928,-46.5129769102996
DSP2,DSP2_T08_S25,42,-23.554113081677755,-46.5431913678079
DSP2,DSP2_T08_S26,42,-23.537661724874027,-46.53352483152282
DSP2,DSP2_T08_S27,42,-23.543517638027176,-46.53981921513882
DSP2,DSP2_T08_S28,42,-23.564429401370074,-46.51900212669327
DSP2,DSP2_T08_S29,42,-23.5546714094576,-46.530962150225314
DSP2,DSP2_T08_S30,42,-23.531805048365978,-46.527230460043754
DSP2,DSP2_T08_S31,42,-23.54853384146403,-46.49710521799185
DSP2,DSP2_T08_S32,42,-23.535151433069217,-46.521205732719544
DSP2,DSP2_T08_S33,42,-23.53347286113471,-46.490541259724786
DSP2,DSP2_T08_S34,42,-23.544625799220068,-46.48168230394755
DSP2,DSP2_T08_S35,42,-23.539892173992317,-46.518283174020986
DSP2,DSP2_T08_S36,42,-23.554950220176245,-46.52484738400173
DSP2,DSP2_T08_S37,42,-23.557738355814056,-46.53105207744006
DSP2,DSP2_T08_S38,42,-23.549931296295284,-46.533884583479065
DSP2,DSP2_T08_S39,42,-23.536267339550566,-46.53042260496647
DSP2,DSP2_T08_S40,42,-23.55439236328518,-46.537076811539556
DSP2,DSP2_T08_S41,42,-23.549365546182983,-46.47875909701303
DSP2,DSP2_T08_S42,42,-23.56136264665631,-46.51891225460586
DSP2,DSP2_T08_S43,42,-23.522040517400274,-46.505514565172795
DSP2,DSP2_T08_S44,42,-23.535429772959624,-46.515090994143776
DSP2,DSP2_T08_S45,42,-23.544071383293694,-46.493912966006434
DSP2,DSP2_T08_S46,42,-23.547978194161832,-46.50933544478732
DSP2,DSP2_T08_S47,42,-23.570840999035877,-46.51306675567602
DSP2,DSP2_T08_S48,42,-23.547142957346956,-46.5276800014619
DSP2,DSP2_T09_S01,42,-23.562193770714114,-46.56791883528874
DSP2,DSP2_T09_S02,42,-23.534029255001197,-46.579335583071085
DSP2,DSP2_T09_S03,42,-23.542958731437924,-46.552047918401975
DSP2,DSP2_T09_S04,42,-23.540725114141882,-46.567288157600395
DSP2,DSP2_T09_S05,42,-23.562193770714114,-46.56791883528874
DSP2,DSP2_T09_S06,42,-23.536264052468386,-46.56409604181301
DSP2,DSP2_T09_S07,42,-23.54379240673505,-46.56737825183314
DSP2,DSP2_T09_S08,42,-23.537377340757434,-46.57331195122676
DSP2,DSP2_T09_S09,42,-23.537096738628232,-46.579425732376095
DSP2,DSP2_T09_S10,42,-23.542118606870446,-46.57039018263054
DSP2,DSP2_T09_S11,42,-23.55438682963353,-46.57075062323965
DSP2,DSP2_T09_S12,42,-23.532635787199908,-46.5762336527016
DSP2,DSP2_T09_S13,42,-23.537096738628232,-46.579425732376095
DSP2,DSP2_T09_S14,42,-23.542118606870446,-46.57039018263054
DSP2,DSP2_T09_S15,42,-23.548252946015616,-46.570570401214944
DSP2,DSP2_T09_S16,42,-23.534309838785287,-46.57322183031629
DSP2,DSP2_T09_S17,42,-23.556060438335148,-46.56773863736362
DSP2,DSP2_T09_S18,42,-23.560520257634128,-46.57093084870475
DSP2,DSP2_T09_S19,42,-23.552993601273513,-46.567648539691035
DSP2,DSP2_T09_S20,42,-23.54407257504032,-46.56126420231864
DSP2,DSP2_T09_S21,42,-23.546859585462215,-46.56746834692582
DSP2,DSP2_T09_S22,42,-23.535983812288073,-46.570209967486335
DSP2,DSP2_T09_S23,42,-23.540444728888257,-46.57340207299739
DSP2,DSP2_T09_S24,42,-23.552160233794698,-46.55231799194197
DSP2,DSP2_T09_S25,42,-23.558846666374457,-46.57394282168495
DSP2,DSP2_T09_S26,42,-23.530961657546218,-46.57924543462646
DSP2,DSP2_T09_S27,42,-23.552713142772912,-46.57376256868162
DSP2,DSP2_T09_S28,42,-23.542398883658993,-46.56427620015853
DSP2,DSP2_T09_S29,42,-23.535703336918644,-46.57632378737959
DSP2,DSP2_T09_S30,42,-23.557453600591618,-46.57084073554214
DSP2,DSP2_T09_S31,42,-23.5471397720544,-46.561354269009996
DSP2,DSP2_T09_S32,42,-23.555506817295996,-46.546293605525854
DSP2,DSP2_T09_S33,42,-23.559967234387795,-46.54948584466775
DSP2,DSP2_T09_S34,42,-23.537657707694002,-46.56719806422759
DSP2,DSP2_T09_S35,42,-23.544352508063444,-46.55515004722119
DSP2,DSP2_T09_S36,42,-23.548533259403897,-46.56445636194332
DSP2,DSP2_T09_S37,42,-23.55188037280353,-46.558432270794874
DSP2,DSP2_T09_S38,42,-23.554667179613006,-46.56463652716748
DSP2,DSP2_T09_S39,42,-23.53961154824038,-46.558072060836665
DSP2,DSP2_T09_S40,42,-23.54351200316648,-46.57349219562817
DSP2,DSP2_T09_S41,42,-23.565540562277917,-46.56189468721262
DSP2,DSP2_T09_S42,42,-23.54016410841608,-46.579515882541486
DSP2,DSP2_T09_S43,42,-23.549646210120063,-46.57367244347028
DSP2,DSP2_T09_S44,42,-23.547419723338546,-46.55524008550817
DSP2,DSP2_T09_S45,42,-23.562754091266285,-46.555690289835574
DSP2,DSP2_T09_S46,42,-23.553273824433152,-46.56153440497186
DSP2,DSP2_T09_S47,42,-23.564147375009437,-46.55879249450701
DSP2,DSP2_T09_S48,42,-23.553833564654088,-46.549305818893764
DSP2,DSP2_T09_S49,42,-23.535422626378963,-46.58243750135629
DSP2,DSP2_T10_S01,42,-23.536534828867474,-46.591652976579326
DSP2,DSP2_T10_S02,42,-23.536534828867474,-46.591652976579326
DSP2,DSP2_T10_S03,42,-23.54601761402595,-46.585809945792306
DSP2,DSP2_T10_S04,42,-23.559396357611853,-46.59538640078977
DSP2,DSP2_T10_S05,42,-23.536534828867474,-46.591652976579326
DSP2,DSP2_T10_S06,42,-23.539602161891676,-46.59174318352509
DSP2,DSP2_T10_S07,42,-23.557440660587925,-46.604511659831466
DSP2,DSP2_T10_S08,42,-23.54601761402595,-46.585809945792306
DSP2,DSP2_T10_S09,42,-23.55074334530884,-46.616557799751135
DSP2,DSP2_T10_S10,42,-23.56218124554427,-46.601590279258694
DSP2,DSP2_T10_S11,42,-23.546001969960074,-46.619478895403056
DSP2,DSP2_T10_S12,42,-23.555766448844007,-46.607523255772364
DSP2,DSP2_T10_S13,42,-23.539602161891676,-46.59174318352509
DSP2,DSP2_T10_S14,42,-23.545736486390254,-46.59192359999921
DSP2,DSP2_T10_S15,42,-23.550196265034206,-46.59511572316632
DSP2,DSP2_T10_S16,42,-23.55354436770369,-46.58909227611996
DSP2,DSP2_T10_S17,42,-23.551025450666813,-46.61044451468181
DSP2,DSP2_T10_S18,42,-23.557722332379484,-46.598398104763355
DSP2,DSP2_T10_S19,42,-23.55800376887287,-46.592284443278196
DSP2,DSP2_T10_S20,42,-23.547410594170046,-46.58891188373023
DSP2,DSP2_T10_S21,42,-23.544343536584485,-46.58882168882653
DSP2,DSP2_T10_S22,42,-23.54378082930646,-46.60104875628335
DSP2,DSP2_T10_S23,42,-23.54739421950881,-46.62258062570892
DSP2,DSP2_T10_S24,42,-23.53792788059989,-46.594754831722625
DSP2,DSP2_T10_S25,42,-23.55520218267171,-46.61974991100989
DSP2,DSP2_T10_S26,42,-23.544609623901,-46.616377152778774
DSP2,DSP2_T10_S27,42,-23.554092159040003,-46.61053481108315
DSP2,DSP2_T10_S28,42,-23.549351035114285,-46.613456015588355
DSP2,DSP2_T10_S29,42,-23.5482404800945,-46.604240855769405
DSP2,DSP2_T10_S30,42,-23.547958628408846,-46.610354219142074
DSP2,DSP2_T10_S31,42,-23.53875747843879,-46.61008333769241
DSP2,DSP2_T10_S32,42,-23.552981549946686,-46.601319513895334
DSP2,DSP2_T10_S33,42,-23.548803477842114,-46.59201380952761
DSP2,DSP2_T10_S34,42,-23.541276365134763,-46.58873149478359
DSP2,DSP2_T10_S35,42,-23.56357354472182,-46.60469220017982
DSP2,DSP2_T10_S36,42,-23.54906882141029,-46.61956923307671
DSP2,DSP2_T10_S37,42,-23.559114794257447,-46.60150002327628
DSP2,DSP2_T10_S38,42,-23.559677685645664,-46.5892726719529
DSP2,DSP2_T10_S39,42,-23.553263076459615,-46.59520594817977
DSP2,DSP2_T10_S40,42,-23.562462827316192,-46.59547662838634
DSP2,DSP2_T10_S41,42,-23.565247582903723,-46.60168053610239
DSP2,DSP2_T10_S42,42,-23.552135558984578,-46.61965957161232
DSP2,DSP2_T10_S43,42,-23.5504775378802,-46.589002079494705
DSP2,DSP2_T10_S44,42,-23.541260307407164,-46.622399923712294
DSP2,DSP2_T10_S45,42,-23.554374047651216,-46.6044213909494
DSP2,DSP2_T10_S46,42,-23.54908462386616,-46.58590012693133
DSP2,DSP2_T10_S47,42,-23.54210645703507,-46.604060324034876
DSP2,DSP2_T10_S48,42,-23.541542592401267,-46.616286830585324
DSP2,DSP2_T11_S01,42,-23.592291966507446,-46.58104856700331
DSP2,DSP2_T11_S02,42,-23.58448763925878,-46.58388022752571
DSP2,DSP2_T11_S03,42,-23.586160986876404,-46.58086823827644
DSP2,DSP2_T11_S04,42,-23.566091677329663,-46.58333917939426
DSP2,DSP2_T11_S05,42,-23.58476864325396,-46.57776605923105
DSP2,DSP2_T11_S06,42,-23.59703041105375,-46.57812666161006
DSP2,DSP2_T11_S07,42,-23.580029551169122,-46.58068791299186
DSP2,DSP2_T11_S08,42,-23.58309532602669,-46.580778075203874
DSP2,DSP2_T11_S09,42,-23.593965140164823,-46.57803650972459
DSP2,DSP2_T11_S10,42,-23.58309532602669,-46.580778075203874
DSP2,DSP2_T11_S11,42,-23.593965140164823,-46.57803650972459
DSP2,DSP2_T11_S12,42,-23.59870345855559,-46.57511455008362
DSP2,DSP2_T11_S13,42,-23.56135152429336,-46.5862608600942
DSP2,DSP2_T11_S14,42,-23.56163250848744,-46.580146957790944
DSP2,DSP2_T11_S15,42,-23.582814213415123,-46.58689217626708
DSP2,DSP2_T11_S16,42,-23.581702916239674,-46.57767591078745
DSP2,DSP2_T11_S17,42,-23.57974845689649,-46.58680198566009
DSP2,DSP2_T11_S18,42,-23.580591033087277,-46.568459449704775
DSP2,DSP2_T11_S19,42,-23.558565935889273,-46.58005680160254
DSP2,DSP2_T11_S20,42,-23.60009556788331,-46.57821681435603
DSP2,DSP2_T11_S21,42,-23.56526026600895,-46.568008935541314
DSP2,DSP2_T11_S22,42,-23.58504941166483,-46.571651784971024
DSP2,DSP2_T11_S23,42,-23.57361660188699,-46.586621607028455
DSP2,DSP2_T11_S24,42,-23.58114070935968,-46.589904084484715
DSP2,DSP2_T11_S25,42,-23.576963662314917,-46.5805977516404
DSP2,DSP2_T11_S26,42,-23.58783425625372,-46.577856208535096
DSP2,DSP2_T11_S27,42,-23.559958778339926,-46.583158836902136
DSP2,DSP2_T11_S28,42,-23.564417964610517,-46.58635104553667
DSP2,DSP2_T11_S29,42,-23.567203034680166,-46.592555084777196
DSP2,DSP2_T11_S30,42,-23.56859542492511,-46.595657086162724
DSP2,DSP2_T11_S31,42,-23.578074905022103,-46.58981388011184
DSP2,DSP2_T11_S32,42,-23.56023963567572,-46.57704489577392
DSP2,DSP2_T11_S33,42,-23.567765311884813,-46.5803272727492
DSP2,DSP2_T11_S34,42,-23.60204931864558,-46.56909020565746
DSP2,DSP2_T11_S35,42,-23.584206399698232,-46.589994289718504
DSP2,DSP2_T11_S36,42,-23.59563823554698,-46.575024411967874
DSP2,DSP2_T11_S37,42,-23.56887680812744,-46.58954327215851
DSP2,DSP2_T11_S38,42,-23.580310409905678,-46.57457373429459
DSP2,DSP2_T11_S39,42,-23.569719545155788,-46.57120119335335
DSP2,DSP2_T11_S40,42,-23.573335308833244,-46.59273551674801
DSP2,DSP2_T11_S41,42,-23.579198303291726,-46.56535722245972
DSP2,DSP2_T11_S42,42,-23.564979734295484,-46.57412307812922
DSP2,DSP2_T11_S43,42,-23.57306620612555,-46.56517704347713
DSP2,DSP2_T11_S44,42,-23.588115042961558,-46.571741905875164
DSP2,DSP2_T11_S45,42,-23.56469896715636,-46.58023711483983
DSP2,DSP2_T11_S46,42,-23.575290171198475,-46.583609699587065
DSP2,DSP2_T11_S47,42,-23.58894538442404,-46.587072560063454
DSP2,DSP2_T11_S48,42,-23.592853594801248,-46.568819876516976
DSP2,DSP2_T11_S49,42,-23.566933653063778,-46.56499686793429
DSP2,DSP2_T12_S01,42,-23.588401551718157,-46.531951396811756
DSP2,DSP2_T12_S02,42,-23.588401551718157,-46.531951396811756
DSP2,DSP2_T12_S03,42,-23.588401551718157,-46.531951396811756
DSP2,DSP2_T12_S04,42,-23.588401551718157,-46.531951396811756
DSP2,DSP2_T12_S05,42,-23.588401551718157,-46.531951396811756
DSP2,DSP2_T12_S06,42,-23.5948118690068,-46.526016135284756
DSP2,DSP2_T12_S07,42,-23.588401551718157,-46.531951396811756
DSP2,DSP2_T12_S08,42,-23.5948118690068,-46.526016135284756
DSP2,DSP2_T12_S09,42,-23.588401551718157,-46.531951396811756
DSP2,DSP2_T12_S10,42,-23.594532822825396,-46.53213127099018
DSP2,DSP2_T12_S11,42,-23.5948118690068,-46.526016135284756
DSP2,DSP2_T12_S12,42,-23.588401551718157,-46.531951396811756
DSP2,DSP2_T12_S13,42,-23.57669256101208,-46.553038225862544
DSP2,DSP2_T12_S14,42,-23.594532822825396,-46.53213127099018
DSP2,DSP2_T12_S15,42,-23.5948118690068,-46.526016135284756
DSP2,DSP2_T12_S16,42,-23.58923583331375,-46.54728363828161
DSP2,DSP2_T12_S17,42,-23.570283903213475,-46.52529688655773
DSP2,DSP2_T12_S18,42,-23.588401551718157,-46.531951396811756
DSP2,DSP2_T12_S19,42,-23.57669256101208,-46.553038225862544
DSP2,DSP2_T12_S20,42,-23.610138141022993,-46.52646569363986
DSP2,DSP2_T12_S21,42,-23.594532822825396,-46.53213127099018
DSP2,DSP2_T12_S22,42,-23.58171116988669,-46.544001255150555
DSP2,DSP2_T12_S23,42,-23.5948118690068,-46.526016135284756
DSP2,DSP2_T12_S24,42,-23.58199061501066,-46.53788644314599
DSP2,DSP2_T12_S25,42,-23.58784413449065,-46.510503244314044
DSP2,DSP2_T12_S26,42,-23.58923583331375,-46.54728363828161
DSP2,DSP2_T12_S27,42,-23.570283903213475,-46.52529688655773
DSP2,DSP2_T12_S28,42,-23.577805476972753,-46.562254983210025
DSP2,DSP2_T12_S29,42,-23.583937250414277,-46.562435136367704
DSP2,DSP2_T12_S30,42,-23.58115157271007,-46.55623056339359
DSP2,DSP2_T12_S31,42,-23.588401551718157,-46.531951396811756
DSP2,DSP2_T12_S32,42,-23.57669256101208,-46.553038225862544
DSP2,DSP2_T12_S33,42,-23.610138141022993,-46.52646569363986
DSP2,DSP2_T12_S34,42,-23.594532822825396,-46.53213127099018
DSP2,DSP2_T12_S35,42,-23.58171116988669,-46.544001255150555
DSP2,DSP2_T12_S36,42,-23.565820623083535,-46.55578033327965
DSP2,DSP2_T12_S37,42,-23.582544459824145,-46.55933285586548
DSP2,DSP2_T12_S38,42,-23.560246787815075,-46.543371336759336
DSP2,DSP2_T12_S39,42,-23.58784413449065,-46.510503244314044
DSP2,DSP2_T12_S40,42,-23.566380038229354,-46.54355130914703
DSP2,DSP2_T12_S41,42,-23.57307137851533,-46.53150172639283
DSP2,DSP2_T12_S42,42,-23.607347710318393,-46.55393859561731
DSP2,DSP2_T12_S43,42,-23.58561024165813,-46.5594229191009
DSP2,DSP2_T12_S44,42,-23.58199061501066,-46.53788644314599
DSP2,DSP2_T12_S45,42,-23.567773509596147,-46.546653605407904
DSP2,DSP2_T12_S46,42,-23.610138141022993,-46.52646569363986
DSP2,DSP2_T12_S47,42,-23.5939740231109,-46.54436122741798
DSP2,DSP2_T12_S48,42,-23.564707007429718,-46.5465636041486
DPE4,DPE4_T01_S01,42,-8.010430046677204,-34.88750517067679
DPE4,DPE4_T01_S02,42,-8.001953124895307,-34.8666973721963
DPE4,DPE4_T01_S03,42,-7.990080408623525,-34.83993890401233
DPE4,DPE4_T01_S04,42,-8.010430046677204,-34.88750517067679
DPE4,DPE4_T01_S05,42,-8.005337275577391,-34.87857356520984
DPE4,DPE4_T01_S06,42,-7.991778094623388,-34.84291539845303
DPE4,DPE4_T01_S07,42,-7.986674232782798,-34.83990715786268
DPE4,DPE4_T01_S08,42,-7.973060254190399,-34.83385920851153
DPE4,DPE4_T01_S09,42,-7.9474141674691126,-34.883952564877916
DPE4,DPE4_T01_S10,42,-7.984976551337843,-34.83693073090137
DPE4,DPE4_T01_S11,42,-8.001953124895307,-34.8666973721963
DPE4,DPE4_T01_S12,42,-7.976466481337318,-34.833890924265596
DPE4,DPE4_T01_S13,42,-7.97987268481594,-34.83392264032772
DPE4,DPE4_T01_S14,42,-7.991778094623388,-34.84291539845303
DPE4,DPE4_T01_S15,42,-7.9764555629116956,-34.83981192126377
DPE4,DPE4_T01_S16,42,-7.983268033201367,-34.83987541202138
DPE4,DPE4_T01_S17,42,-7.99348656069971,-34.83997065047032
DPE4,DPE4_T01_S18,42,-7.996892688987522,-34.84000239723665
DPE4,DPE4_T01_S19,42,-7.998590394675187,-34.842978921150255
DPE4,DPE4_T01_S20,42,-7.97135165044013,-34.83680380832826
DPE4,DPE4_T01_S21,42,-8.013847520479644,-34.88161461916594
DPE4,DPE4_T01_S22,42,-7.947402164300436,-34.889874604946144
DPE4,DPE4_T01_S23,42,-7.98838271730102,-34.83696246231513
DPE4,DPE4_T01_S24,42,-7.942297940892318,-34.88686560270301
DPE4,DPE4_T01_S25,42,-7.976444560114418,-34.84573307059649
DPE4,DPE4_T01_S26,42,-7.949135371336785,-34.87508574748314
DPE4,DPE4_T01_S27,42,-7.966247728987023,-34.8337957779275
DPE4,DPE4_T01_S28,42,-7.969642997945183,-34.83974843173947
DPE4,DPE4_T01_S29,42,-8.000298793463136,-34.84003414431134
DPE4,DPE4_T01_S30,42,-7.988371908920203,-34.84288363756714
DPE4,DPE4_T01_S31,42,-7.9457638431097095,-34.85728934524192
DPE4,DPE4_T01_S32,42,-8.010430046677204,-34.88750517067679
DPE4,DPE4_T01_S33,42,-7.978164148250325,-34.83686726899844
DPE4,DPE4_T01_S34,42,-7.990047668395963,-34.85770315850658
DPE4,DPE4_T01_S35,42,-8.005337275577391,-34.87857356520984
DPE4,DPE4_T01_S36,42,-7.937310417066888,-34.82464550508995
DPE4,DPE4_T01_S37,42,-7.996881947044781,-34.84592372155365
DPE4,DPE4_T02_S01,42,-8.029103108605373,-34.92025843082011
DPE4,DPE4_T02_S02,42,-8.029103108605373,-34.92025843082011
DPE4,DPE4_T02_S03,42,-8.029103108605373,-34.92025843082011
DPE4,DPE4_T02_S04,42,-8.027382591212211,-34.92912786301869
DPE4,DPE4_T02_S05,42,-8.030742290855283,-34.95285649930214
DPE4,DPE4_T02_S06,42,-8.029091632735017,-34.926182077088434
DPE4,DPE4_T02_S07,42,-8.029091632735017,-34.926182077088434
DPE4,DPE4_T02_S08,42,-8.030800625505993,-34.92323631429594
DPE4,DPE4_T02_S09,42,-8.030800625505993,-34.92323631429594
DPE4,DPE4_T02_S10,42,-8.030800625505993,-34.92323631429594
DPE4,DPE4_T02_S11,42,-8.037567387904257,-34.94699671263129
DPE4,DPE4_T02_S12,42,-8.015441826546676,-34.93790089892601
DPE4,DPE4_T02_S13,42,-8.02740558595042,-34.917280599690585
DPE4,DPE4_T02_S14,42,-8.032498136635175,-34.926214250103364
DPE4,DPE4_T02_S15,42,-8.032498136635175,-34.926214250103364
DPE4,DPE4_T02_S16,42,-8.032439696637264,-34.95583488387303
DPE4,DPE4_T02_S17,42,-8.032439696637264,-34.95583488387303
DPE4,DPE4_T02_S18,42,-8.04096227329232,-34.95295341369805
DPE4,DPE4_T02_S19,42,-8.030777546727288,-34.935083937173864
DPE4,DPE4_T02_S20,42,-8.02226690600986,-34.93204147050278
DPE4,DPE4_T02_S21,42,-8.02739413107042,-34.92320415602654
DPE4,DPE4_T02_S22,42,-8.013756201389832,-34.92899911635248
DPE4,DPE4_T02_S23,42,-8.03926483354592,-34.949975037065435
DPE4,DPE4_T02_S24,42,-8.03414897576741,-34.95288880378698
DPE4,DPE4_T02_S25,42,-8.025708057558255,-34.914302820922074
DPE4,DPE4_T02_S26,42,-8.006870295718793,-34.964479093358456
DPE4,DPE4_T02_S27,42,-8.017091039333936,-34.96457617625486
DPE4,DPE4_T02_S28,42,-8.03925306108342,-34.95589952265335
DPE4,DPE4_T02_S29,42,-8.027311567178788,-34.96467326198029
DPE4,DPE4_T02_S30,42,-8.027335581875162,-34.952824195131086
DPE4,DPE4_T02_S31,42,-8.03585820619471,-34.9499427467013
DPE4,DPE4_T02_S32,42,-8.034184103019648,-34.93511615411451
DPE4,DPE4_T02_S33,42,-8.015441826546676,-34.93790089892601
DPE4,DPE4_T02_S34,42,-8.03584639091245,-34.95586720310622
DPE4,DPE4_T02_S35,42,-8.025685104782921,-34.926149904385994
DPE4,DPE4_T02_S36,42,-8.015405864532422,-34.95567329241597
DPE4,DPE4_T02_S37,42,-7.933513498579546,-35.00821672619428
DPE4,DPE4_T03_S01,42,-8.032554450799545,-34.89659738125603
DPE4,DPE4_T03_S02,42,-8.035960715304904,-34.89662940869738
DPE4,DPE4_T03_S03,42,-8.035960715304904,-34.89662940869738
DPE4,DPE4_T03_S04,42,-8.035960715304904,-34.89662940869738
DPE4,DPE4_T03_S05,42,-8.035960715304904,-34.89662940869738
DPE4,DPE4_T03_S06,42,-8.035960715304904,-34.89662940869738
DPE4,DPE4_T03_S07,42,-8.035960715304904,-34.89662940869738
DPE4,DPE4_T03_S08,42,-8.010430046677204,-34.88750517067679
DPE4,DPE4_T03_S09,42,-8.010430046677204,-34.88750517067679
DPE4,DPE4_T03_S10,42,-8.029148162223027,-34.89656535412578
DPE4,DPE4_T03_S11,42,-8.03426308979783,-34.89365190841177
DPE4,DPE4_T03_S12,42,-8.041075527454275,-34.89371593474133
DPE4,DPE4_T03_S13,42,-8.041075527454275,-34.89371593474133
DPE4,DPE4_T03_S14,42,-8.037669320679274,-34.893683921421065
DPE4,DPE4_T03_S15,42,-8.037669320679274,-34.893683921421065
DPE4,DPE4_T03_S16,42,-8.037669320679274,-34.893683921421065
DPE4,DPE4_T03_S17,42,-8.037669320679274,-34.893683921421065
DPE4,DPE4_T03_S18,42,-8.029148162223027,-34.89656535412578
DPE4,DPE4_T03_S19,42,-8.035982559538418,-34.88478366037203
DPE4,DPE4_T03_S20,42,-8.037680221202956,-34.887761032655966
DPE4,DPE4_T03_S21,42,-8.039388713580049,-34.88481562977502
DPE4,DPE4_T03_S22,42,-8.03427403350635,-34.88772904882126
DPE4,DPE4_T03_S23,42,-8.029181060251332,-34.87879713378612
DPE4,DPE4_T03_S24,42,-8.030856834833784,-34.893619895713414
DPE4,DPE4_T03_S25,42,-8.039377877180614,-34.89073845745063
DPE4,DPE4_T03_S26,42,-8.035971679937258,-34.89070645887332
DPE4,DPE4_T03_S27,42,-8.041086384794054,-34.88779301680135
DPE4,DPE4_T03_S28,42,-8.032565458599844,-34.89067446060681
DPE4,DPE4_T03_S29,42,-8.032565458599844,-34.89067446060681
DPE4,DPE4_T03_S30,42,-8.03258721921713,-34.87882907339508
DPE4,DPE4_T03_S31,42,-8.027450555810944,-34.89358788332601
DPE4,DPE4_T03_S32,42,-8.041086384794054,-34.88779301680135
DPE4,DPE4_T03_S33,42,-8.029137026285905,-34.90248839680083
DPE4,DPE4_T03_S34,42,-8.029170179199577,-34.88471972249764
DPE4,DPE4_T03_S35,42,-8.044503253297751,-34.88190220552746
DPE4,DPE4_T03_S36,42,-8.030845762957279,-34.899542877390815
DPE4,DPE4_T03_S37,42,-8.034284892204106,-34.8818063406135
DPE4,DPE4_T04_S01,42,-8.035916006340255,-34.92032271880519
DPE4,DPE4_T04_S02,42,-8.02912580537468,-34.90841159055546
DPE4,DPE4_T04_S03,42,-8.02912580537468,-34.90841159055546
DPE4,DPE4_T04_S04,42,-8.046157438456948,-34.9085720210809
DPE4,DPE4_T04_S05,42,-8.030812037372888,-34.917312728782015
DPE4,DPE4_T04_S06,42,-8.044448756877653,-34.9115176968209
DPE4,DPE4_T04_S07,42,-8.02912580537468,-34.90841159055546
DPE4,DPE4_T04_S08,42,-8.032532180184806,-34.908443676037216
DPE4,DPE4_T04_S09,42,-8.032532180184806,-34.908443676037216
DPE4,DPE4_T04_S10,42,-8.032532180184806,-34.908443676037216
DPE4,DPE4_T04_S11,42,-8.029114499483217,-34.91433493526884
DPE4,DPE4_T04_S12,42,-8.042751160081822,-34.90853993435247
DPE4,DPE4_T04_S13,42,-8.042751160081822,-34.90853993435247
DPE4,DPE4_T04_S14,42,-8.042751160081822,-34.90853993435247
DPE4,DPE4_T04_S15,42,-8.042751160081822,-34.90853993435247
DPE4,DPE4_T04_S16,42,-8.03934485756221,-34.90850784793572
DPE4,DPE4_T04_S17,42,-8.03934485756221,-34.90850784793572
DPE4,DPE4_T04_S18,42,-8.02741695585834,-34.91135719413172
DPE4,DPE4_T04_S19,42,-8.02741695585834,-34.91135719413172
DPE4,DPE4_T04_S20,42,-8.058051712706503,-34.92349359169678
DPE4,DPE4_T04_S21,42,-8.035938530921927,-34.90847576183063
DPE4,DPE4_T04_S22,42,-8.035938530921927,-34.90847576183063
DPE4,DPE4_T04_S23,42,-8.047855044706225,-34.91154979829418
DPE4,DPE4_T04_S24,42,-8.030823364232974,-34.91138929404594
DPE4,DPE4_T04_S25,42,-8.030823364232974,-34.91138929404594
DPE4,DPE4_T04_S26,42,-8.032520917358076,-34.91436704992753
DPE4,DPE4_T04_S27,42,-8.039333680862162,-34.914431280180764
DPE4,DPE4_T04_S28,42,-8.03421846473287,-34.91734485818551
DPE4,DPE4_T04_S29,42,-8.035927311159,-34.914399164898164
DPE4,DPE4_T04_S30,42,-8.035927311159,-34.914399164898164
DPE4,DPE4_T04_S31,42,-8.034229748546048,-34.91142139427197
DPE4,DPE4_T04_S32,42,-8.034229748546048,-34.91142139427197
DPE4,DPE4_T04_S33,42,-8.034229748546048,-34.91142139427197
DPE4,DPE4_T04_S34,42,-8.037624868006546,-34.91737698790111
DPE4,DPE4_T04_S35,42,-8.046146347879892,-34.91449551168181
DPE4,DPE4_T04_S36,42,-8.024010523445984,-34.91132509452929
DPE4,DPE4_T04_S37,42,-8.041042444892216,-34.91148559565944
DPE4,DPE4_T05_S01,42,-8.037658335103949,-34.899606961448946
DPE4,DPE4_T05_S02,42,-8.037658335103949,-34.899606961448946
DPE4,DPE4_T05_S03,42,-8.037658335103949,-34.899606961448946
DPE4,DPE4_T05_S04,42,-8.037658335103949,-34.899606961448946
DPE4,DPE4_T05_S05,42,-8.037658335103949,-34.899606961448946
DPE4,DPE4_T05_S06,42,-8.03425206107238,-34.89957491926426
DPE4,DPE4_T05_S07,42,-8.03425206107238,-34.89957491926426
DPE4,DPE4_T05_S08,42,-8.03425206107238,-34.89957491926426
DPE4,DPE4_T05_S09,42,-8.03425206107238,-34.89957491926426
DPE4,DPE4_T05_S10,42,-8.03425206107238,-34.89957491926426
DPE4,DPE4_T05_S11,42,-8.034240947323834,-34.90549808125794
DPE4,DPE4_T05_S12,42,-8.03425206107238,-34.89957491926426
DPE4,DPE4_T05_S13,42,-8.041064585028154,-34.899639003944884
DPE4,DPE4_T05_S14,42,-8.044470810821172,-34.899671046752054
DPE4,DPE4_T05_S15,42,-8.044470810821172,-34.899671046752054
DPE4,DPE4_T05_S16,42,-8.044470810821172,-34.899671046752054
DPE4,DPE4_T05_S17,42,-8.044470810821172,-34.899671046752054
DPE4,DPE4_T05_S18,42,-8.044470810821172,-34.899671046752054
DPE4,DPE4_T05_S19,42,-8.044470810821172,-34.899671046752054
DPE4,DPE4_T05_S20,42,-8.03594966563518,-34.902552509723414
DPE4,DPE4_T05_S21,42,-8.03594966563518,-34.902552509723414
DPE4,DPE4_T05_S22,42,-8.03594966563518,-34.902552509723414
DPE4,DPE4_T05_S23,42,-8.03594966563518,-34.902552509723414
DPE4,DPE4_T05_S24,42,-8.03594966563518,-34.902552509723414
DPE4,DPE4_T05_S25,42,-8.03594966563518,-34.902552509723414
DPE4,DPE4_T05_S26,42,-8.030834606092391,-34.9054660102086
DPE4,DPE4_T05_S27,42,-8.030834606092391,-34.9054660102086
DPE4,DPE4_T05_S28,42,-8.039366955715275,-34.896661436449826
DPE4,DPE4_T05_S29,42,-8.03594966563518,-34.902552509723414
DPE4,DPE4_T05_S30,42,-8.030834606092391,-34.9054660102086
DPE4,DPE4_T05_S31,42,-8.027428240800308,-34.90543393947077
DPE4,DPE4_T05_S32,42,-8.027428240800308,-34.90543393947077
DPE4,DPE4_T05_S33,42,-8.039355949177862,-34.90258456665179
DPE4,DPE4_T05_S34,42,-8.039355949177862,-34.90258456665179
DPE4,DPE4_T05_S35,42,-8.027428240800308,-34.90543393947077
DPE4,DPE4_T05_S36,42,-8.032543357996586,-34.90252045310643
DPE4,DPE4_T05_S37,42,-8.039355949177862,-34.90258456665179
DPE4,DPE4_T05_S38,42,-8.041053557509521,-34.905562224291195
DPE4,DPE4_T06_S01,42,-8.035916006340255,-34.92032271880519
DPE4,DPE4_T06_S02,42,-8.035916006340255,-34.92032271880519
DPE4,DPE4_T06_S03,42,-8.035916006340255,-34.92032271880519
DPE4,DPE4_T06_S04,42,-8.035916006340255,-34.92032271880519
DPE4,DPE4_T06_S05,42,-8.035916006340255,-34.92032271880519
DPE4,DPE4_T06_S06,42,-8.035916006340255,-34.92032271880519
DPE4,DPE4_T06_S07,42,-8.035916006340255,-34.92032271880519
DPE4,DPE4_T06_S08,42,-8.032509569510239,-34.92029057465653
DPE4,DPE4_T06_S09,42,-8.032509569510239,-34.92029057465653
DPE4,DPE4_T06_S10,42,-8.032509569510239,-34.92029057465653
DPE4,DPE4_T06_S11,42,-8.032509569510239,-34.92029057465653
DPE4,DPE4_T06_S12,42,-8.044380551501568,-34.947061264804184
DPE4,DPE4_T06_S13,42,-8.039276520881154,-34.94405070159226
DPE4,DPE4_T06_S14,42,-8.040973981772206,-34.94702898856098
DPE4,DPE4_T06_S15,42,-8.040973981772206,-34.94702898856098
DPE4,DPE4_T06_S16,42,-8.040973981772206,-34.94702898856098
DPE4,DPE4_T06_S17,42,-8.034207095878163,-34.92326847287771
DPE4,DPE4_T06_S18,42,-8.046112565164286,-34.93226688805209
DPE4,DPE4_T06_S19,42,-8.04608961747212,-34.94411522489623
DPE4,DPE4_T06_S20,42,-8.037590635222934,-34.93514837136811
DPE4,DPE4_T06_S21,42,-8.046078015843134,-34.95003961873468
DPE4,DPE4_T06_S22,42,-8.042683081251653,-34.94408296308756
DPE4,DPE4_T06_S23,42,-8.044392131969374,-34.94113696066048
DPE4,DPE4_T06_S24,42,-8.051227846925057,-34.92935318172171
DPE4,DPE4_T06_S25,42,-8.0376135421631,-34.923300631771845
DPE4,DPE4_T06_S26,42,-8.0426946405774,-34.93815874866838
DPE4,DPE4_T06_S27,42,-8.047810087060036,-34.93524502500657
DPE4,DPE4_T06_S28,42,-8.040997143313314,-34.93518058893464
DPE4,DPE4_T06_S29,42,-8.046101133910463,-34.938190981295044
DPE4,DPE4_T06_S30,42,-8.051205113178824,-34.94120145572211
DPE4,DPE4_T06_S31,42,-8.047821454254489,-34.92932099239756
DPE4,DPE4_T06_S32,42,-8.042671436770007,-34.95000732774322
DPE4,DPE4_T06_S33,42,-8.0376135421631,-34.923300631771845
DPE4,DPE4_T06_S34,42,-8.040985605110498,-34.94110471359952
DPE4,DPE4_T06_S35,42,-8.039299640194235,-34.932202481474
DPE4,DPE4_T06_S36,42,-8.04953029452268,-34.92637511986584
DPE4,DPE4_T06_S37,42,-8.042659707126345,-34.95593184251441
DPE4,DPE4_T07_S01,42,-8.04787701245918,-34.89970308987049
DPE4,DPE4_T07_S02,42,-8.04448171009902,-34.89374794837256
DPE4,DPE4_T07_S03,42,-8.042784050306084,-34.89077045633877
DPE4,DPE4_T07_S04,42,-8.042784050306084,-34.89077045633877
DPE4,DPE4_T07_S05,42,-8.042784050306084,-34.89077045633877
DPE4,DPE4_T07_S06,42,-8.051325930736741,-34.87604341445009
DPE4,DPE4_T07_S07,42,-8.042784050306084,-34.89077045633877
DPE4,DPE4_T07_S08,42,-8.042773172006838,-34.89669346451337
DPE4,DPE4_T07_S09,42,-8.042773172006838,-34.89669346451337
DPE4,DPE4_T07_S10,42,-8.042773172006838,-34.89669346451337
DPE4,DPE4_T07_S11,42,-8.051325930736741,-34.87604341445009
DPE4,DPE4_T07_S12,42,-8.046179364155758,-34.89672549288803
DPE4,DPE4_T07_S13,42,-8.046179364155758,-34.89672549288803
DPE4,DPE4_T07_S14,42,-8.046179364155758,-34.89672549288803
DPE4,DPE4_T07_S15,42,-8.041075527454275,-34.89371593474133
DPE4,DPE4_T07_S16,42,-8.041075527454275,-34.89371593474133
DPE4,DPE4_T07_S17,42,-8.058106198898967,-34.893876006007204
DPE4,DPE4_T07_S18,42,-8.049585532138227,-34.8967575215738
DPE4,DPE4_T07_S19,42,-8.049585532138227,-34.8967575215738
DPE4,DPE4_T07_S20,42,-8.047887868589683,-34.89377996231475
DPE4,DPE4_T07_S21,42,-8.046190199289844,-34.89080245553774
DPE4,DPE4_T07_S22,42,-8.051294002902441,-34.893811976567925
DPE4,DPE4_T07_S23,42,-8.059814553331407,-34.890930455441925
DPE4,DPE4_T07_S24,42,-8.059814553331407,-34.890930455441925
DPE4,DPE4_T07_S25,42,-8.051325930736741,-34.87604341445009
DPE4,DPE4_T07_S26,42,-8.046190199289844,-34.89080245553774
DPE4,DPE4_T07_S27,42,-8.061533371758463,-34.88206198659214
DPE4,DPE4_T07_S28,42,-8.063220581249332,-34.890962456195076
DPE4,DPE4_T07_S29,42,-8.049596324108077,-34.890834455047525
DPE4,DPE4_T07_S30,42,-8.053002424736965,-34.89086645486815
DPE4,DPE4_T07_S31,42,-8.053002424736965,-34.89086645486815
DPE4,DPE4_T07_S32,42,-8.05473191120312,-34.87607534148861
DPE4,DPE4_T07_S33,42,-8.05640850115268,-34.89089845499962
DPE4,DPE4_T07_S34,42,-8.054721397021405,-34.881998073235025
DPE4,DPE4_T07_S35,42,-8.059825130540034,-34.88500745271436
DPE4,DPE4_T07_S36,42,-8.051304730696074,-34.88788897110164
DPE4,DPE4_T07_S37,42,-8.063231115262752,-34.8850394242912
DPE4,DPE4_T08_S01,42,-8.049574654992174,-34.90268073930524
DPE4,DPE4_T08_S02,42,-8.047866071166752,-34.90562636857057
DPE4,DPE4_T08_S03,42,-8.047866071166752,-34.90562636857057
DPE4,DPE4_T08_S04,42,-8.047866071166752,-34.90562636857057
DPE4,DPE4_T08_S05,42,-8.047866071166752,-34.90562636857057
DPE4,DPE4_T08_S06,42,-8.047866071166752,-34.90562636857057
DPE4,DPE4_T08_S07,42,-8.049563692663764,-34.90860410812101
DPE4,DPE4_T08_S08,42,-8.049563692663764,-34.90860410812101
DPE4,DPE4_T08_S09,42,-8.049563692663764,-34.90860410812101
DPE4,DPE4_T08_S10,42,-8.044459826416109,-34.90559429627512
DPE4,DPE4_T08_S11,42,-8.054678488104932,-34.90569051409612
DPE4,DPE4_T08_S12,42,-8.051272291737634,-34.90565844117757
DPE4,DPE4_T08_S13,42,-8.051272291737634,-34.90565844117757
DPE4,DPE4_T08_S14,42,-8.051272291737634,-34.90565844117757
DPE4,DPE4_T08_S15,42,-8.051272291737634,-34.90565844117757
DPE4,DPE4_T08_S16,42,-8.051272291737634,-34.90565844117757
DPE4,DPE4_T08_S17,42,-8.058084660244827,-34.90572258732622
DPE4,DPE4_T08_S18,42,-8.051283189918355,-34.899735133300176
DPE4,DPE4_T08_S19,42,-8.051283189918355,-34.899735133300176
DPE4,DPE4_T08_S20,42,-8.05638700461872,-34.902744855964535
DPE4,DPE4_T08_S21,42,-8.05638700461872,-34.902744855964535
DPE4,DPE4_T08_S22,42,-8.051261308354109,-34.911581900079284
DPE4,DPE4_T08_S23,42,-8.056376128477156,-34.908668283136294
DPE4,DPE4_T08_S24,42,-8.04616844388018,-34.90264868144269
DPE4,DPE4_T08_S25,42,-8.058073763012512,-34.91164610458499
DPE4,DPE4_T08_S26,42,-8.051272291737634,-34.90565844117757
DPE4,DPE4_T08_S27,42,-8.051261308354109,-34.911581900079284
DPE4,DPE4_T08_S28,42,-8.052980841912964,-34.90271279747919
DPE4,DPE4_T08_S29,42,-8.052980841912964,-34.90271279747919
DPE4,DPE4_T08_S30,42,-8.056397795508499,-34.89682157987871
DPE4,DPE4_T08_S31,42,-8.064918297898041,-34.89394003669043
DPE4,DPE4_T08_S32,42,-8.052969922678441,-34.90863619547281
DPE4,DPE4_T08_S33,42,-8.054689343174877,-34.89976717704113
DPE4,DPE4_T08_S34,42,-8.061512260535094,-34.89390802119332
DPE4,DPE4_T08_S35,42,-8.063199257289858,-34.902808973869476
DPE4,DPE4_T08_S36,42,-8.061490808133499,-34.90575466086787
DPE4,DPE4_T08_S37,42,-8.063209961927097,-34.89688563942811
DPE4,DPE4_T09_S01,42,-8.120203609719637,-35.31245660610727
DPE4,DPE4_T09_S02,42,-8.098135257739441,-35.27960106206722
DPE4,DPE4_T09_S03,42,-8.049472926732735,-34.95599648317839
DPE4,DPE4_T09_S04,42,-8.02555278829337,-34.99131960506238
DPE4,DPE4_T09_S05,42,-8.022120517806085,-35.003138034932704
DPE4,DPE4_T09_S06,42,-8.01702887461011,-34.99420102514845
DPE4,DPE4_T09_S07,42,-8.051170373246539,-34.958974993662146
DPE4,DPE4_T09_S08,42,-8.120203609719637,-35.31245660610727
DPE4,DPE4_T09_S09,42,-8.098135257739441,-35.27960106206722
DPE4,DPE4_T09_S10,42,-8.080050007699588,-34.997765425656084
DPE4,DPE4_T09_S11,42,-8.11514625194922,-35.29163736347563
DPE4,DPE4_T09_S12,42,-8.109000000025661,-35.00100504502048
DPE4,DPE4_T09_S13,42,-8.027237482395696,-35.000224054083
DPE4,DPE4_T09_S14,42,-8.0323543077886,-34.99731006743273
DPE4,DPE4_T09_S15,42,-8.081840024051498,-34.953341099525005
DPE4,DPE4_T09_S16,42,-8.071539260324318,-34.994721183340886
DPE4,DPE4_T09_S17,42,-8.023739808503136,-35.04167401796899
DPE4,DPE4_T09_S18,42,-7.935154082977621,-35.03489708771588
DPE4,DPE4_T09_S19,42,-8.051170373246539,-34.958974993662146
DPE4,DPE4_T09_S20,42,-7.98453262958395,-35.05018706182692
DPE4,DPE4_T09_S21,42,-8.020410579192069,-35.00608457586063
DPE4,DPE4_T09_S22,42,-8.116842625639224,-35.29462112689763
DPE4,DPE4_T09_S23,42,-8.121947466439323,-35.29763894769703
DPE4,DPE4_T09_S24,42,-8.1082974932823,-35.30343657733627
DPE4,DPE4_T09_S25,42,-8.047763766232753,-34.95894265842393
DPE4,DPE4_T09_S26,42,-8.110709005664102,-34.9980581886458
DPE4,DPE4_T09_S27,42,-8.015369138507205,-34.97344703580071
DPE4,DPE4_T09_S28,42,-8.08690986619809,-34.974127611361254
DPE4,DPE4_T09_S29,42,-8.10831342023827,-35.29750292204439
DPE4,DPE4_T09_S30,42,-8.01528047237806,-35.01492433493279
DPE4,DPE4_T09_S31,42,-8.010123449771493,-35.035616653949106
DPE4,DPE4_T09_S32,42,-8.003295075879143,-35.0414775746057
DPE4,DPE4_T09_S33,42,-7.943695035687244,-35.02609038005435
DPE4,DPE4_T09_S34,42,-8.023830407899883,-35.000191516745026
DPE4,DPE4_T09_S35,42,-8.023867960758023,-34.98241553574601
DPE4,DPE4_T09_S36,42,-8.086943899189773,-34.95635202927893
DPE4,DPE4_T09_S37,42,-8.086921296158637,-34.96820226753092
DPE4,DPE4_T10_S01,42,-8.058051712706503,-34.92349359169678
DPE4,DPE4_T10_S02,42,-8.058051712706503,-34.92349359169678
DPE4,DPE4_T10_S03,42,-8.097184746572994,-34.94459918963473
DPE4,DPE4_T10_S04,42,-8.097184746572994,-34.94459918963473
DPE4,DPE4_T10_S05,42,-8.058051712706503,-34.92349359169678
DPE4,DPE4_T10_S06,42,-8.097184746572994,-34.94459918963473
DPE4,DPE4_T10_S07,42,-8.063144454162146,-34.93242790997167
DPE4,DPE4_T10_S08,42,-8.097184746572994,-34.94459918963473
DPE4,DPE4_T10_S09,42,-8.063144454162146,-34.93242790997167
DPE4,DPE4_T10_S10,42,-8.058051712706503,-34.92349359169678
DPE4,DPE4_T10_S11,42,-8.097184746572994,-34.94459918963473
DPE4,DPE4_T10_S12,42,-8.063144454162146,-34.93242790997167
DPE4,DPE4_T10_S13,42,-8.058051712706503,-34.92349359169678
DPE4,DPE4_T10_S14,42,-8.097184746572994,-34.94459918963473
DPE4,DPE4_T10_S15,42,-8.063144454162146,-34.93242790997167
DPE4,DPE4_T10_S16,42,-8.058051712706503,-34.92349359169678
DPE4,DPE4_T10_S17,42,-8.097184746572994,-34.94459918963473
DPE4,DPE4_T10_S18,42,-8.063144454162146,-34.93242790997167
DPE4,DPE4_T10_S19,42,-8.086966159741909,-34.94450239104541
DPE4,DPE4_T10_S20,42,-8.097184746572994,-34.94459918963473
DPE4,DPE4_T10_S21,42,-8.063144454162146,-34.93242790997167
DPE4,DPE4_T10_S22,42,-8.086966159741909,-34.94450239104541
DPE4,DPE4_T10_S23,42,-8.097184746572994,-34.94459918963473
DPE4,DPE4_T10_S24,42,-8.063144454162146,-34.93242790997167
DPE4,DPE4_T10_S25,42,-8.086966159741909,-34.94450239104541
DPE4,DPE4_T10_S26,42,-8.058051712706503,-34.92349359169678
DPE4,DPE4_T10_S27,42,-8.097184746572994,-34.94459918963473
DPE4,DPE4_T10_S28,42,-8.063144454162146,-34.93242790997167
DPE4,DPE4_T10_S29,42,-8.086966159741909,-34.94450239104541
DPE4,DPE4_T10_S30,42,-8.09890406848771,-34.93572833545083
DPE4,DPE4_T10_S31,42,-8.097184746572994,-34.94459918963473
DPE4,DPE4_T10_S32,42,-8.063144454162146,-34.93242790997167
DPE4,DPE4_T10_S33,42,-8.086966159741909,-34.94450239104541
DPE4,DPE4_T10_S34,42,-8.058051712706503,-34.92349359169678
DPE4,DPE4_T10_S35,42,-8.09890406848771,-34.93572833545083
DPE4,DPE4_T10_S36,42,-8.06656184753727,-34.92653599744171
DPE4,DPE4_T10_S37,42,-8.115934172515152,-34.93588945458285
DPE4,DPE4_T11_S01,42,-8.058051712706503,-34.92349359169678
DPE4,DPE4_T11_S02,42,-8.058051712706503,-34.92349359169678
DPE4,DPE4_T11_S03,42,-8.058051712706503,-34.92349359169678
DPE4,DPE4_T11_S04,42,-8.058051712706503,-34.92349359169678
DPE4,DPE4_T11_S05,42,-8.109143307803647,-34.92397604071511
DPE4,DPE4_T11_S06,42,-8.109143307803647,-34.92397604071511
DPE4,DPE4_T11_S07,42,-8.058051712706503,-34.92349359169678
DPE4,DPE4_T11_S08,42,-8.109143307803647,-34.92397604071511
DPE4,DPE4_T11_S09,42,-8.110882295232303,-34.90325783408501
DPE4,DPE4_T11_S10,42,-8.058051712706503,-34.92349359169678
DPE4,DPE4_T11_S11,42,-8.109143307803647,-34.92397604071511
DPE4,DPE4_T11_S12,42,-8.110882295232303,-34.90325783408501
DPE4,DPE4_T11_S13,42,-8.076812853400371,-34.908860815662926
DPE4,DPE4_T11_S14,42,-8.109143307803647,-34.92397604071511
DPE4,DPE4_T11_S15,42,-8.110882295232303,-34.90325783408501
DPE4,DPE4_T11_S16,42,-8.112590222451374,-34.90031196826466
DPE4,DPE4_T11_S17,42,-8.112590222451374,-34.90031196826466
DPE4,DPE4_T11_S18,42,-8.109174318859099,-34.90620372316668
DPE4,DPE4_T11_S19,42,-8.076812853400371,-34.908860815662926
DPE4,DPE4_T11_S20,42,-8.109143307803647,-34.92397604071511
DPE4,DPE4_T11_S21,42,-8.117683664773487,-34.90924591438305
DPE4,DPE4_T11_S22,42,-8.112590222451374,-34.90031196826466
DPE4,DPE4_T11_S23,42,-8.064896931747121,-34.905786734721076
DPE4,DPE4_T11_S24,42,-8.06147995397539,-34.91167820730559
DPE4,DPE4_T11_S25,42,-8.087062095371762,-34.89118647017126
DPE4,DPE4_T11_S26,42,-8.109174318859099,-34.90620372316668
DPE4,DPE4_T11_S27,42,-8.076812853400371,-34.908860815662926
DPE4,DPE4_T11_S28,42,-8.0972382557736,-34.91497728771758
DPE4,DPE4_T11_S29,42,-8.09213457736422,-34.911967145824484
DPE4,DPE4_T11_S30,42,-8.114277898934512,-34.90921382110838
DPE4,DPE4_T11_S31,42,-8.114288042638846,-34.90328989786495
DPE4,DPE4_T11_S32,42,-8.109143307803647,-34.92397604071511
DPE4,DPE4_T11_S33,42,-8.076844449836647,-34.89109046231626
DPE4,DPE4_T11_S34,42,-8.088707329767885,-34.923783052671865
DPE4,DPE4_T11_S35,42,-8.088728605742544,-34.91193504029714
DPE4,DPE4_T11_S36,42,-8.063188467331427,-34.90873245939835
DPE4,DPE4_T11_S37,42,-8.071687570754555,-34.91769830222297
DPE4,DPE4_T12_S01,42,-8.110892396206637,-34.89733409112314
DPE4,DPE4_T12_S02,42,-8.109194563921754,-34.894356266455105
DPE4,DPE4_T12_S03,42,-8.109194563921754,-34.894356266455105
DPE4,DPE4_T12_S04,42,-8.109194563921754,-34.894356266455105
DPE4,DPE4_T12_S05,42,-8.109194563921754,-34.894356266455105
DPE4,DPE4_T12_S06,42,-8.109194563921754,-34.894356266455105
DPE4,DPE4_T12_S07,42,-8.09559178535498,-34.882381572003865
DPE4,DPE4_T12_S08,42,-8.112600258959896,-34.894388286306565
DPE4,DPE4_T12_S09,42,-8.112600258959896,-34.894388286306565
DPE4,DPE4_T12_S10,42,-8.112600258959896,-34.894388286306565
DPE4,DPE4_T12_S11,42,-8.112600258959896,-34.894388286306565
DPE4,DPE4_T12_S12,42,-8.09559178535498,-34.882381572003865
DPE4,DPE4_T12_S13,42,-8.107496725613844,-34.891378494275244
DPE4,DPE4_T12_S14,42,-8.11090241138021,-34.89141049938073
DPE4,DPE4_T12_S15,42,-8.11090241138021,-34.89141049938073
DPE4,DPE4_T12_S16,42,-8.11090241138021,-34.89141049938073
DPE4,DPE4_T12_S17,42,-8.09559178535498,-34.882381572003865
DPE4,DPE4_T12_S18,42,-8.105798881300029,-34.88840077459825
DPE4,DPE4_T12_S19,42,-8.097289622957993,-34.88535915714156
DPE4,DPE4_T12_S20,42,-8.097289622957993,-34.88535915714156
DPE4,DPE4_T12_S21,42,-8.114308072528623,-34.89144250479713
DPE4,DPE4_T12_S22,42,-8.114308072528623,-34.89144250479713
DPE4,DPE4_T12_S23,42,-8.114308072528623,-34.89144250479713
DPE4,DPE4_T12_S24,42,-8.107486667292921,-34.897302056836565
DPE4,DPE4_T12_S25,42,-8.100695339250505,-34.88539113213489
DPE4,DPE4_T12_S26,42,-8.100695339250505,-34.88539113213489
DPE4,DPE4_T12_S27,42,-8.109204557779519,-34.88843276495812
DPE4,DPE4_T12_S28,42,-8.085364307039052,-34.88820883896503
DPE4,DPE4_T12_S29,42,-8.102393180238765,-34.88836878454916
DPE4,DPE4_T12_S30,42,-8.109204557779519,-34.88843276495812
DPE4,DPE4_T12_S31,42,-8.114308072528623,-34.89144250479713
DPE4,DPE4_T12_S32,42,-8.107486667292921,-34.897302056836565
DPE4,DPE4_T12_S33,42,-8.102393180238765,-34.88836878454916
DPE4,DPE4_T12_S34,42,-8.083676702159215,-34.879308204761294
DPE4,DPE4_T12_S35,42,-8.071761449717505,-34.876234981333276
DPE4,DPE4_T12_S36,42,-8.092186053894867,-34.88234961206566
DPE4,DPE4_T12_S37,42,-8.098997492305674,-34.88241353225254
DPE4,DPE4_T13_S01,42,-8.115995935987785,-34.90034401760908
DPE4,DPE4_T13_S02,42,-8.119401624869123,-34.90037606726486
DPE4,DPE4_T13_S03,42,-8.119401624869123,-34.90037606726486
DPE4,DPE4_T13_S04,42,-8.119401624869123,-34.90037606726486
DPE4,DPE4_T13_S05,42,-8.119401624869123,-34.90037606726486
DPE4,DPE4_T13_S06,42,-8.124505136901405,-34.903386091073706
DPE4,DPE4_T13_S07,42,-8.124505136901405,-34.903386091073706
DPE4,DPE4_T13_S08,42,-8.124505136901405,-34.903386091073706
DPE4,DPE4_T13_S09,42,-8.119401624869123,-34.90037606726486
DPE4,DPE4_T13_S10,42,-8.11429810050146,-34.897366125720914
DPE4,DPE4_T13_S11,42,-8.11429810050146,-34.897366125720914
DPE4,DPE4_T13_S12,42,-8.11429810050146,-34.897366125720914
DPE4,DPE4_T13_S13,42,-8.11770378015359,-34.89739816062989
DPE4,DPE4_T13_S14,42,-8.11770378015359,-34.89739816062989
DPE4,DPE4_T13_S15,42,-8.11770378015359,-34.89739816062989
DPE4,DPE4_T13_S16,42,-8.11770378015359,-34.89739816062989
DPE4,DPE4_T13_S17,42,-8.11770378015359,-34.89739816062989
DPE4,DPE4_T13_S18,42,-8.11770378015359,-34.89739816062989
DPE4,DPE4_T13_S19,42,-8.124505136901405,-34.903386091073706
DPE4,DPE4_T13_S20,42,-8.11770378015359,-34.89739816062989
DPE4,DPE4_T13_S21,42,-8.122807289071595,-34.90040811723199
DPE4,DPE4_T13_S22,42,-8.122807289071595,-34.90040811723199
DPE4,DPE4_T13_S23,42,-8.122807289071595,-34.90040811723199
DPE4,DPE4_T13_S24,42,-8.121109435139223,-34.89743019585007
DPE4,DPE4_T13_S25,42,-8.121109435139223,-34.89743019585007
DPE4,DPE4_T13_S26,42,-8.121109435139223,-34.89743019585007
DPE4,DPE4_T13_S27,42,-8.121109435139223,-34.89743019585007
DPE4,DPE4_T13_S28,42,-8.121109435139223,-34.89743019585007
DPE4,DPE4_T13_S29,42,-8.122797296020684,-34.90633203789847
DPE4,DPE4_T13_S30,42,-8.116005929367718,-34.89442030646908
DPE4,DPE4_T13_S31,42,-8.121109435139223,-34.89743019585007
DPE4,DPE4_T13_S32,42,-8.124515065434558,-34.897462231381475
DPE4,DPE4_T13_S33,42,-8.124515065434558,-34.897462231381475
DPE4,DPE4_T13_S34,42,-8.124515065434558,-34.897462231381475
DPE4,DPE4_T13_S35,42,-8.119411575121415,-34.89445232694266
DPE4,DPE4_T13_S36,42,-8.124515065434558,-34.897462231381475
DPE4,DPE4_T13_S37,42,-8.121099463497195,-34.90335402635929
DPE4,DPE4_T14_S01,42,-8.126202978611536,-34.90636411736051
DPE4,DPE4_T14_S02,42,-8.126202978611536,-34.90636411736051
DPE4,DPE4_T14_S03,42,-8.124505136901405,-34.903386091073706
DPE4,DPE4_T14_S04,42,-8.13812758312981,-34.903514353046404
DPE4,DPE4_T14_S05,42,-8.13812758312981,-34.903514353046404
DPE4,DPE4_T14_S06,42,-8.13812758312981,-34.903514353046404
DPE4,DPE4_T14_S07,42,-8.13812758312981,-34.903514353046404
DPE4,DPE4_T14_S08,42,-8.13472200872857,-34.903482287085964
DPE4,DPE4_T14_S09,42,-8.13472200872857,-34.903482287085964
DPE4,DPE4_T14_S10,42,-8.12791078559057,-34.90341815609962
DPE4,DPE4_T14_S11,42,-8.13472200872857,-34.903482287085964
DPE4,DPE4_T14_S12,42,-8.12961854334472,-34.90047221810032
DPE4,DPE4_T14_S13,42,-8.12961854334472,-34.90047221810032
DPE4,DPE4_T14_S14,42,-8.12961854334472,-34.90047221810032
DPE4,DPE4_T14_S15,42,-8.126212928571395,-34.900440167510475
DPE4,DPE4_T14_S16,42,-8.126212928571395,-34.900440167510475
DPE4,DPE4_T14_S17,42,-8.129608636474966,-34.9063961971342
DPE4,DPE4_T14_S18,42,-8.13472200872857,-34.903482287085964
DPE4,DPE4_T14_S19,42,-8.12449512242246,-34.90931010186771
DPE4,DPE4_T14_S20,42,-8.12449512242246,-34.90931010186771
DPE4,DPE4_T14_S21,42,-8.138117740938094,-34.90943848057848
DPE4,DPE4_T14_S22,42,-8.138117740938094,-34.90943848057848
DPE4,DPE4_T14_S23,42,-8.136419877924382,-34.90646035761651
DPE4,DPE4_T14_S24,42,-8.136419877924382,-34.90646035761651
DPE4,DPE4_T14_S25,42,-8.131316409540892,-34.90345022143704
DPE4,DPE4_T14_S26,42,-8.133014269587184,-34.906428277219526
DPE4,DPE4_T14_S27,42,-8.133014269587184,-34.906428277219526
DPE4,DPE4_T14_S28,42,-8.133014269587184,-34.906428277219526
DPE4,DPE4_T14_S29,42,-8.13302413336778,-34.90050426900153
DPE4,DPE4_T14_S30,42,-8.13471212346647,-34.9094063854331
DPE4,DPE4_T14_S31,42,-8.12449512242246,-34.90931010186771
DPE4,DPE4_T14_S32,42,-8.127900814184855,-34.909342196077716
DPE4,DPE4_T14_S33,42,-8.13471212346647,-34.9094063854331
DPE4,DPE4_T14_S34,42,-8.127920671015797,-34.89749426722408
DPE4,DPE4_T14_S35,42,-8.131306481207462,-34.90937429059951
DPE4,DPE4_T14_S36,42,-8.136429698616777,-34.9005363202141
DPE4,DPE4_T14_S37,42,-8.136409971161632,-34.91238454606303
DPE4,DPE4_T15_S01,42,-8.173841675954366,-34.930512205671114
DPE4,DPE4_T15_S02,42,-8.173841675954366,-34.930512205671114
DPE4,DPE4_T15_S03,42,-8.173841675954366,-34.930512205671114
DPE4,DPE4_T15_S04,42,-8.173841675954366,-34.930512205671114
DPE4,DPE4_T15_S05,42,-8.143231020178549,-34.90652451934547
DPE4,DPE4_T15_S06,42,-8.139825461462767,-34.90649243832516
DPE4,DPE4_T15_S07,42,-8.139825461462767,-34.90649243832516
DPE4,DPE4_T15_S08,42,-8.139825461462767,-34.90649243832516
DPE4,DPE4_T15_S09,42,-8.139825461462767,-34.90649243832516
DPE4,DPE4_T15_S10,42,-8.173841675954366,-34.930512205671114
DPE4,DPE4_T15_S11,42,-8.139825461462767,-34.90649243832516
DPE4,DPE4_T15_S12,42,-8.141523333598528,-34.909470576035666
DPE4,DPE4_T15_S13,42,-8.175549266051718,-34.92756579898605
DPE4,DPE4_T15_S14,42,-8.175549266051718,-34.92756579898605
DPE4,DPE4_T15_S15,42,-8.175549266051718,-34.92756579898605
DPE4,DPE4_T15_S16,42,-8.155135742534117,-34.9155233854316
DPE4,DPE4_T15_S17,42,-8.180671740119896,-34.91872671783316
DPE4,DPE4_T15_S18,42,-8.146636554047925,-34.90655660067743
DPE4,DPE4_T15_S19,42,-8.180662219904352,-34.92465158745909
DPE4,DPE4_T15_S20,42,-8.184077085154247,-34.9187588609729
DPE4,DPE4_T15_S21,42,-8.184077085154247,-34.9187588609729
DPE4,DPE4_T15_S22,42,-8.187482405054814,-34.91879100442493
DPE4,DPE4_T15_S23,42,-8.161946740134336,-34.915587638151116
DPE4,DPE4_T15_S24,42,-8.175549266051718,-34.92756579898605
DPE4,DPE4_T15_S25,42,-8.156833623131542,-34.91850172459868
DPE4,DPE4_T15_S26,42,-8.156833623131542,-34.91850172459868
DPE4,DPE4_T15_S27,42,-8.177266369975552,-34.9186945750057
DPE4,DPE4_T15_S28,42,-8.146636554047925,-34.90655660067743
DPE4,DPE4_T15_S29,42,-8.144928901423988,-34.90950267180466
DPE4,DPE4_T15_S30,42,-8.17386097474499,-34.91866243249053
DPE4,DPE4_T15_S31,42,-8.187482405054814,-34.91879100442493
DPE4,DPE4_T15_S32,42,-8.190887699797813,-34.918823148189254
DPE4,DPE4_T15_S33,42,-8.185775031191476,-34.92173737052181
DPE4,DPE4_T15_S34,42,-8.180662219904352,-34.92465158745909
DPE4,DPE4_T15_S35,42,-8.141533132720816,-34.90354641931836
DPE4,DPE4_T15_S36,42,-8.150032328488878,-34.912512987511235
DPE4,DPE4_T15_S37,42,-8.172163049135015,-34.915684019571295
DPE4,DPE4_T16_S01,42,-8.173841675954366,-34.930512205671114
DPE4,DPE4_T16_S02,42,-8.282659489075465,-35.02637752698396
DPE4,DPE4_T16_S03,42,-8.282659489075465,-35.02637752698396
DPE4,DPE4_T16_S04,42,-8.226600853630861,-34.94582554931872
DPE4,DPE4_T16_S05,42,-8.250436695465105,-34.94605150706984
DPE4,DPE4_T16_S06,42,-8.199386868078506,-34.927791110752764
DPE4,DPE4_T16_S07,42,-8.204508626718557,-34.918951726369585
DPE4,DPE4_T16_S08,42,-8.197698213715997,-34.918887436654806
DPE4,DPE4_T16_S09,42,-8.20278276794392,-34.933748584769454
DPE4,DPE4_T16_S10,42,-8.296271087382458,-35.03243679841885
DPE4,DPE4_T16_S11,42,-8.201103432843624,-34.91891958135604
DPE4,DPE4_T16_S12,42,-8.201103432843624,-34.91891958135604
DPE4,DPE4_T16_S13,42,-8.194292969359468,-34.91885529226588
DPE4,DPE4_T16_S14,42,-8.190878308491579,-34.92474810538829
DPE4,DPE4_T16_S15,42,-8.192585663649012,-34.92180168724158
DPE4,DPE4_T16_S16,42,-8.20280142332298,-34.92189816466456
DPE4,DPE4_T16_S17,42,-8.184048393688737,-34.93653400937909
DPE4,DPE4_T16_S18,42,-8.211318938615278,-34.91901601733363
DPE4,DPE4_T16_S19,42,-8.189170903902,-34.9276945466907
DPE4,DPE4_T16_S20,42,-8.207913795317037,-34.91898387169545
DPE4,DPE4_T16_S21,42,-8.282659489075465,-35.02637752698396
DPE4,DPE4_T16_S22,42,-8.226600853630861,-34.94582554931872
DPE4,DPE4_T16_S23,42,-8.250436695465105,-34.94605150706984
DPE4,DPE4_T16_S24,42,-8.206206626049225,-34.92193032443046
DPE4,DPE4_T16_S25,42,-8.206206626049225,-34.92193032443046
DPE4,DPE4_T16_S26,42,-8.199386868078506,-34.927791110752764
DPE4,DPE4_T16_S27,42,-8.213016955611439,-34.92199464489966
DPE4,DPE4_T16_S28,42,-8.2044994072779,-34.924876800336726
DPE4,DPE4_T16_S29,42,-8.22492124799648,-34.93099525196709
DPE4,DPE4_T16_S30,42,-8.21471496603787,-34.92497332483033
DPE4,DPE4_T16_S31,42,-8.202810620865497,-34.9159731806874
DPE4,DPE4_T16_S32,42,-8.296271087382458,-35.03243679841885
DPE4,DPE4_T16_S33,42,-8.20278276794392,-34.933748584769454
DPE4,DPE4_T16_S34,42,-8.281072286283987,-34.952268454897435
DPE4,DPE4_T16_S35,42,-8.199396195331676,-34.92186600521112
DPE4,DPE4_T16_S36,42,-8.235052279215475,-34.984428018134636
DPE4,DPE4_T16_S37,42,-8.187472970779769,-34.92471593243265
DES2,DES2_T01_S01,42,-20.19483837602443,-40.27071997320459
DES2,DES2_T01_S02,42,-20.19483837602443,-40.27071997320459
DES2,DES2_T01_S03,42,-20.19483837602443,-40.27071997320459
DES2,DES2_T01_S04,42,-20.19483837602443,-40.27071997320459
DES2,DES2_T01_S05,42,-20.19483837602443,-40.27071997320459
DES2,DES2_T01_S06,42,-20.19483837602443,-40.27071997320459
DES2,DES2_T01_S07,42,-20.19483837602443,-40.27071997320459
DES2,DES2_T01_S08,42,-20.19483837602443,-40.27071997320459
DES2,DES2_T01_S09,42,-20.19483837602443,-40.27071997320459
DES2,DES2_T01_S10,42,-20.19483837602443,-40.27071997320459
DES2,DES2_T01_S11,42,-20.19483837602443,-40.27071997320459
DES2,DES2_T01_S12,42,-20.19483837602443,-40.27071997320459
DES2,DES2_T01_S13,42,-20.27452971570065,-40.28443762579993
DES2,DES2_T01_S14,42,-20.19497478153464,-40.25237401005157
DES2,DES2_T01_S15,42,-20.279291724979426,-40.287584977976664
DES2,DES2_T01_S16,42,-20.19483837602443,-40.27071997320459
DES2,DES2_T01_S17,42,-20.179365694743367,-40.20315778029348
DES2,DES2_T01_S18,42,-20.153553582957475,-40.23937330220254
DES2,DES2_T01_S19,42,-20.245906592708934,-40.27167053091982
DES2,DES2_T01_S20,42,-20.253906473527508,-40.268761105606174
DES2,DES2_T01_S21,42,-20.17100535282057,-40.254986689794904
DES2,DES2_T01_S22,42,-20.144367096595243,-40.184164810664555
DES2,DES2_T01_S23,42,-20.263523527639375,-40.262823322011016
DES2,DES2_T01_S24,42,-20.27452971570065,-40.28443762579993
DES2,DES2_T01_S25,42,-20.19497478153464,-40.25237401005157
DES2,DES2_T01_S26,42,-20.249097508415552,-40.271729945729525
DES2,DES2_T01_S27,42,-20.249097508415552,-40.271729945729525
DES2,DES2_T01_S28,42,-20.247524851281277,-40.268642304995915
DES2,DES2_T01_S29,42,-20.247524851281277,-40.268642304995915
DES2,DES2_T01_S30,42,-20.263478157921085,-40.26893931089084
DES2,DES2_T01_S31,42,-20.19483837602443,-40.27071997320459
DES2,DES2_T01_S32,42,-20.179365694743367,-40.20315778029348
DES2,DES2_T01_S33,42,-20.261905653404817,-40.26585161799313
DES2,DES2_T01_S34,42,-20.261905653404817,-40.26585161799313
DES2,DES2_T01_S35,42,-20.153553582957475,-40.23937330220254
DES2,DES2_T01_S36,42,-20.261905653404817,-40.26585161799313
DES2,DES2_T01_S37,42,-20.260333075567985,-40.26276394984315
DES2,DES2_T01_S38,42,-20.156747339386065,-40.23943254927675
DES2,DES2_T01_S39,42,-20.25866965645762,-40.27190819365483
DES2,DES2_T01_S40,42,-20.176085238293847,-40.21532833170629
DES2,DES2_T01_S41,42,-20.22877922344945,-40.21324638909596
DES2,DES2_T01_S42,42,-20.250715712326034,-40.26870170500977
DES2,DES2_T01_S43,42,-20.250715712326034,-40.26870170500977
DES2,DES2_T01_S44,42,-20.250715712326034,-40.26870170500977
DES2,DES2_T01_S45,42,-20.204461262052952,-40.264782741730905
DES2,DES2_T01_S46,42,-20.23952446184749,-40.271551703048495
DES2,DES2_T01_S47,42,-20.265096060284975,-40.26591100554049
DES2,DES2_T01_S48,42,-20.261860172728657,-40.271967610795365
DES2,DES2_T01_S49,42,-20.27762739687707,-40.29672965770717
DES2,DES2_T01_S50,42,-20.144367096595243,-40.184164810664555
DES2,DES2_T01_S51,42,-20.156747339386065,-40.23943254927675
DES2,DES2_T01_S52,42,-20.17100535282057,-40.254986689794904
DES2,DES2_T01_S53,42,-20.260333075567985,-40.26276394984315
DES2,DES2_T01_S54,42,-20.257142523608966,-40.26270457825757
DES2,DES2_T01_S55,42,-20.186970526072372,-40.255283324099906
DES2,DES2_T01_S56,42,-20.27762739687707,-40.29672965770717
DES2,DES2_T01_S57,42,-20.260287696340136,-40.2688799085467
DES2,DES2_T01_S58,42,-20.26505058910304,-40.27202702851863
DES2,DES2_T01_S59,42,-20.2427155771812,-40.27161111669282
DES2,DES2_T01_S60,42,-20.27452971570065,-40.28443762579993
DES2,DES2_T01_S61,42,-20.252333833450766,-40.26567345884572
DES2,DES2_T01_S62,42,-20.201449486373548,-40.240262069327564
DES2,DES2_T01_S63,42,-20.19497478153464,-40.25237401005157
DES2,DES2_T01_S64,42,-20.261950921675243,-40.259735663246815
DES2,DES2_T01_S65,42,-20.255479040305016,-40.27184877709701
DES2,DES2_T01_S66,42,-20.260287696340136,-40.2688799085467
DES2,DES2_T01_S67,42,-20.179365694743367,-40.20315778029348
DES2,DES2_T01_S68,42,-20.190117885214892,-40.26145790945675
DES2,DES2_T01_S69,42,-20.215239021655005,-40.316973983368385
DES2,DES2_T01_S70,42,-20.219116680044465,-40.225299571793826
DES2,DES2_T01_S71,42,-20.252288324285953,-40.27178936112192
DES2,DES2_T01_S72,42,-20.252288324285953,-40.27178936112192
DES2,DES2_T01_S73,42,-20.252288324285953,-40.27178936112192
DES2,DES2_T01_S74,42,-20.19483837602443,-40.27071997320459
DES2,DES2_T01_S75,42,-20.276101734732205,-40.28752548219231
DES2,DES2_T01_S76,42,-20.2156562652469,-40.261932800630504
DES2,DES2_T01_S77,42,-20.271247188313513,-40.29661057678579
DES2,DES2_T01_S78,42,-20.19515369068597,-40.22791326345757
DES2,DES2_T01_S79,42,-20.261676125911524,-40.29643195978288
DES2,DES2_T01_S80,42,-20.223658365938153,-40.25902342020748
DES2,DES2_T01_S81,42,-20.25552453997261,-40.26573284464576
DES2,DES2_T01_S82,42,-20.176085238293847,-40.21532833170629
DES2,DES2_T01_S83,42,-20.249143027078578,-40.2656140736281
DES2,DES2_T01_S84,42,-20.265096060284975,-40.26591100554049
DES2,DES2_T01_S85,42,-20.27771975122892,-40.28449710620536
DES2,DES2_T02_S01,42,-20.331980745025238,-40.27939162996632
DES2,DES2_T02_S02,42,-20.331980745025238,-40.27939162996632
DES2,DES2_T02_S03,42,-20.331980745025238,-40.27939162996632
DES2,DES2_T02_S04,42,-20.3335520496025,-40.28247972928581
DES2,DES2_T02_S05,42,-20.3335520496025,-40.28247972928581
DES2,DES2_T02_S06,42,-20.3335520496025,-40.28247972928581
DES2,DES2_T02_S07,42,-20.336740228467875,-40.282539205394386
DES2,DES2_T02_S08,42,-20.336740228467875,-40.282539205394386
DES2,DES2_T02_S09,42,-20.336740228467875,-40.282539205394386
DES2,DES2_T02_S10,42,-20.336740228467875,-40.282539205394386
DES2,DES2_T02_S11,42,-20.307951048144403,-40.29423702872552
DES2,DES2_T02_S12,42,-20.336740228467875,-40.282539205394386
DES2,DES2_T02_S13,42,-20.29995497681052,-40.297146459325674
DES2,DES2_T02_S14,42,-20.293576168440218,-40.29702737022923
DES2,DES2_T02_S15,42,-20.296765622658654,-40.297086914485476
DES2,DES2_T02_S16,42,-20.296765622658654,-40.297086914485476
DES2,DES2_T02_S17,42,-20.296765622658654,-40.297086914485476
DES2,DES2_T02_S18,42,-20.296765622658654,-40.297086914485476
DES2,DES2_T02_S19,42,-20.296765622658654,-40.297086914485476
DES2,DES2_T02_S20,42,-20.295194050613865,-40.2939989073791
DES2,DES2_T02_S21,42,-20.295194050613865,-40.2939989073791
DES2,DES2_T02_S22,42,-20.295194050613865,-40.2939989073791
DES2,DES2_T02_S23,42,-20.31423616892996,-40.30658945057506
DES2,DES2_T02_S24,42,-20.314328946257195,-40.29435609290179
DES2,DES2_T02_S25,42,-20.28238907643834,-40.2998771538268
DES2,DES2_T02_S26,42,-20.287196959863923,-40.29690828346861
DES2,DES2_T02_S27,42,-20.307951048144403,-40.29423702872552
DES2,DES2_T02_S28,42,-20.336740228467875,-40.282539205394386
DES2,DES2_T02_S29,42,-20.330409366839156,-40.27630355532196
DES2,DES2_T02_S30,42,-20.29838345012197,-40.29405843683996
DES2,DES2_T02_S31,42,-20.29838345012197,-40.29405843683996
DES2,DES2_T02_S32,42,-20.311140047267717,-40.29429656052173
DES2,DES2_T02_S33,42,-20.311140047267717,-40.29429656052173
DES2,DES2_T02_S34,42,-20.311140047267717,-40.29429656052173
DES2,DES2_T02_S35,42,-20.311140047267717,-40.29429656052173
DES2,DES2_T02_S36,42,-20.280863625289953,-40.29067287437199
DES2,DES2_T02_S37,42,-20.280863625289953,-40.29067287437199
DES2,DES2_T02_S38,42,-20.29838345012197,-40.29405843683996
DES2,DES2_T02_S39,42,-20.301572749556474,-40.29411796688464
DES2,DES2_T02_S40,42,-20.280863625289953,-40.29067287437199
DES2,DES2_T02_S41,42,-20.31423616892996,-40.30658945057506
DES2,DES2_T02_S42,42,-20.301572749556474,-40.29411796688464
DES2,DES2_T02_S43,42,-20.28081735120225,-40.29678919904372
DES2,DES2_T02_S44,42,-20.28081735120225,-40.29678919904372
DES2,DES2_T02_S45,42,-20.288814951437107,-40.29387985020881
DES2,DES2_T02_S46,42,-20.288814951437107,-40.29387985020881
DES2,DES2_T02_S47,42,-20.306333384854312,-40.297265550758
DES2,DES2_T02_S48,42,-20.304761948902296,-40.29417749751316
DES2,DES2_T02_S49,42,-20.304761948902296,-40.29417749751316
DES2,DES2_T02_S50,42,-20.295147712317103,-40.30011538652721
DES2,DES2_T02_S51,42,-20.27919916743289,-40.29981759711188
DES2,DES2_T02_S52,42,-20.27919916743289,-40.29981759711188
DES2,DES2_T02_S53,42,-20.30314423088076,-40.297206004749846
DES2,DES2_T02_S54,42,-20.285625251798606,-40.29382032249937
DES2,DES2_T02_S55,42,-20.285625251798606,-40.29382032249937
DES2,DES2_T02_S56,42,-20.293389094796222,-40.32149352381978
DES2,DES2_T02_S57,42,-20.312664999122575,-40.30350130829255
DES2,DES2_T02_S58,42,-20.338311414000792,-40.285627344753166
DES2,DES2_T02_S59,42,-20.328792420520543,-40.27933216982285
DES2,DES2_T02_S60,42,-20.328792420520543,-40.27933216982285
DES2,DES2_T02_S61,42,-20.285578885444554,-40.29993671112579
DES2,DES2_T02_S62,42,-20.30314423088076,-40.297206004749846
DES2,DES2_T02_S63,42,-20.296811849907684,-40.29097043894248
DES2,DES2_T02_S64,42,-20.290432860151824,-40.29085141136331
DES2,DES2_T02_S65,42,-20.309568628511947,-40.29120850110501
DES2,DES2_T02_S66,42,-20.312664999122575,-40.30350130829255
DES2,DES2_T02_S67,42,-20.309568628511947,-40.29120850110501
DES2,DES2_T02_S68,42,-20.282435452146785,-40.29376079537372
DES2,DES2_T02_S69,42,-20.282435452146785,-40.29376079537372
DES2,DES2_T02_S70,42,-20.284007205536216,-40.2968487409642
DES2,DES2_T02_S71,42,-20.315946417119406,-40.29132753568851
DES2,DES2_T02_S72,42,-20.315853862045955,-40.303560886228226
DES2,DES2_T02_S73,42,-20.291958203399016,-40.30005582747598
DES2,DES2_T02_S74,42,-20.301526429959633,-40.30023450638197
DES2,DES2_T02_S75,42,-20.339928307081095,-40.28259868208631
DES2,DES2_T02_S76,42,-20.31109375571339,-40.30041319054503
DES2,DES2_T02_S77,42,-20.279245552496718,-40.29370126883185
DES2,DES2_T02_S78,42,-20.284007205536216,-40.2968487409642
DES2,DES2_T02_S79,42,-20.298337121175667,-40.30017494616254
DES2,DES2_T02_S80,42,-20.328837915057953,-40.273215505370395
DES2,DES2_T02_S81,42,-20.315900246044244,-40.2974441922864
DES2,DES2_T02_S82,42,-20.284053470254214,-40.29073238611878
DES2,DES2_T02_S83,42,-20.31580726512185,-40.3096776173749
DES2,DES2_T02_S84,42,-20.304715638653953,-40.30029406718553
DES2,DES2_T02_S85,42,-20.328792420520543,-40.27933216982285
DES2,DES2_T03_S01,42,-20.353442195257852,-40.38991849397609
DES2,DES2_T03_S02,42,-20.353442195257852,-40.38991849397609
DES2,DES2_T03_S03,42,-20.347875212710306,-40.28580582272535
DES2,DES2_T03_S04,42,-20.353442195257852,-40.38991849397609
DES2,DES2_T03_S05,42,-20.344687380092335,-40.28574632948443
DES2,DES2_T03_S06,42,-20.344687380092335,-40.28574632948443
DES2,DES2_T03_S07,42,-20.344687380092335,-40.28574632948443
DES2,DES2_T03_S08,42,-20.344687380092335,-40.28574632948443
DES2,DES2_T03_S09,42,-20.351062945023063,-40.28586531654979
DES2,DES2_T03_S10,42,-20.353442195257852,-40.38991849397609
DES2,DES2_T03_S11,42,-20.341499447184162,-40.28568683682705
DES2,DES2_T03_S12,42,-20.341499447184162,-40.28568683682705
DES2,DES2_T03_S13,42,-20.341499447184162,-40.28568683682705
DES2,DES2_T03_S14,42,-20.341499447184162,-40.28568683682705
DES2,DES2_T03_S15,42,-20.377993470278057,-40.307781427934856
DES2,DES2_T03_S16,42,-20.35739227249096,-40.29210131739777
DES2,DES2_T03_S17,42,-20.34307051362772,-40.28877501620742
DES2,DES2_T03_S18,42,-20.34307051362772,-40.28877501620742
DES2,DES2_T03_S19,42,-20.351062945023063,-40.28586531654979
DES2,DES2_T03_S20,42,-20.3779469477678,-40.31389876608261
DES2,DES2_T03_S21,42,-20.353442195257852,-40.38991849397609
DES2,DES2_T03_S22,42,-20.352633875094128,-40.28895354207657
DES2,DES2_T03_S23,42,-20.352633875094128,-40.28895354207657
DES2,DES2_T03_S24,42,-20.382750421983605,-40.310929522740985
DES2,DES2_T03_S25,42,-20.363721022694122,-40.298337478774734
DES2,DES2_T03_S26,42,-20.34307051362772,-40.28877501620742
DES2,DES2_T03_S27,42,-20.37004919532061,-40.30457380053911
DES2,DES2_T03_S28,42,-20.379563656250657,-40.31086990235276
DES2,DES2_T03_S29,42,-20.379563656250657,-40.31086990235276
DES2,DES2_T03_S30,42,-20.379563656250657,-40.31086990235276
DES2,DES2_T03_S31,42,-20.379563656250657,-40.31086990235276
DES2,DES2_T03_S32,42,-20.379563656250657,-40.31086990235276
DES2,DES2_T03_S33,42,-20.354204731457084,-40.292041792225035
DES2,DES2_T03_S34,42,-20.354204731457084,-40.292041792225035
DES2,DES2_T03_S35,42,-20.354204731457084,-40.292041792225035
DES2,DES2_T03_S36,42,-20.349446188246876,-40.28889403286985
DES2,DES2_T03_S37,42,-20.354204731457084,-40.292041792225035
DES2,DES2_T03_S38,42,-20.26389554320777,-40.418822634936454
DES2,DES2_T03_S39,42,-20.36053367303266,-40.29827792225352
DES2,DES2_T03_S40,42,-20.36053367303266,-40.29827792225352
DES2,DES2_T03_S41,42,-20.417658027739808,-40.3299386979014
DES2,DES2_T03_S42,42,-20.287897798882128,-40.41009804799411
DES2,DES2_T03_S43,42,-20.338311414000792,-40.285627344753166
DES2,DES2_T03_S44,42,-20.36103515249458,-40.435951925086954
DES2,DES2_T03_S45,42,-20.358963009635357,-40.29518960753251
DES2,DES2_T03_S46,42,-20.36847877054584,-40.301485405934216
DES2,DES2_T03_S47,42,-20.36847877054584,-40.301485405934216
DES2,DES2_T03_S48,42,-20.36843243364777,-40.30760261642512
DES2,DES2_T03_S49,42,-20.335932803446035,-40.38652975732448
DES2,DES2_T03_S50,42,-20.373236253102977,-40.30463338899342
DES2,DES2_T03_S51,42,-20.355821461613154,-40.289013051866974
DES2,DES2_T03_S52,42,-20.346258401086402,-40.288834524246795
DES2,DES2_T03_S53,42,-20.346258401086402,-40.288834524246795
DES2,DES2_T03_S54,42,-20.344314421159197,-40.3346824967726
DES2,DES2_T03_S55,42,-20.354250577015605,-40.28592481095775
DES2,DES2_T03_S56,42,-20.31718936323042,-40.33723323637684
DES2,DES2_T03_S57,42,-20.353442195257852,-40.38991849397609
DES2,DES2_T03_S58,42,-20.355589591095562,-40.31959850003977
DES2,DES2_T03_S59,42,-20.354250577015605,-40.28592481095775
DES2,DES2_T03_S60,42,-20.362104262669202,-40.301366261543166
DES2,DES2_T03_S61,42,-20.31875990464087,-40.34032158586669
DES2,DES2_T03_S62,42,-20.350737482212217,-40.328684756200424
DES2,DES2_T03_S63,42,-20.358963009635357,-40.29518960753251
DES2,DES2_T03_S64,42,-20.346258401086402,-40.288834524246795
DES2,DES2_T03_S65,42,-20.32037812669033,-40.33729298113899
DES2,DES2_T03_S66,42,-20.35769373434156,-40.454245505570825
DES2,DES2_T03_S67,42,-20.37642321045719,-40.304692978032186
DES2,DES2_T03_S68,42,-20.320330372332002,-40.34340995968009
DES2,DES2_T03_S69,42,-20.32042566806402,-40.33117603903617
DES2,DES2_T03_S70,42,-20.35891685816058,-40.30130669022405
DES2,DES2_T03_S71,42,-20.365291566802618,-40.301425833446544
DES2,DES2_T03_S72,42,-20.342259775776583,-40.3927672133265
DES2,DES2_T03_S73,42,-20.374806558499113,-40.30772182351369
DES2,DES2_T03_S74,42,-20.26389554320777,-40.418822634936454
DES2,DES2_T03_S75,42,-20.34949194125759,-40.28277711566233
DES2,DES2_T03_S76,42,-20.351017090086973,-40.29198226763613
DES2,DES2_T03_S77,42,-20.674033969109026,-40.50003793906737
DES2,DES2_T03_S78,42,-20.379563656250657,-40.31086990235276
DES2,DES2_T03_S79,42,-20.355682979190913,-40.307364209262886
DES2,DES2_T03_S80,42,-20.362150404813228,-40.29524914867146
DES2,DES2_T03_S81,42,-20.659759484701176,-40.496704802425434
DES2,DES2_T03_S82,42,-20.366862037125053,-40.304514212669226
DES2,DES2_T03_S83,42,-20.350878245792458,-40.31033334517161
DES2,DES2_T03_S84,42,-20.417658027739808,-40.3299386979014
DPR2,DPR2_T01_S01,42,-25.36455471588949,-49.25134006782859
DPR2,DPR2_T01_S02,42,-25.380752439361522,-49.254941409684335
DPR2,DPR2_T01_S03,42,-25.39326758950439,-49.200578207481605
DPR2,DPR2_T01_S04,42,-25.36455471588949,-49.25134006782859
DPR2,DPR2_T01_S05,42,-25.380752439361522,-49.254941409684335
DPR2,DPR2_T01_S06,42,-25.39326758950439,-49.200578207481605
DPR2,DPR2_T01_S07,42,-25.36455471588949,-49.25134006782859
DPR2,DPR2_T01_S08,42,-25.380752439361522,-49.254941409684335
DPR2,DPR2_T01_S09,42,-25.39326758950439,-49.200578207481605
DPR2,DPR2_T01_S10,42,-25.36455471588949,-49.25134006782859
DPR2,DPR2_T01_S11,42,-25.380752439361522,-49.254941409684335
DPR2,DPR2_T01_S12,42,-25.39326758950439,-49.200578207481605
DPR2,DPR2_T01_S13,42,-25.36455471588949,-49.25134006782859
DPR2,DPR2_T01_S14,42,-25.380752439361522,-49.254941409684335
DPR2,DPR2_T01_S15,42,-25.36086750777899,-49.19337674556929
DPR2,DPR2_T01_S16,42,-25.39326758950439,-49.200578207481605
DPR2,DPR2_T01_S17,42,-25.36455471588949,-49.25134006782859
DPR2,DPR2_T01_S18,42,-25.380752439361522,-49.254941409684335
DPR2,DPR2_T01_S19,42,-25.36086750777899,-49.19337674556929
DPR2,DPR2_T01_S20,42,-25.39326758950439,-49.200578207481605
DPR2,DPR2_T01_S21,42,-25.36455471588949,-49.25134006782859
DPR2,DPR2_T01_S22,42,-25.380752439361522,-49.254941409684335
DPR2,DPR2_T01_S23,42,-25.36086750777899,-49.19337674556929
DPR2,DPR2_T01_S24,42,-25.39943141446277,-49.24340913621872
DPR2,DPR2_T01_S25,42,-25.39326758950439,-49.200578207481605
DPR2,DPR2_T01_S26,42,-25.424957855212245,-49.24124397018102
DPR2,DPR2_T01_S27,42,-25.36455471588949,-49.25134006782859
DPR2,DPR2_T01_S28,42,-25.36086750777899,-49.19337674556929
DPR2,DPR2_T01_S29,42,-25.380752439361522,-49.254941409684335
DPR2,DPR2_T01_S30,42,-25.39943141446277,-49.24340913621872
DPR2,DPR2_T01_S31,42,-25.358193577193735,-49.25720836515678
DPR2,DPR2_T01_S32,42,-25.387907063753957,-49.23692455111467
DPR2,DPR2_T01_S33,42,-25.39326758950439,-49.200578207481605
DPR2,DPR2_T01_S34,42,-25.424957855212245,-49.24124397018102
DPR2,DPR2_T01_S35,42,-25.404993739659886,-49.2496885388197
DPR2,DPR2_T01_S36,42,-25.40628466934089,-49.25277690121612
DPR2,DPR2_T01_S37,42,-25.36086750777899,-49.19337674556929
DPR2,DPR2_T01_S38,42,-25.436067702896924,-49.16246535742087
DPR2,DPR2_T01_S39,42,-25.36455471588949,-49.25134006782859
DPR2,DPR2_T01_S40,42,-25.435583286161517,-49.23856569444127
DPR2,DPR2_T01_S41,42,-25.400324679235077,-49.2525716277619
DPR2,DPR2_T01_S42,42,-25.380752439361522,-49.254941409684335
DPR2,DPR2_T01_S43,42,-25.39943141446277,-49.24340913621872
DPR2,DPR2_T01_S44,42,-25.401615651596813,-49.255659934561756
DPR2,DPR2_T01_S45,42,-25.40628466934089,-49.25277690121612
DPR2,DPR2_T01_S46,42,-25.394265537464396,-49.23105524733469
DPR2,DPR2_T01_S47,42,-25.358193577193735,-49.25720836515678
DPR2,DPR2_T01_S48,42,-25.387907063753957,-49.23692455111467
DPR2,DPR2_T01_S49,42,-25.409264485349407,-49.25287953938603
DPR2,DPR2_T01_S50,42,-25.403702706318725,-49.24660014886962
DPR2,DPR2_T01_S51,42,-25.435583286161517,-49.23856569444127
DPR2,DPR2_T01_S52,42,-25.405391604824175,-49.24361432750978
DPR2,DPR2_T01_S53,42,-25.39326758950439,-49.200578207481605
DPR2,DPR2_T01_S54,42,-25.385115967189623,-49.18812021637778
DPR2,DPR2_T01_S55,42,-25.411351317718808,-49.243819522647115
DPR2,DPR2_T01_S56,42,-25.3908877229082,-49.23702711536236
DPR2,DPR2_T01_S57,42,-25.397742423559002,-49.246394931471215
DPR2,DPR2_T01_S58,42,-25.387012410061107,-49.22776165918323
DPR2,DPR2_T01_S59,42,-25.400722624614602,-49.24649753968959
DPR2,DPR2_T01_S60,42,-25.398635550686265,-49.25555728526493
DPR2,DPR2_T01_S61,42,-25.386513613335993,-49.21252359094087
DPR2,DPR2_T01_S62,42,-25.398140100666925,-49.240320705230225
DPR2,DPR2_T01_S63,42,-25.423359768360207,-49.17420935028674
DPR2,DPR2_T01_S64,42,-25.402311992661446,-49.222199536314186
DPR2,DPR2_T01_S65,42,-25.424957855212245,-49.24124397018102
DPR2,DPR2_T01_S66,42,-25.356404381311908,-49.238884670094464
DPR2,DPR2_T01_S67,42,-25.430215759543312,-49.18357945449264
DPR2,DPR2_T01_S68,42,-25.360180209047876,-49.226838994043376
DPR2,DPR2_T01_S69,42,-25.412045599211194,-49.21035688878313
DPR2,DPR2_T01_S70,42,-25.391758622647433,-49.154855463448946
DPR2,DPR2_T01_S71,42,-25.410457840018577,-49.23465653595215
DPR2,DPR2_T01_S72,42,-25.40966251163667,-49.24680537011468
DPR2,DPR2_T01_S73,42,-25.380653500795027,-49.23363100961964
DPR2,DPR2_T01_S74,42,-25.401994770825958,-49.15825143700575
DPR2,DPR2_T01_S75,42,-25.39545591353922,-49.21283095871803
DPR2,DPR2_T01_S76,42,-25.397435044929985,-49.182453855795416
DPR2,DPR2_T01_S77,42,-25.38492628528345,-49.23682198782826
DPR2,DPR2_T01_S78,42,-25.42267291895555,-49.20767777802242
DPR2,DPR2_T01_S79,42,-25.39297380914167,-49.22796670645143
DPR2,DPR2_T01_S80,42,-25.436067702896924,-49.16246535742087
DPR2,DPR2_T01_S81,42,-25.315041975206498,-49.231375189997195
DPR2,DPR2_T01_S82,42,-25.345560147851973,-49.198939894813755
DPR2,DPR2_T01_S83,42,-25.409461904096137,-49.20417914395862
DPR2,DPR2_T01_S84,42,-25.41552338442155,-49.2256982534865
DPR2,DPR2_T01_S85,42,-25.397344505155733,-49.25246899247759
DPR2,DPR2_T01_S86,42,-25.36086750777899,-49.19337674556929
DPR2,DPR2_T01_S87,42,-25.403603635756042,-49.225288188124864
DPR2,DPR2_T01_S88,42,-25.348945997536912,-49.28428033855435
DPR2,DPR2_T01_S89,42,-25.364651853786803,-49.272648296172044
DPR2,DPR2_T01_S90,42,-25.41800524956887,-49.21056178891252
DPR2,DPR2_T02_S01,42,-25.413229737680208,-49.28345345223221
DPR2,DPR2_T02_S02,42,-25.413229737680208,-49.28345345223221
DPR2,DPR2_T02_S03,42,-25.413229737680208,-49.28345345223221
DPR2,DPR2_T02_S04,42,-25.413229737680208,-49.28345345223221
DPR2,DPR2_T02_S05,42,-25.413229737680208,-49.28345345223221
DPR2,DPR2_T02_S06,42,-25.413229737680208,-49.28345345223221
DPR2,DPR2_T02_S07,42,-25.413229737680208,-49.28345345223221
DPR2,DPR2_T02_S08,42,-25.413229737680208,-49.28345345223221
DPR2,DPR2_T02_S09,42,-25.413229737680208,-49.28345345223221
DPR2,DPR2_T02_S10,42,-25.418203217089655,-49.25318745966717
DPR2,DPR2_T02_S11,42,-25.413229737680208,-49.28345345223221
DPR2,DPR2_T02_S12,42,-25.436873752526004,-49.24165433515893
DPR2,DPR2_T02_S13,42,-25.418203217089655,-49.25318745966717
DPR2,DPR2_T02_S14,42,-25.434481965804864,-49.27809932228121
DPR2,DPR2_T02_S15,42,-25.413534861642205,-49.25607054136882
DPR2,DPR2_T02_S16,42,-25.405886428683175,-49.258850878045074
DPR2,DPR2_T02_S17,42,-25.407575495356827,-49.25586523604133
DPR2,DPR2_T02_S18,42,-25.42803262420004,-49.26265791857639
DPR2,DPR2_T02_S19,42,-25.41531827421127,-49.27439466501261
DPR2,DPR2_T02_S20,42,-25.413229737680208,-49.28345345223221
DPR2,DPR2_T02_S21,42,-25.427633819000093,-49.268731850030676
DPR2,DPR2_T02_S22,42,-25.43101150422568,-49.26276060455572
DPR2,DPR2_T02_S23,42,-25.436570019776134,-49.26903999203168
DPR2,DPR2_T02_S24,42,-25.42167575467921,-49.268526426842406
DPR2,DPR2_T02_S25,42,-25.433098715167887,-49.25370067937448
DPR2,DPR2_T02_S26,42,-25.436170892087354,-49.27511383892172
DPR2,DPR2_T02_S27,42,-25.436873752526004,-49.24165433515893
DPR2,DPR2_T02_S28,42,-25.407575495356827,-49.25586523604133
DPR2,DPR2_T02_S29,42,-25.434787258628752,-49.25071482366377
DPR2,DPR2_T02_S30,42,-25.426742444707287,-49.25956955487796
DPR2,DPR2_T02_S31,42,-25.41611590990807,-49.2622471842817
DPR2,DPR2_T02_S32,42,-25.432700231736273,-49.25977489977526
DPR2,DPR2_T02_S33,42,-25.432700231736273,-49.25977489977526
DPR2,DPR2_T02_S34,42,-25.411845887351,-49.25905620947246
DPR2,DPR2_T02_S35,42,-25.418696543404586,-49.268423716691956
DPR2,DPR2_T02_S36,42,-25.433192304948047,-49.275011096903796
DPR2,DPR2_T02_S37,42,-25.410555238188326,-49.25596788822407
DPR2,DPR2_T02_S38,42,-25.43180844412177,-49.25061219085102
DPR2,DPR2_T02_S39,42,-25.432792962817064,-49.2810847508725
DPR2,DPR2_T02_S40,42,-25.420385562987136,-49.26543816044924
DPR2,DPR2_T02_S41,42,-25.43061267202843,-49.26883456306851
DPR2,DPR2_T02_S42,42,-25.42972139793884,-49.259672226845524
DPR2,DPR2_T02_S43,42,-25.410555238188326,-49.25596788822407
DPR2,DPR2_T02_S44,42,-25.411447351365137,-49.26513007491381
DPR2,DPR2_T02_S45,42,-25.410156836373858,-49.26204182290775
DPR2,DPR2_T02_S46,42,-25.431503332461304,-49.27799656721858
DPR2,DPR2_T02_S47,42,-25.418203217089655,-49.25318745966717
DPR2,DPR2_T02_S48,42,-25.402906520301137,-49.25874821377451
DPR2,DPR2_T02_S49,42,-25.41740627850494,-49.265335464308436
DPR2,DPR2_T02_S50,42,-25.413136432832516,-49.2621445031136
DPR2,DPR2_T02_S51,42,-25.40886621770279,-49.25895354327773
DPR2,DPR2_T02_S52,42,-25.408467708725464,-49.265027381659976
DPR2,DPR2_T02_S53,42,-25.429322699975387,-49.26574625464578
DPR2,DPR2_T02_S54,42,-25.431410094933025,-49.25668648043998
DPR2,DPR2_T02_S55,42,-25.41740627850494,-49.265335464308436
DPR2,DPR2_T02_S56,42,-25.43180844412177,-49.25061219085102
DPR2,DPR2_T02_S57,42,-25.43696890595746,-49.26296597940127
DPR2,DPR2_T02_S58,42,-25.428431187933217,-49.25658382152297
DPR2,DPR2_T02_S59,42,-25.42683548431469,-49.28087921562284
DPR2,DPR2_T02_S60,42,-25.43220655176326,-49.244537735918655
DPR2,DPR2_T02_S61,42,-25.431902540354276,-49.27192284382704
DPR2,DPR2_T02_S62,42,-25.424654846547377,-49.26862913795531
DPR2,DPR2_T02_S63,42,-25.404197285343134,-49.261836465382586
DPR2,DPR2_T02_S64,42,-25.43399026481447,-49.26286329149735
DPR2,DPR2_T02_S65,42,-25.43607745647959,-49.253803326201876
DPR2,DPR2_T02_S66,42,-25.425053624746518,-49.26255523355934
DPR2,DPR2_T02_S67,42,-25.41909526759156,-49.262349866412
DPR2,DPR2_T02_S68,42,-25.41531827421127,-49.27439466501261
DPR2,DPR2_T02_S69,42,-25.414825437618862,-49.25915887662929
DPR2,DPR2_T02_S70,42,-25.429814283279025,-49.28098198276623
DPR2,DPR2_T02_S71,42,-25.43825876208809,-49.26605435750375
DPR2,DPR2_T02_S72,42,-25.432301506788836,-49.26584895463602
DPR2,DPR2_T02_S73,42,-25.416514365709475,-49.256173195475576
DPR2,DPR2_T02_S74,42,-25.435185393194658,-49.244640341661224
DPR2,DPR2_T02_S75,42,-25.425452161501997,-49.25648116356805
DPR2,DPR2_T02_S76,42,-25.42892376054794,-49.271820116780084
DPR2,DPR2_T02_S77,42,-25.413229737680208,-49.28345345223221
DPR2,DPR2_T02_S78,42,-25.434881200724558,-49.2720255718366
DPR2,DPR2_T02_S79,42,-25.406778504420537,-49.26801288571444
DPR2,DPR2_T02_S80,42,-25.433591405623414,-49.26893727706884
DPR2,DPR2_T02_S81,42,-25.424255826933297,-49.27470287662621
DPR2,DPR2_T02_S82,42,-25.427140874213688,-49.25349538860567
DPR2,DPR2_T02_S83,42,-25.414426874627953,-49.26523276912997
DPR2,DPR2_T02_S84,42,-25.37915846622072,-49.27923507227163
DPR2,DPR2_T02_S85,42,-25.42207450587403,-49.26245254950454
DPR2,DPR2_T02_S86,42,-25.397838721853866,-49.267704772586406
DPR2,DPR2_T02_S87,42,-25.40598054837988,-49.28015987257906
DPR2,DPR2_T02_S88,42,-25.4301198544096,-49.25359803350909
DPR2,DPR2_T02_S89,42,-25.417898370953317,-49.28057091996991
DPR2,DPR2_T02_S90,42,-25.39614930246023,-49.27069018279134
DPR2,DPR2_T02_S91,42,-25.40469025897947,-49.27707181497934
DPR2,DPR2_T03_S01,42,-25.427325588772735,-49.296113906063766
DPR2,DPR2_T03_S02,42,-25.427325588772735,-49.296113906063766
DPR2,DPR2_T03_S03,42,-25.427325588772735,-49.296113906063766
DPR2,DPR2_T03_S04,42,-25.427325588772735,-49.296113906063766
DPR2,DPR2_T03_S05,42,-25.427325588772735,-49.296113906063766
DPR2,DPR2_T03_S06,42,-25.40962530179177,-49.33810652160091
DPR2,DPR2_T03_S07,42,-25.427325588772735,-49.296113906063766
DPR2,DPR2_T03_S08,42,-25.40962530179177,-49.33810652160091
DPR2,DPR2_T03_S09,42,-25.430074452139504,-49.3448995970713
DPR2,DPR2_T03_S10,42,-25.431593487978027,-49.299304716284155
DPR2,DPR2_T03_S11,42,-25.427325588772735,-49.296113906063766
DPR2,DPR2_T03_S12,42,-25.428300980266986,-49.32658037000862
DPR2,DPR2_T03_S13,42,-25.39971212715188,-49.30733384294611
DPR2,DPR2_T03_S14,42,-25.434571966832536,-49.29940756648416
DPR2,DPR2_T03_S15,42,-25.432882611885788,-49.3023926634326
DPR2,DPR2_T03_S16,42,-25.432882611885788,-49.3023926634326
DPR2,DPR2_T03_S17,42,-25.39495192913853,-49.288909881322816
DPR2,DPR2_T03_S18,42,-25.43328281244405,-49.29631957749813
DPR2,DPR2_T03_S19,42,-25.40962530179177,-49.33810652160091
DPR2,DPR2_T03_S20,42,-25.445849646155985,-49.35457418853248
DPR2,DPR2_T03_S21,42,-25.430074452139504,-49.3448995970713
DPR2,DPR2_T03_S22,42,-25.432882611885788,-49.3023926634326
DPR2,DPR2_T03_S23,42,-25.457994945607638,-49.306303635309725
DPR2,DPR2_T03_S24,42,-25.443274383276595,-49.348399301828834
DPR2,DPR2_T03_S25,42,-25.44029659977589,-49.34829623158807
DPR2,DPR2_T03_S26,42,-25.435861017463864,-49.302495527632864
DPR2,DPR2_T03_S27,42,-25.445595894084978,-49.29065757150311
DPR2,DPR2_T03_S28,42,-25.43941071039739,-49.33913676095637
DPR2,DPR2_T03_S29,42,-25.394552322470616,-49.29498278205428
DPR2,DPR2_T03_S30,42,-25.436834409494125,-49.33296159336814
DPR2,DPR2_T03_S31,42,-25.427325588772735,-49.296113906063766
DPR2,DPR2_T03_S32,42,-25.428300980266986,-49.32658037000862
DPR2,DPR2_T03_S33,42,-25.438524207499448,-49.32997695479516
DPR2,DPR2_T03_S34,42,-25.438122611840914,-49.33604919118455
DPR2,DPR2_T03_S35,42,-25.39971212715188,-49.30733384294611
DPR2,DPR2_T03_S36,42,-25.438350325904814,-49.287363832041606
DPR2,DPR2_T03_S37,42,-25.42345706357518,-49.286849856273975
DPR2,DPR2_T03_S38,42,-25.438925561892475,-49.32390455136147
DPR2,DPR2_T03_S39,42,-25.461942926801903,-49.33687334021774
DPR2,DPR2_T03_S40,42,-25.441584356488242,-49.35138367501992
DPR2,DPR2_T03_S41,42,-25.43408248943237,-49.28417290679279
DPR2,DPR2_T03_S42,42,-25.39495192913853,-49.288909881322816
DPR2,DPR2_T03_S43,42,-25.44069870515871,-49.34222430266606
DPR2,DPR2_T03_S44,42,-25.43328281244405,-49.29631957749813
DPR2,DPR2_T03_S45,42,-25.441100569310816,-49.336152206436935
DPR2,DPR2_T03_S46,42,-25.43417163203779,-49.30548058272699
DPR2,DPR2_T03_S47,42,-25.426435954886692,-49.28695264950131
DPR2,DPR2_T03_S48,42,-25.445849646155985,-49.35457418853248
DPR2,DPR2_T03_S49,42,-25.438606526918175,-49.35128059175829
DPR2,DPR2_T03_S50,42,-25.4342576934489,-49.32678631367176
DPR2,DPR2_T03_S51,42,-25.40962530179177,-49.33810652160091
DPR2,DPR2_T03_S52,42,-25.46403409259743,-49.32781608985549
DPR2,DPR2_T03_S53,42,-25.441328620057657,-49.287466630084474
DPR2,DPR2_T03_S54,42,-25.460253390691474,-49.33985798591353
DPR2,DPR2_T03_S55,42,-25.44246939431234,-49.36054271124188
DPR2,DPR2_T03_S56,42,-25.457994945607638,-49.306303635309725
DPR2,DPR2_T03_S57,42,-25.44367651593594,-49.34232734589693
DPR2,DPR2_T03_S58,42,-25.430704192415092,-49.290143516084356
DPR2,DPR2_T03_S59,42,-25.430074452139504,-49.3448995970713
DPR2,DPR2_T03_S60,42,-25.45976913660961,-49.3246253001102
DPR2,DPR2_T03_S61,42,-25.382631191028366,-49.29457149313098
DPR2,DPR2_T03_S62,42,-25.374268188564066,-49.33079878968255
DPR2,DPR2_T03_S63,42,-25.435947430540523,-49.323801591112016
DPR2,DPR2_T03_S64,42,-25.47047143685313,-49.34325477840039
DPR2,DPR2_T03_S65,42,-25.422167347719174,-49.283761784123236
DPR2,DPR2_T03_S66,42,-25.37885094528176,-49.30661370549645
DPR2,DPR2_T03_S67,42,-25.393924757270156,-49.34973445865776
DPR2,DPR2_T03_S68,42,-25.46017043994784,-49.31855254058221
DPR2,DPR2_T03_S69,42,-25.415409708545358,-49.29570257475558
DPR2,DPR2_T03_S70,42,-25.452207017096644,-49.348708518342235
DPR2,DPR2_T03_S71,42,-25.436661231422153,-49.29034913536216
DPR2,DPR2_T03_S72,42,-25.444394967114473,-49.30887715363603
DPR2,DPR2_T03_S73,42,-25.410110124083797,-49.35333707369844
DPR2,DPR2_T03_S74,42,-25.375069725566,-49.318655144662486
DPR2,DPR2_T03_S75,42,-25.459367591815344,-49.33069789269654
DPR2,DPR2_T03_S76,42,-25.421942464224635,-49.33244660152831
DPR2,DPR2_T03_S77,42,-25.38997149031716,-49.31916978916852
DPR2,DPR2_T03_S78,42,-25.444480057464244,-49.33018293222974
DPR2,DPR2_T03_S79,42,-25.448661387197987,-49.3120679682509
DPR2,DPR2_T03_S80,42,-25.4375503262534,-49.2995104176477
DPR2,DPR2_T03_S81,42,-25.403491918282807,-49.2952912588608
DPR2,DPR2_T03_S82,42,-25.468700304883452,-49.324934206897424
DPR2,DPR2_T03_S83,42,-25.38618962065876,-49.33121071949694
DPR2,DPR2_T03_S84,42,-25.413089074168266,-49.35344016129216
DPR2,DPR2_T03_S85,42,-25.406244433425442,-49.34407520494195
DPR2,DPR2_T03_S86,42,-25.39971212715188,-49.30733384294611
DPR2,DPR2_T03_S87,42,-25.44817378142477,-49.296833772944076
DPR2,DPR2_T03_S88,42,-25.46086134484037,-49.53151837968559
DPR2,DPR2_T03_S89,42,-25.450919450033886,-49.345620990847834
DPR2,DPR2_T03_S90,42,-25.3947281215485,-49.33759143810135
DPR2,DPR2_T04_S01,42,-25.48083536045036,-49.276655084723885
DPR2,DPR2_T04_S02,42,-25.48083536045036,-49.276655084723885
DPR2,DPR2_T04_S03,42,-25.48083536045036,-49.276655084723885
DPR2,DPR2_T04_S04,42,-25.48083536045036,-49.276655084723885
DPR2,DPR2_T04_S05,42,-25.48083536045036,-49.276655084723885
DPR2,DPR2_T04_S06,42,-25.48083536045036,-49.276655084723885
DPR2,DPR2_T04_S07,42,-25.48083536045036,-49.276655084723885
DPR2,DPR2_T04_S08,42,-25.469903734641395,-49.306715184732504
DPR2,DPR2_T04_S09,42,-25.48083536045036,-49.276655084723885
DPR2,DPR2_T04_S10,42,-25.469903734641395,-49.306715184732504
DPR2,DPR2_T04_S11,42,-25.48083536045036,-49.276655084723885
DPR2,DPR2_T04_S12,42,-25.45959570300033,-49.28200970716133
DPR2,DPR2_T04_S13,42,-25.48083536045036,-49.276655084723885
DPR2,DPR2_T04_S14,42,-25.45959570300033,-49.28200970716133
DPR2,DPR2_T04_S15,42,-25.48083536045036,-49.276655084723885
DPR2,DPR2_T04_S16,42,-25.45959570300033,-49.28200970716133
DPR2,DPR2_T04_S17,42,-25.48083536045036,-49.276655084723885
DPR2,DPR2_T04_S18,42,-25.43746047970693,-49.27820207830665
DPR2,DPR2_T04_S19,42,-25.440438874158573,-49.278304835294904
DPR2,DPR2_T04_S20,42,-25.440438874158573,-49.278304835294904
DPR2,DPR2_T04_S21,42,-25.450171839125613,-49.26646517478835
DPR2,DPR2_T04_S22,42,-25.439149359778945,-49.27521658190236
DPR2,DPR2_T04_S23,42,-25.439149359778945,-49.27521658190236
DPR2,DPR2_T04_S24,42,-25.47239342971934,-49.291582931943694
DPR2,DPR2_T04_S25,42,-25.447284849978715,-49.28767222905967
DPR2,DPR2_T04_S26,42,-25.45959570300033,-49.28200970716133
DPR2,DPR2_T04_S27,42,-25.45750710501105,-49.29106883317682
DPR2,DPR2_T04_S28,42,-25.444706486527227,-49.28149583292681
DPR2,DPR2_T04_S29,42,-25.439149359778945,-49.27521658190236
DPR2,DPR2_T04_S30,42,-25.445995720138143,-49.28458404487055
DPR2,DPR2_T04_S31,42,-25.445995720138143,-49.28458404487055
DPR2,DPR2_T04_S32,42,-25.4485738760441,-49.29076038547661
DPR2,DPR2_T04_S33,42,-25.442127708013867,-49.27531932584573
DPR2,DPR2_T04_S34,42,-25.453240601994107,-49.287877831887556
DPR2,DPR2_T04_S35,42,-25.440838163121164,-49.272231030743555
DPR2,DPR2_T04_S36,42,-25.440838163121164,-49.272231030743555
DPR2,DPR2_T04_S37,42,-25.46941640384293,-49.291480110263606
DPR2,DPR2_T04_S38,42,-25.46941640384293,-49.291480110263606
DPR2,DPR2_T04_S39,42,-25.48083536045036,-49.276655084723885
DPR2,DPR2_T04_S40,42,-25.445995720138143,-49.28458404487055
DPR2,DPR2_T04_S41,42,-25.44341714915085,-49.27840759324601
DPR2,DPR2_T04_S42,42,-25.467727741010204,-49.29446550219711
DPR2,DPR2_T04_S43,42,-25.466439258424984,-49.291377289546894
DPR2,DPR2_T04_S44,42,-25.443017591649937,-49.28448125890654
DPR2,DPR2_T04_S45,42,-25.44172828478387,-49.281393060968824
DPR2,DPR2_T04_S46,42,-25.44172828478387,-49.281393060968824
DPR2,DPR2_T04_S47,42,-25.437859741649838,-49.27212830080876
DPR2,DPR2_T04_S48,42,-25.437859741649838,-49.27212830080876
DPR2,DPR2_T04_S49,42,-25.437859741649838,-49.27212830080876
DPR2,DPR2_T04_S50,42,-25.466439258424984,-49.291377289546894
DPR2,DPR2_T04_S51,42,-25.43577152291985,-49.28118751994168
DPR2,DPR2_T04_S52,42,-25.450262785729084,-49.28777502999201
DPR2,DPR2_T04_S53,42,-25.450262785729084,-49.28777502999201
DPR2,DPR2_T04_S54,42,-25.450171839125613,-49.26646517478835
DPR2,DPR2_T04_S55,42,-25.456218298764856,-49.28798063474628
DPR2,DPR2_T04_S56,42,-25.44430679475193,-49.2875694290905
DPR2,DPR2_T04_S57,42,-25.45959570300033,-49.28200970716133
DPR2,DPR2_T04_S58,42,-25.447684568799584,-49.28159860584774
DPR2,DPR2_T04_S59,42,-25.456218298764856,-49.28798063474628
DPR2,DPR2_T04_S60,42,-25.451951618684465,-49.284789619687764
DPR2,DPR2_T04_S61,42,-25.437859741649838,-49.27212830080876
DPR2,DPR2_T04_S62,42,-25.462573187783736,-49.28211248489724
DPR2,DPR2_T04_S63,42,-25.46515067202226,-49.28828904910179
DPR2,DPR2_T04_S64,42,-25.451551738524103,-49.29086320041339
DPR2,DPR2_T04_S65,42,-25.450662531592002,-49.28170137973166
DPR2,DPR2_T04_S66,42,-25.448973729152627,-49.28468683179762
DPR2,DPR2_T04_S67,42,-25.448973729152627,-49.28468683179762
DPR2,DPR2_T04_S68,42,-25.475370336045312,-49.291685754587164
DPR2,DPR2_T04_S69,42,-25.471104989892403,-49.28849466348835
DPR2,DPR2_T04_S70,42,-25.442526889718913,-49.26924542484491
DPR2,DPR2_T04_S71,42,-25.471015123110092,-49.26718414209214
DPR2,DPR2_T04_S72,42,-25.48083536045036,-49.276655084723885
DPR2,DPR2_T04_S73,42,-25.46088457029487,-49.2850979891368
DPR2,DPR2_T04_S74,42,-25.47030439470875,-49.300641844042644
DPR2,DPR2_T04_S75,42,-25.45581825724547,-49.29405417294788
DPR2,DPR2_T04_S76,42,-25.47070481313537,-49.29456833691804
DPR2,DPR2_T04_S77,42,-25.462173333787852,-49.28818624335339
DPR2,DPR2_T04_S78,42,-25.449862798329438,-49.2938485141038
DPR2,DPR2_T04_S79,42,-25.44510593678321,-49.275422070751844
DPR2,DPR2_T04_S80,42,-25.465550553042604,-49.2822152635962
DPR2,DPR2_T04_S81,42,-25.454929388724732,-49.284892408541005
DPR2,DPR2_T04_S82,42,-25.44292582987028,-49.26317135809608
DPR2,DPR2_T04_S83,42,-25.438749963578424,-49.28129028997378
DPR2,DPR2_T04_S84,42,-25.47279349914394,-49.285509161886054
DPR2,DPR2_T04_S85,42,-25.460394632002952,-49.26986174638603
DPR2,DPR2_T04_S86,42,-25.455329054347615,-49.278818634679055
DPR2,DPR2_T04_S87,42,-25.464750549349727,-49.29436266843964
DPR2,DPR2_T04_S88,42,-25.466349590011504,-49.27006719460055
DPR2,DPR2_T04_S89,42,-25.455728478355933,-49.27274469485728
DPR2,DPR2_T04_S90,42,-25.445505145491115,-49.26934814269533
DPR2,DPR2_T05_S01,42,-25.438860263705486,-49.21127896962192
DPR2,DPR2_T05_S02,42,-25.48174285344845,-49.19448513961531
DPR2,DPR2_T05_S03,42,-25.48174285344845,-49.19448513961531
DPR2,DPR2_T05_S04,42,-25.438860263705486,-49.21127896962192
DPR2,DPR2_T05_S05,42,-25.502868010284637,-49.25915058310397
DPR2,DPR2_T05_S06,42,-25.48174285344845,-49.19448513961531
DPR2,DPR2_T05_S07,42,-25.438860263705486,-49.21127896962192
DPR2,DPR2_T05_S08,42,-25.545528139760496,-49.19972519381729
DPR2,DPR2_T05_S09,42,-25.48174285344845,-49.19448513961531
DPR2,DPR2_T05_S10,42,-25.438860263705486,-49.21127896962192
DPR2,DPR2_T05_S11,42,-25.545528139760496,-49.19972519381729
DPR2,DPR2_T05_S12,42,-25.48174285344845,-49.19448513961531
DPR2,DPR2_T05_S13,42,-25.438860263705486,-49.21127896962192
DPR2,DPR2_T05_S14,42,-25.545528139760496,-49.19972519381729
DPR2,DPR2_T05_S15,42,-25.48174285344845,-49.19448513961531
DPR2,DPR2_T05_S16,42,-25.525495603993,-49.18685458372258
DPR2,DPR2_T05_S17,42,-25.438860263705486,-49.21127896962192
DPR2,DPR2_T05_S18,42,-25.545528139760496,-49.19972519381729
DPR2,DPR2_T05_S19,42,-25.525495603993,-49.18685458372258
DPR2,DPR2_T05_S20,42,-25.48174285344845,-49.19448513961531
DPR2,DPR2_T05_S21,42,-25.438860263705486,-49.21127896962192
DPR2,DPR2_T05_S22,42,-25.545528139760496,-49.19972519381729
DPR2,DPR2_T05_S23,42,-25.502868010284637,-49.25915058310397
DPR2,DPR2_T05_S24,42,-25.525495603993,-49.18685458372258
DPR2,DPR2_T05_S25,42,-25.48174285344845,-49.19448513961531
DPR2,DPR2_T05_S26,42,-25.438860263705486,-49.21127896962192
DPR2,DPR2_T05_S27,42,-25.465365397724067,-49.23959153401147
DPR2,DPR2_T05_S28,42,-25.545528139760496,-49.19972519381729
DPR2,DPR2_T05_S29,42,-25.525495603993,-49.18685458372258
DPR2,DPR2_T05_S30,42,-25.48174285344845,-49.19448513961531
DPR2,DPR2_T05_S31,42,-25.438860263705486,-49.21127896962192
DPR2,DPR2_T05_S32,42,-25.465365397724067,-49.23959153401147
DPR2,DPR2_T05_S33,42,-25.46983279210839,-49.19407558772368
DPR2,DPR2_T05_S34,42,-25.545528139760496,-49.19972519381729
DPR2,DPR2_T05_S35,42,-25.50545548608407,-49.17398412380882
DPR2,DPR2_T05_S36,42,-25.525495603993,-49.18685458372258
DPR2,DPR2_T05_S37,42,-25.48174285344845,-49.19448513961531
DPR2,DPR2_T05_S38,42,-25.465365397724067,-49.23959153401147
DPR2,DPR2_T05_S39,42,-25.438860263705486,-49.21127896962192
DPR2,DPR2_T05_S40,42,-25.46983279210839,-49.19407558772368
DPR2,DPR2_T05_S41,42,-25.545528139760496,-49.19972519381729
DPR2,DPR2_T05_S42,42,-25.50545548608407,-49.17398412380882
DPR2,DPR2_T05_S43,42,-25.525495603993,-49.18685458372258
DPR2,DPR2_T05_S44,42,-25.48174285344845,-49.19448513961531
DPR2,DPR2_T05_S45,42,-25.465365397724067,-49.23959153401147
DPR2,DPR2_T05_S46,42,-25.438860263705486,-49.21127896962192
DPR2,DPR2_T05_S47,42,-25.46983279210839,-49.19407558772368
DPR2,DPR2_T05_S48,42,-25.545528139760496,-49.19972519381729
DPR2,DPR2_T05_S49,42,-25.50545548608407,-49.17398412380882
DPR2,DPR2_T05_S50,42,-25.44858940770555,-49.19943488594854
DPR2,DPR2_T05_S51,42,-25.525495603993,-49.18685458372258
DPR2,DPR2_T05_S52,42,-25.48174285344845,-49.19448513961531
DPR2,DPR2_T05_S53,42,-25.465365397724067,-49.23959153401147
DPR2,DPR2_T05_S54,42,-25.50376936271925,-49.17697151284848
DPR2,DPR2_T05_S55,42,-25.50376936271925,-49.17697151284848
DPR2,DPR2_T05_S56,42,-25.450377860316703,-49.21776431930695
DPR2,DPR2_T05_S57,42,-25.438860263705486,-49.21127896962192
DPR2,DPR2_T05_S58,42,-25.46983279210839,-49.19407558772368
DPR2,DPR2_T05_S59,42,-25.545528139760496,-49.19972519381729
DPR2,DPR2_T05_S60,42,-25.502868010284637,-49.25915058310397
DPR2,DPR2_T05_S61,42,-25.43856203503438,-49.238668274071344
DPR2,DPR2_T05_S62,42,-25.448880926220948,-49.1720405553849
DPR2,DPR2_T05_S63,42,-25.442923198308414,-49.171835989382046
DPR2,DPR2_T05_S64,42,-25.450377860316703,-49.21776431930695
DPR2,DPR2_T05_S65,42,-25.44858940770555,-49.19943488594854
DPR2,DPR2_T05_S66,42,-25.525495603993,-49.18685458372258
DPR2,DPR2_T05_S67,42,-25.48174285344845,-49.19448513961531
DPR2,DPR2_T05_S68,42,-25.465365397724067,-49.23959153401147
DPR2,DPR2_T05_S69,42,-25.50376936271925,-49.17697151284848
DPR2,DPR2_T05_S70,42,-25.438860263705486,-49.21127896962192
DPR2,DPR2_T05_S71,42,-25.46983279210839,-49.19407558772368
DPR2,DPR2_T05_S72,42,-25.439852428220487,-49.24175692880739
DPR2,DPR2_T05_S73,42,-25.503665758107584,-49.24700053919482
DPR2,DPR2_T05_S74,42,-25.521918466569694,-49.241540894132946
DPR2,DPR2_T05_S75,42,-25.48193952787546,-49.23711819137906
DPR2,DPR2_T05_S76,42,-25.488688985454246,-49.22517245191022
DPR2,DPR2_T05_S77,42,-25.44025024070509,-49.23568215841318
DPR2,DPR2_T05_S78,42,-25.545528139760496,-49.19972519381729
DPR2,DPR2_T05_S79,42,-25.512991906314628,-49.241233077346976
DPR2,DPR2_T05_S80,42,-25.47479021982692,-49.25513782250522
DPR2,DPR2_T05_S81,42,-25.489086501389647,-49.21909675339078
DPR2,DPR2_T05_S82,42,-25.48540882167974,-49.25245972866138
DPR2,DPR2_T05_S83,42,-25.453947395470838,-49.25441922736881
DPR2,DPR2_T05_S84,42,-25.527280847769827,-49.2051872797548
DPR2,DPR2_T05_S85,42,-25.463977845431554,-49.215187732227086
DPR2,DPR2_T05_S86,42,-25.501088150337964,-49.240822668431235
DPR2,DPR2_T05_S87,42,-25.4497772026566,-49.18120646248532
DPR2,DPR2_T05_S88,42,-25.51170323958991,-49.23814404460105
DPR2,DPR2_T05_S89,42,-25.540072713180916,-49.214763088395934
DPR2,DPR2_T05_S90,42,-25.445411313248755,-49.24803677837049
DPR2,DPR2_T05_S91,42,-25.47936041844563,-49.2309403238647
DPR2,DPR2_T06_S01,42,-25.502868010284637,-49.25915058310397
DPR2,DPR2_T06_S02,42,-25.502868010284637,-49.25915058310397
DPR2,DPR2_T06_S03,42,-25.502868010284637,-49.25915058310397
DPR2,DPR2_T06_S04,42,-25.547893613895805,-49.25461558343259
DPR2,DPR2_T06_S05,42,-25.502868010284637,-49.25915058310397
DPR2,DPR2_T06_S06,42,-25.469903734641395,-49.306715184732504
DPR2,DPR2_T06_S07,42,-25.547893613895805,-49.25461558343259
DPR2,DPR2_T06_S08,42,-25.504732213634618,-49.298787935325656
DPR2,DPR2_T06_S09,42,-25.502868010284637,-49.25915058310397
DPR2,DPR2_T06_S10,42,-25.547893613895805,-49.25461558343259
DPR2,DPR2_T06_S11,42,-25.504732213634618,-49.298787935325656
DPR2,DPR2_T06_S12,42,-25.547893613895805,-49.25461558343259
DPR2,DPR2_T06_S13,42,-25.504732213634618,-49.298787935325656
DPR2,DPR2_T06_S14,42,-25.502868010284637,-49.25915058310397
DPR2,DPR2_T06_S15,42,-25.547893613895805,-49.25461558343259
DPR2,DPR2_T06_S16,42,-25.469903734641395,-49.306715184732504
DPR2,DPR2_T06_S17,42,-25.504732213634618,-49.298787935325656
DPR2,DPR2_T06_S18,42,-25.502868010284637,-49.25915058310397
DPR2,DPR2_T06_S19,42,-25.547893613895805,-49.25461558343259
DPR2,DPR2_T06_S20,42,-25.469903734641395,-49.306715184732504
DPR2,DPR2_T06_S21,42,-25.504732213634618,-49.298787935325656
DPR2,DPR2_T06_S22,42,-25.502868010284637,-49.25915058310397
DPR2,DPR2_T06_S23,42,-25.547893613895805,-49.25461558343259
DPR2,DPR2_T06_S24,42,-25.469903734641395,-49.306715184732504
DPR2,DPR2_T06_S25,42,-25.54500758939665,-49.27582718501385
DPR2,DPR2_T06_S26,42,-25.504732213634618,-49.298787935325656
DPR2,DPR2_T06_S27,42,-25.584707513019467,-49.32895078516728
DPR2,DPR2_T06_S28,42,-25.502868010284637,-49.25915058310397
DPR2,DPR2_T06_S29,42,-25.54227999867497,-49.33965529913746
DPR2,DPR2_T06_S30,42,-25.54500758939665,-49.27582718501385
DPR2,DPR2_T06_S31,42,-25.501756530313372,-49.298685076001256
DPR2,DPR2_T06_S32,42,-25.501756530313372,-49.298685076001256
DPR2,DPR2_T06_S33,42,-25.547893613895805,-49.25461558343259
DPR2,DPR2_T06_S34,42,-25.469903734641395,-49.306715184732504
DPR2,DPR2_T06_S35,42,-25.47079073535406,-49.31587634845607
DPR2,DPR2_T06_S36,42,-25.52280800353831,-49.2507053047716
DPR2,DPR2_T06_S37,42,-25.477711559695205,-49.34654856662055
DPR2,DPR2_T06_S38,42,-25.584707513019467,-49.32895078516728
DPR2,DPR2_T06_S39,42,-25.501756530313372,-49.298685076001256
DPR2,DPR2_T06_S40,42,-25.54227999867497,-49.33965529913746
DPR2,DPR2_T06_S41,42,-25.54500758939665,-49.27582718501385
DPR2,DPR2_T06_S42,42,-25.547893613895805,-49.25461558343259
DPR2,DPR2_T06_S43,42,-25.47079073535406,-49.31587634845607
DPR2,DPR2_T06_S44,42,-25.469903734641395,-49.306715184732504
DPR2,DPR2_T06_S45,42,-25.52280800353831,-49.2507053047716
DPR2,DPR2_T06_S46,42,-25.477711559695205,-49.34654856662055
DPR2,DPR2_T06_S47,42,-25.503930271021773,-49.31093523858409
DPR2,DPR2_T06_S48,42,-25.48301219098853,-49.28890590382087
DPR2,DPR2_T06_S49,42,-25.51743494124549,-49.28705119695564
DPR2,DPR2_T06_S50,42,-25.509796396964376,-49.289831250924856
DPR2,DPR2_T06_S51,42,-25.519034417894762,-49.262752833344685
DPR2,DPR2_T06_S52,42,-25.489213380411,-49.35303313849181
DPR2,DPR2_T06_S53,42,-25.54500758939665,-49.27582718501385
DPR2,DPR2_T06_S54,42,-25.51614746656645,-49.28396264883518
DPR2,DPR2_T06_S55,42,-25.557388826380272,-49.29147650513746
DPR2,DPR2_T06_S56,42,-25.512371266698977,-49.296008124181874
DPR2,DPR2_T06_S57,42,-25.493314455926022,-49.313611720253924
DPR2,DPR2_T06_S58,42,-25.547893613895805,-49.25461558343259
DPR2,DPR2_T06_S59,42,-25.584707513019467,-49.32895078516728
DPR2,DPR2_T06_S60,42,-25.476258126200964,-49.30084757045993
DPR2,DPR2_T06_S61,42,-25.48856473514624,-49.29518536547706
DPR2,DPR2_T06_S62,42,-25.49491747875147,-49.2893171595666
DPR2,DPR2_T06_S63,42,-25.48704251840034,-49.3407853446211
DPR2,DPR2_T06_S64,42,-25.491140362502243,-49.301361903368154
DPR2,DPR2_T06_S65,42,-25.652559010853555,-49.316082138400574
DPR2,DPR2_T06_S66,42,-25.47859576512947,-49.3557083325852
DPR2,DPR2_T06_S67,42,-25.4945170857974,-49.295391049371695
DPR2,DPR2_T06_S68,42,-25.47931941169105,-49.32225816238118
DPR2,DPR2_T06_S69,42,-25.49531762982263,-49.283243103555456
DPR2,DPR2_T06_S70,42,-25.496117206200996,-49.27109449343392
DPR2,DPR2_T06_S71,42,-25.51165146916278,-49.329463932383476
DPR2,DPR2_T06_S72,42,-25.536481694836134,-49.38205964494659
DPR2,DPR2_T06_S73,42,-25.533818870818667,-49.24195132998046
DPR2,DPR2_T06_S74,42,-25.591745890266434,-49.40223778804043
DPR2,DPR2_T06_S75,42,-25.48905092867788,-49.31042068119637
DPR2,DPR2_T06_S76,42,-25.600187383391273,-49.387315673891585
DPR2,DPR2_T06_S77,42,-25.48221137945919,-49.30105330073203
DPR2,DPR2_T06_S78,42,-25.579047895984704,-49.413967707787414
DPR2,DPR2_T06_S79,42,-25.57056816274789,-49.2949765879206
DPR2,DPR2_T06_S80,42,-25.52909778647672,-49.33615508110954
DPR2,DPR2_T06_S81,42,-25.581953197159738,-49.39276821302065
DPR2,DPR2_T06_S82,42,-25.495487354310214,-49.325860979342465
DPR2,DPR2_T06_S83,42,-25.485988692326472,-49.28900871631228
DPR2,DPR2_T06_S84,42,-25.52458523172898,-49.26903313174644
DPR2,DPR2_T06_S85,42,-25.603089161273182,-49.3661128549114
DPR2,DPR2_T06_S86,42,-25.522583800714987,-49.29940511151077
DPR2,DPR2_T06_S87,42,-25.502868010284637,-49.25915058310397
DPR2,DPR2_T06_S88,42,-25.517835173585034,-49.280976854983415
DPR2,DPR2_T06_S89,42,-25.664033565019615,-49.322568856427615
DPR2,DPR2_T06_S90,42,-25.65713693886061,-49.29188431067583
DSP5,DSP5_T01_S01,42,-22.85520706084733,-47.04841730210938
DSP5,DSP5_T01_S02,42,-22.85520706084733,-47.04841730210938
DSP5,DSP5_T01_S03,42,-22.85520706084733,-47.04841730210938
DSP5,DSP5_T01_S04,42,-22.85520706084733,-47.04841730210938
DSP5,DSP5_T01_S05,42,-22.853809568911796,-47.04532178479882
DSP5,DSP5_T01_S06,42,-22.853809568911796,-47.04532178479882
DSP5,DSP5_T01_S07,42,-22.853809568911796,-47.04532178479882
DSP5,DSP5_T01_S08,42,-22.815911815671065,-47.02892265544473
DSP5,DSP5_T01_S09,42,-22.853809568911796,-47.04532178479882
DSP5,DSP5_T01_S10,42,-22.883011970550083,-47.049247348916495
DSP5,DSP5_T01_S11,42,-22.85351453315435,-47.051420567116
DSP5,DSP5_T01_S12,42,-22.848731850516916,-47.05433153897688
DSP5,DSP5_T01_S13,42,-22.815911815671065,-47.02892265544473
DSP5,DSP5_T01_S14,42,-22.853809568911796,-47.04532178479882
DSP5,DSP5_T01_S15,42,-22.854911900622078,-47.05451604036982
DSP5,DSP5_T01_S16,42,-22.854911900622078,-47.05451604036982
DSP5,DSP5_T01_S17,42,-22.851821931147253,-47.05442378923513
DSP5,DSP5_T01_S18,42,-22.851821931147253,-47.05442378923513
DSP5,DSP5_T01_S19,42,-22.851821931147253,-47.05442378923513
DSP5,DSP5_T01_S20,42,-22.79809404680501,-47.07724742064632
DSP5,DSP5_T01_S21,42,-22.84915542177075,-47.109306930787966
DSP5,DSP5_T01_S22,42,-22.8472528402307,-47.08482320210933
DSP5,DSP5_T01_S23,42,-22.85093514561737,-47.07271922136142
DSP5,DSP5_T01_S24,42,-22.88161507322732,-47.04615170122868
DSP5,DSP5_T01_S25,42,-22.854320896226284,-47.066713167828055
DSP5,DSP5_T01_S26,42,-22.81060983262205,-47.01044171320914
DSP5,DSP5_T01_S27,42,-22.815911815671065,-47.02892265544473
DSP5,DSP5_T01_S28,42,-22.880432807748615,-47.07054714378792
DSP5,DSP5_T01_S29,42,-22.824814304750625,-47.068885359424385
DSP5,DSP5_T01_S30,42,-22.878526017679732,-47.046059484787285
DSP5,DSP5_T01_S31,42,-22.847334350941953,-47.05123609469152
DSP5,DSP5_T01_S32,42,-22.82312098706976,-47.071888242278554
DSP5,DSP5_T01_S33,42,-22.852117070426726,-47.04832507906771
DSP5,DSP5_T01_S34,42,-22.87992298108982,-47.04915511798825
DSP5,DSP5_T01_S35,42,-22.881102009513572,-47.02475810528766
DSP5,DSP5_T01_S36,42,-22.825916010943118,-47.078078589279144
DSP5,DSP5_T01_S37,42,-22.865654976153948,-47.02429752583792
DSP5,DSP5_T01_S38,42,-22.845346333453065,-47.060337827277394
DSP5,DSP5_T01_S39,42,-22.851821931147253,-47.05442378923513
DSP5,DSP5_T01_S40,42,-22.821427595243392,-47.074891082141605
DSP5,DSP5_T01_S41,42,-22.8228251256337,-47.07798623369993
DSP5,DSP5_T01_S42,42,-22.852117070426726,-47.04832507906771
DSP5,DSP5_T01_S43,42,-22.791614289485512,-47.08316032002096
DSP5,DSP5_T01_S44,42,-22.852628058050588,-47.069716216086576
DSP5,DSP5_T01_S45,42,-22.829006785202612,-47.078170945735614
DSP5,DSP5_T01_S46,42,-22.838947353668583,-47.032663118952925
DSP5,DSP5_T01_S47,42,-22.856309172821884,-47.057611498811234
DSP5,DSP5_T01_S48,42,-22.816499541858157,-47.016724866267474
DSP5,DSP5_T01_S49,42,-22.82621189345201,-47.07198056977949
DSP5,DSP5_T01_S50,42,-22.823926347360587,-47.08717920049406
DSP5,DSP5_T01_S51,42,-22.798389739573228,-47.07114965384294
DSP5,DSP5_T01_S52,42,-22.778949263669222,-47.08888819394454
DSP5,DSP5_T02_S01,42,-22.899260335796072,-47.065002280565736
DSP5,DSP5_T02_S02,42,-22.89198285982598,-47.05562312235391
DSP5,DSP5_T02_S03,42,-22.897864113650847,-47.061906663522876
DSP5,DSP5_T02_S04,42,-22.897864113650847,-47.061906663522876
DSP5,DSP5_T02_S05,42,-22.89337933887678,-47.05871875460799
DSP5,DSP5_T02_S06,42,-22.89337933887678,-47.05871875460799
DSP5,DSP5_T02_S07,42,-22.899851719882374,-47.052804222040315
DSP5,DSP5_T02_S08,42,-22.895071383188498,-47.0557153848836
DSP5,DSP5_T02_S09,42,-22.895071383188498,-47.0557153848836
DSP5,DSP5_T02_S10,42,-22.898159795227834,-47.0558076482899
DSP5,DSP5_T02_S11,42,-22.898159795227834,-47.0558076482899
DSP5,DSP5_T02_S12,42,-22.900952393418226,-47.06199895589908
DSP5,DSP5_T02_S13,42,-22.900952393418226,-47.06199895589908
DSP5,DSP5_T02_S14,42,-22.899556142019897,-47.058903309514434
DSP5,DSP5_T02_S15,42,-22.899556142019897,-47.058903309514434
DSP5,DSP5_T02_S16,42,-22.899556142019897,-47.058903309514434
DSP5,DSP5_T02_S17,42,-22.904336285289137,-47.05599217773243
DSP5,DSP5_T02_S18,42,-22.883011970550083,-47.049247348916495
DSP5,DSP5_T02_S19,42,-22.89646779611233,-47.05881103162284
DSP5,DSP5_T02_S20,42,-22.89646779611233,-47.05881103162284
DSP5,DSP5_T02_S21,42,-22.902939975372444,-47.05289647271369
DSP5,DSP5_T02_S22,42,-22.894775722550683,-47.061814372023534
DSP5,DSP5_T02_S23,42,-22.901248095932026,-47.05589991257285
DSP5,DSP5_T02_S24,42,-22.885214055334476,-47.06763628917283
DSP5,DSP5_T02_S25,42,-22.88440877253671,-47.05234298182105
DSP5,DSP5_T02_S26,42,-22.89617201083969,-47.06490997458259
DSP5,DSP5_T02_S27,42,-22.89617201083969,-47.06490997458259
DSP5,DSP5_T02_S28,42,-22.90065646254002,-47.068097882733454
DSP5,DSP5_T02_S29,42,-22.896763353050016,-47.05271197224346
DSP5,DSP5_T02_S30,42,-22.886906368064636,-47.06463306189491
DSP5,DSP5_T02_S31,42,-22.88918961562552,-47.04943181340203
DSP5,DSP5_T02_S32,42,-22.901248095932026,-47.05589991257285
DSP5,DSP5_T02_S33,42,-22.888598606399825,-47.06162979165539
DSP5,DSP5_T02_S34,42,-22.892278271216764,-47.04952404695935
DSP5,DSP5_T02_S35,42,-22.88580547917919,-47.055438599924365
DSP5,DSP5_T02_S36,42,-22.882125239997766,-47.06754397309188
DSP5,DSP5_T02_S37,42,-22.887497584618703,-47.05243522811192
DSP5,DSP5_T02_S38,42,-22.901756209987433,-47.07729223589454
DSP5,DSP5_T02_S39,42,-22.882421045061324,-47.06144521479455
DSP5,DSP5_T02_S40,42,-22.887497584618703,-47.05243522811192
DSP5,DSP5_T02_S41,42,-22.90344842979227,-47.07428904237162
DSP5,DSP5_T02_S42,42,-22.88550988137305,-47.06153750278657
DSP5,DSP5_T02_S43,42,-22.888894225152228,-47.05553086070084
DSP5,DSP5_T02_S44,42,-22.89845524844654,-47.04970851670315
DSP5,DSP5_T02_S45,42,-22.891687220129693,-47.06172208140105
DSP5,DSP5_T02_S46,42,-22.897568203735826,-47.06800556226718
DSP5,DSP5_T02_S47,42,-22.905732499803285,-47.05908786792789
DSP5,DSP5_T02_S48,42,-22.893970182569035,-47.04652057575667
DSP5,DSP5_T02_S49,42,-22.893674874887306,-47.05261972332311
DSP5,DSP5_T02_S50,42,-22.893887370848518,-47.080110633991
DSP5,DSP5_T02_S51,42,-22.893674874887306,-47.05261972332311
DSP5,DSP5_T02_S52,42,-22.9040405618409,-47.06209124915215
DSP5,DSP5_T02_S53,42,-22.89667910416545,-47.08630155821949
DSP5,DSP5_T03_S01,42,-22.910807866760546,-47.05007746670772
DSP5,DSP5_T03_S02,42,-22.910807866760546,-47.05007746670772
DSP5,DSP5_T03_S03,42,-22.910807866760546,-47.05007746670772
DSP5,DSP5_T03_S04,42,-22.910807866760546,-47.05007746670772
DSP5,DSP5_T03_S05,42,-22.913600185158526,-47.05626897847118
DSP5,DSP5_T03_S06,42,-22.915291883670903,-47.053265484172734
DSP5,DSP5_T03_S07,42,-22.915291883670903,-47.053265484172734
DSP5,DSP5_T03_S08,42,-22.910807866760546,-47.05007746670772
DSP5,DSP5_T03_S09,42,-22.930729262409873,-47.05372676821981
DSP5,DSP5_T03_S10,42,-22.9285279359809,-47.035335791286805
DSP5,DSP5_T03_S11,42,-22.90602811950826,-47.05298872426362
DSP5,DSP5_T03_S12,42,-22.94293626573198,-46.9930026460643
DSP5,DSP5_T03_S13,42,-22.94690265279588,-46.974792023401726
DSP5,DSP5_T03_S14,42,-22.888971630820233,-47.02193861119935
DSP5,DSP5_T03_S15,42,-22.902939975372444,-47.05289647271369
DSP5,DSP5_T03_S16,42,-22.90463178032632,-47.049892989952575
DSP5,DSP5_T03_S17,42,-22.915291883670903,-47.053265484172734
DSP5,DSP5_T03_S18,42,-22.910512329914333,-47.056176710681584
DSP5,DSP5_T03_S19,42,-22.907424363287216,-47.05608444376867
DSP5,DSP5_T03_S20,42,-22.961162993786466,-46.999655323400695
DSP5,DSP5_T03_S21,42,-22.90463178032632,-47.049892989952575
DSP5,DSP5_T03_S22,42,-22.950136802645634,-47.03598102945054
DSP5,DSP5_T03_S23,42,-22.910807866760546,-47.05007746670772
DSP5,DSP5_T03_S24,42,-22.930729262409873,-47.05372676821981
DSP5,DSP5_T03_S25,42,-22.95557706916183,-46.987269737516385
DSP5,DSP5_T03_S26,42,-22.914191072142497,-47.04407031809398
DSP5,DSP5_T03_S27,42,-22.96990567177622,-46.97853188622806
DSP5,DSP5_T03_S28,42,-22.921762665159612,-47.047350594707915
DSP5,DSP5_T03_S29,42,-22.942054894483032,-47.011304130421564
DSP5,DSP5_T03_S30,42,-23.002377578235176,-47.01004911194234
DSP5,DSP5_T03_S31,42,-22.953299791794695,-47.0024756025306
DSP5,DSP5_T03_S32,42,-22.9285279359809,-47.035335791286805
DSP5,DSP5_T03_S33,42,-22.912204073669436,-47.05317322999312
DSP5,DSP5_T03_S34,42,-22.975710759828836,-47.01841747033019
DSP5,DSP5_T03_S35,42,-22.980266654685536,-46.988005412232944
DSP5,DSP5_T03_S36,42,-22.917278857762717,-47.04416253056195
DSP5,DSP5_T03_S37,42,-22.906323510778883,-47.04688946430507
DSP5,DSP5_T03_S38,42,-22.94293626573198,-46.9930026460643
DSP5,DSP5_T03_S39,42,-22.94690265279588,-46.974792023401726
DSP5,DSP5_T03_S40,42,-22.9471953190116,-46.968690926208005
DSP5,DSP5_T03_S41,42,-22.886985587674666,-47.0310418264139
DSP5,DSP5_T03_S42,42,-22.888971630820233,-47.02193861119935
DSP5,DSP5_T03_S43,42,-22.94168161390729,-47.05099990307268
DSP5,DSP5_T03_S44,42,-22.986731326136265,-46.98208810596251
DSP5,DSP5_T03_S45,42,-22.97372573796801,-47.027522041637376
DSP5,DSP5_T03_S46,42,-22.9782833248815,-46.99711096049926
DSP5,DSP5_T03_S47,42,-22.97409492806146,-46.98782148830809
DSP5,DSP5_T03_S48,42,-22.944039343290832,-47.00219952926758
DSP5,DSP5_T03_S49,42,-22.978060148953414,-46.96960965790758
DSP5,DSP5_T03_S50,42,-22.94146616928833,-47.023504543296134
DSP5,DSP5_T03_S51,42,-22.94535922245602,-47.038892696751084
DSP5,DSP5_T03_S52,42,-22.911908412131385,-47.05927242984845
DSP5,DSP5_T03_S53,42,-22.969612507906618,-46.984633022544266
DSP5,DSP5_T04_S01,42,-22.93562720295166,-47.1118973701072
DSP5,DSP5_T04_S02,42,-22.93562720295166,-47.1118973701072
DSP5,DSP5_T04_S03,42,-23.071901866037635,-47.19844296901666
DSP5,DSP5_T04_S04,42,-22.958509521059646,-47.0545571347343
DSP5,DSP5_T04_S05,42,-22.93562720295166,-47.1118973701072
DSP5,DSP5_T04_S06,42,-23.071901866037635,-47.19844296901666
DSP5,DSP5_T04_S07,42,-22.958509521059646,-47.0545571347343
DSP5,DSP5_T04_S08,42,-22.93562720295166,-47.1118973701072
DSP5,DSP5_T04_S09,42,-22.933520595941133,-47.05991842419031
DSP5,DSP5_T04_S10,42,-22.916898780468504,-47.08385285369759
DSP5,DSP5_T04_S11,42,-23.059755677812227,-47.22555728139314
DSP5,DSP5_T04_S12,42,-22.91859087805533,-47.08084966463751
DSP5,DSP5_T04_S13,42,-23.070512121192927,-47.195347457270515
DSP5,DSP5_T04_S14,42,-23.070512121192927,-47.195347457270515
DSP5,DSP5_T04_S15,42,-22.96390125893796,-47.13412098734427
DSP5,DSP5_T04_S16,42,-22.9304334754293,-47.05982613665377
DSP5,DSP5_T04_S17,42,-22.91859087805533,-47.08084966463751
DSP5,DSP5_T04_S18,42,-22.97723312000809,-47.08260508754517
DSP5,DSP5_T04_S19,42,-22.9304334754293,-47.05982613665377
DSP5,DSP5_T04_S20,42,-22.919183676757687,-47.068651823950624
DSP5,DSP5_T04_S21,42,-22.907041871378482,-47.09577272920803
DSP5,DSP5_T04_S22,42,-22.951448424847577,-47.07267094849763
DSP5,DSP5_T04_S23,42,-22.96687879983309,-47.07313270658741
DSP5,DSP5_T04_S24,42,-22.97782671537472,-47.070406179478965
DSP5,DSP5_T04_S25,42,-22.921678315239916,-47.08094204741751
DSP5,DSP5_T04_S26,42,-23.070512121192927,-47.195347457270515
DSP5,DSP5_T04_S27,42,-22.915503329461508,-47.080757282735135
DSP5,DSP5_T04_S28,42,-22.958509521059646,-47.0545571347343
DSP5,DSP5_T04_S29,42,-22.975037676990027,-47.064214236017314
DSP5,DSP5_T04_S30,42,-22.944768375543976,-47.051092151530135
DSP5,DSP5_T04_S31,42,-23.055587147658798,-47.21627147027895
DSP5,DSP5_T04_S32,42,-23.080540910780503,-47.21091786431634
DSP5,DSP5_T04_S33,42,-22.908734311806448,-47.092769726107626
DSP5,DSP5_T04_S34,42,-22.92366672399127,-47.071839839211954
DSP5,DSP5_T04_S35,42,-22.93562720295166,-47.1118973701072
DSP5,DSP5_T04_S36,42,-22.936816961434403,-47.08750288801593
DSP5,DSP5_T04_S37,42,-22.9593122111717,-47.069852138255314
DSP5,DSP5_T04_S38,42,-22.94785502566431,-47.05118440086419
DSP5,DSP5_T04_S39,42,-23.09467514319682,-47.17469963336704
DSP5,DSP5_T04_S40,42,-22.973255643037987,-47.10081008915826
DSP5,DSP5_T04_S41,42,-22.979221091142986,-47.07350212885364
DSP5,DSP5_T04_S42,42,-22.946459517283014,-47.04808844892507
DSP5,DSP5_T04_S43,42,-22.91998626284903,-47.08394525008017
DSP5,DSP5_T04_S44,42,-22.96390125893796,-47.13412098734427
DSP5,DSP5_T04_S45,42,-22.968273345098794,-47.076228583095705
DSP5,DSP5_T04_S46,42,-23.057760232161037,-47.23465672565933
DSP5,DSP5_T04_S47,42,-23.063140084615796,-47.21955283999959
DSP5,DSP5_T04_S48,42,-23.059755677812227,-47.22555728139314
DSP5,DSP5_T04_S49,42,-22.92048989219573,-47.10533643703563
DSP5,DSP5_T04_S50,42,-22.91202681293151,-47.1203505652553
DSP5,DSP5_T04_S51,42,-23.081145407923053,-47.19872181329573
DSP5,DSP5_T04_S52,42,-23.071717603734466,-47.17095407537113
DSP5,DSP5_T05_S01,42,-23.26967952940911,-47.280772197773736
DSP5,DSP5_T05_S02,42,-23.26967952940911,-47.280772197773736
DSP5,DSP5_T05_S03,42,-23.26967952940911,-47.280772197773736
DSP5,DSP5_T05_S04,42,-23.26967952940911,-47.280772197773736
DSP5,DSP5_T05_S05,42,-23.26967952940911,-47.280772197773736
DSP5,DSP5_T05_S06,42,-23.202946642974545,-47.26042473529992
DSP5,DSP5_T05_S07,42,-23.26967952940911,-47.280772197773736
DSP5,DSP5_T05_S08,42,-23.202946642974545,-47.26042473529992
DSP5,DSP5_T05_S09,42,-23.202946642974545,-47.26042473529992
DSP5,DSP5_T05_S10,42,-23.26967952940911,-47.280772197773736
DSP5,DSP5_T05_S11,42,-23.202946642974545,-47.26042473529992
DSP5,DSP5_T05_S12,42,-23.26967952940911,-47.280772197773736
DSP5,DSP5_T05_S13,42,-23.199420733958846,-47.300013350263214
DSP5,DSP5_T05_S14,42,-23.202946642974545,-47.26042473529992
DSP5,DSP5_T05_S15,42,-23.26967952940911,-47.280772197773736
DSP5,DSP5_T05_S16,42,-23.199420733958846,-47.300013350263214
DSP5,DSP5_T05_S17,42,-23.202946642974545,-47.26042473529992
DSP5,DSP5_T05_S18,42,-23.199420733958846,-47.300013350263214
DSP5,DSP5_T05_S19,42,-23.26967952940911,-47.280772197773736
DSP5,DSP5_T05_S20,42,-23.202946642974545,-47.26042473529992
DSP5,DSP5_T05_S21,42,-23.199420733958846,-47.300013350263214
DSP5,DSP5_T05_S22,42,-23.26967952940911,-47.280772197773736
DSP5,DSP5_T05_S23,42,-23.202946642974545,-47.26042473529992
DSP5,DSP5_T05_S24,42,-23.199420733958846,-47.300013350263214
DSP5,DSP5_T05_S25,42,-23.26967952940911,-47.280772197773736
DSP5,DSP5_T05_S26,42,-23.20465202700281,-47.31849183966934
DSP5,DSP5_T05_S27,42,-23.212802159295418,-47.30957986100209
DSP5,DSP5_T05_S28,42,-23.100534875234263,-47.1809840478562
DSP5,DSP5_T05_S29,42,-23.08718271897472,-47.2324925610621
DSP5,DSP5_T05_S30,42,-23.175886376421747,-47.308458176630225
DSP5,DSP5_T05_S31,42,-23.095338730253367,-47.22357875465722
DSP5,DSP5_T05_S32,42,-23.079632444084485,-47.229211041619344
DSP5,DSP5_T05_S33,42,-23.202946642974545,-47.26042473529992
DSP5,DSP5_T05_S34,42,-23.081627390392864,-47.22011111190164
DSP5,DSP5_T05_S35,42,-23.08549070690079,-47.235494763978764
DSP5,DSP5_T05_S36,42,-23.097030398461847,-47.22057636277618
DSP5,DSP5_T05_S37,42,-23.092736509549994,-47.24487375658764
DSP5,DSP5_T05_S38,42,-23.09654907071996,-47.19918657141027
DSP5,DSP5_T05_S39,42,-23.199420733958846,-47.300013350263214
DSP5,DSP5_T05_S40,42,-23.26967952940911,-47.280772197773736
DSP5,DSP5_T05_S41,42,-23.099145354103623,-47.1778882689861
DSP5,DSP5_T05_S42,42,-23.20465202700281,-47.31849183966934
DSP5,DSP5_T05_S43,42,-23.066397653533617,-47.24713044926772
DSP5,DSP5_T05_S44,42,-23.09243255796709,-47.25097106684508
DSP5,DSP5_T05_S45,42,-23.096900842866855,-47.25415948609297
DSP5,DSP5_T05_S46,42,-23.289196515101327,-47.290526745312015
DSP5,DSP5_T05_S47,42,-23.120150952741735,-47.25180982698594
DSP5,DSP5_T05_S48,42,-23.18603622100168,-47.29044696119631
DSP5,DSP5_T05_S49,42,-23.093950020931967,-47.22048331083468
DSP5,DSP5_T05_S50,42,-23.10180221212764,-47.21766696633743
DSP5,DSP5_T05_S51,42,-23.08948065915459,-47.21729481462591
DSP5,DSP5_T05_S52,42,-23.086097125634293,-47.22329956076962
DSP5,DSP5_T05_S53,42,-23.09377055196482,-47.19299530091563
DRS5,DRS5_T01_S01,42,-29.836568097619708,-51.1312200445113
DRS5,DRS5_T01_S02,42,-29.836568097619708,-51.1312200445113
DRS5,DRS5_T01_S03,42,-29.83174175111636,-51.15536149342183
DRS5,DRS5_T01_S04,42,-29.836568097619708,-51.1312200445113
DRS5,DRS5_T01_S05,42,-29.83174175111636,-51.15536149342183
DRS5,DRS5_T01_S06,42,-29.68375046042948,-51.125076795266935
DRS5,DRS5_T01_S07,42,-29.796168871155725,-51.14784518027757
DRS5,DRS5_T01_S08,42,-29.682614817497612,-51.121989795680186
DRS5,DRS5_T01_S09,42,-29.68539686343762,-51.12210144952818
DRS5,DRS5_T01_S10,42,-29.679946173959344,-51.13708924859013
DRS5,DRS5_T01_S11,42,-29.69147123174891,-51.116262193630874
DRS5,DRS5_T01_S12,42,-29.770552969400878,-51.13768926325603
DRS5,DRS5_T01_S13,42,-29.836568097619708,-51.1312200445113
DRS5,DRS5_T01_S14,42,-29.761706395178898,-51.14341667623707
DRS5,DRS5_T01_S15,42,-29.818482830977008,-51.16395218328395
DRS5,DRS5_T01_S16,42,-29.681479063180944,-51.118902757585744
DRS5,DRS5_T01_S17,42,-29.68210397283093,-51.12805207627691
DRS5,DRS5_T01_S18,42,-29.687667882832095,-51.12827543741646
DRS5,DRS5_T01_S19,42,-29.83174175111636,-51.15536149342183
DRS5,DRS5_T01_S20,42,-29.668013875323723,-51.17918141577892
DRS5,DRS5_T01_S21,42,-29.69220858492487,-51.14062295053805
DRS5,DRS5_T01_S22,42,-29.767262754130538,-51.14364020227834
DRS5,DRS5_T01_S23,42,-29.690449645396736,-51.128387119540044
DRS5,DRS5_T01_S24,42,-29.7306251232885,-51.14824948599633
DRS5,DRS5_T01_S25,42,-29.76345949657047,-51.15565311705413
DRS5,DRS5_T01_S26,42,-29.764484638855723,-51.1435284387394
DRS5,DRS5_T01_S27,42,-29.68323947053661,-51.13113898517834
DRS5,DRS5_T01_S28,42,-29.784441110936076,-51.1382479706776
DRS5,DRS5_T01_S29,42,-29.77004074099914,-51.143751966853905
DRS5,DRS5_T01_S30,42,-29.666034034640152,-51.13653066997449
DRS5,DRS5_T01_S31,42,-29.701575412649436,-51.12883385839337
DRS5,DRS5_T01_S32,42,-29.764886943153233,-51.12225241491902
DRS5,DRS5_T01_S33,42,-29.68653242882957,-51.125188462735274
DRS5,DRS5_T01_S34,42,-29.711053113050724,-51.13225596849916
DRS5,DRS5_T01_S35,42,-29.677164002628253,-51.136977530794844
DRS5,DRS5_T01_S36,42,-29.695273504329382,-51.10424801657183
DRS5,DRS5_T01_S37,42,-29.677675202495195,-51.130915600945926
DRS5,DRS5_T01_S38,42,-29.687156720904753,-51.13433756280884
DRS5,DRS5_T01_S39,42,-29.780531067413452,-51.13504888011534
DRS5,DRS5_T01_S40,42,-29.68931426893761,-51.125300131239406
DRS5,DRS5_T01_S41,42,-29.769528248453273,-51.14981446245853
DRS5,DRS5_T01_S42,42,-29.697147895604168,-51.131697463888614
DRS5,DRS5_T01_S43,42,-29.77651060764255,-51.116635636421826
DRS5,DRS5_T01_S44,42,-29.84623171299431,-51.16507085857115
DRS5,DRS5_T01_S45,42,-29.67313192304204,-51.11856784311923
DRS5,DRS5_T01_S46,42,-29.76941998713274,-51.13460197073272
DRS5,DRS5_T01_S47,42,-29.681592864526742,-51.13411414927012
DRS5,DRS5_T01_S48,42,-29.717636660374122,-51.12035416131141
DRS5,DRS5_T01_S49,42,-29.68778034749991,-51.14348623502891
DRS5,DRS5_T01_S50,42,-29.675914431368987,-51.11867948023919
DRS5,DRS5_T01_S51,42,-29.756325577282887,-51.09148736636804
DRS5,DRS5_T02_S01,42,-29.898715896807015,-51.136766232041516
DRS5,DRS5_T02_S02,42,-29.912359598594314,-51.18903249822015
DRS5,DRS5_T02_S03,42,-29.898715896807015,-51.136766232041516
DRS5,DRS5_T02_S04,42,-29.941609238420423,-51.171962864779445
DRS5,DRS5_T02_S05,42,-29.91790134720233,-51.189256479888705
DRS5,DRS5_T02_S06,42,-29.912359598594314,-51.18903249822015
DRS5,DRS5_T02_S07,42,-29.882286046206143,-51.16652529156114
DRS5,DRS5_T02_S08,42,-29.898715896807015,-51.136766232041516
DRS5,DRS5_T02_S09,42,-29.941609238420423,-51.171962864779445
DRS5,DRS5_T02_S10,42,-29.91790134720233,-51.189256479888705
DRS5,DRS5_T02_S11,42,-29.908975810200825,-51.17977040970201
DRS5,DRS5_T02_S12,42,-29.910005363953744,-51.16764420550656
DRS5,DRS5_T02_S13,42,-29.912359598594314,-51.18903249822015
DRS5,DRS5_T02_S14,42,-29.894403491840713,-51.15484612050658
DRS5,DRS5_T02_S15,42,-29.922118196337223,-51.15596455198896
DRS5,DRS5_T02_S16,42,-29.882286046206143,-51.16652529156114
DRS5,DRS5_T02_S17,42,-29.946118038484897,-51.184313412649125
DRS5,DRS5_T02_S18,42,-29.88125702407633,-51.17865097196974
DRS5,DRS5_T02_S19,42,-29.92108949026945,-51.168091800144275
DRS5,DRS5_T02_S20,42,-29.922830381056126,-51.18033016750078
DRS5,DRS5_T02_S21,42,-29.898715896807015,-51.136766232041516
DRS5,DRS5_T02_S22,42,-29.919347304665916,-51.1558527041719
DRS5,DRS5_T02_S23,42,-29.941609238420423,-51.171962864779445
DRS5,DRS5_T02_S24,42,-29.912874945119913,-51.182969774517
DRS5,DRS5_T02_S25,42,-29.901590285136994,-51.15209387461553
DRS5,DRS5_T02_S26,42,-29.92231507396464,-51.18639308731962
DRS5,DRS5_T02_S27,42,-29.90887691969575,-51.164556582435885
DRS5,DRS5_T02_S28,42,-29.908975810200825,-51.17977040970201
DRS5,DRS5_T02_S29,42,-29.915130537199637,-51.18914448853517
DRS5,DRS5_T02_S30,42,-29.911231780789546,-51.18594517426728
DRS5,DRS5_T02_S31,42,-29.919446751484713,-51.171067525055264
DRS5,DRS5_T02_S32,42,-29.93597072512961,-51.15652380663798
DRS5,DRS5_T02_S33,42,-29.894504114393175,-51.170060347272674
DRS5,DRS5_T02_S34,42,-29.92140142951591,-51.13159581340959
DRS5,DRS5_T02_S35,42,-29.859587169184756,-51.17169297014343
DRS5,DRS5_T02_S36,42,-29.913190207399172,-51.14647724364285
DRS5,DRS5_T02_S37,42,-29.920059724107208,-51.180218213864485
DRS5,DRS5_T02_S38,42,-29.907234010845915,-51.16753230944183
DRS5,DRS5_T02_S39,42,-29.932171558606417,-51.16853941138878
DRS5,DRS5_T02_S40,42,-29.849621728884916,-51.17433255562739
DRS5,DRS5_T02_S41,42,-29.9157423820384,-51.19829423655348
DRS5,DRS5_T02_S42,42,-29.855169497763537,-51.17455638481079
DRS5,DRS5_T02_S43,42,-29.921603975833627,-51.16202828030849
DRS5,DRS5_T02_S44,42,-29.85054648474724,-51.14699359053853
DRS5,DRS5_T02_S45,42,-29.923958034231646,-51.18341763727984
DRS5,DRS5_T02_S46,42,-29.89830455294356,-51.158045657467966
DRS5,DRS5_T02_S47,42,-29.849519689147304,-51.159119893045315
DRS5,DRS5_T02_S48,42,-29.878999055144824,-51.172476324224384
DRS5,DRS5_T02_S49,42,-29.85835515214136,-51.153392314673134
DRS5,DRS5_T02_S50,42,-29.914933681988778,-51.15871679185067
DRS5,DRS5_T03_S01,42,-30.00856274027169,-51.16858504182705
DRS5,DRS5_T03_S02,42,-30.00856274027169,-51.16858504182705
DRS5,DRS5_T03_S03,42,-30.00856274027169,-51.16858504182705
DRS5,DRS5_T03_S04,42,-30.00856274027169,-51.16858504182705
DRS5,DRS5_T03_S05,42,-30.00856274027169,-51.16858504182705
DRS5,DRS5_T03_S06,42,-30.00856274027169,-51.16858504182705
DRS5,DRS5_T03_S07,42,-30.00856274027169,-51.16858504182705
DRS5,DRS5_T03_S08,42,-30.017183396352806,-51.13241874725946
DRS5,DRS5_T03_S09,42,-30.009172794515496,-51.17773730466182
DRS5,DRS5_T03_S10,42,-30.00856274027169,-51.16858504182705
DRS5,DRS5_T03_S11,42,-30.017183396352806,-51.13241874725946
DRS5,DRS5_T03_S12,42,-30.00589026359044,-51.18368925945724
DRS5,DRS5_T03_S13,42,-30.009172794515496,-51.17773730466182
DRS5,DRS5_T03_S14,42,-30.00856274027169,-51.16858504182705
DRS5,DRS5_T03_S15,42,-30.017183396352806,-51.13241874725946
DRS5,DRS5_T03_S16,42,-30.00589026359044,-51.18368925945724
DRS5,DRS5_T03_S17,42,-30.009172794515496,-51.17773730466182
DRS5,DRS5_T03_S18,42,-30.00856274027169,-51.16858504182705
DRS5,DRS5_T03_S19,42,-30.017183396352806,-51.13241874725946
DRS5,DRS5_T03_S20,42,-30.00589026359044,-51.18368925945724
DRS5,DRS5_T03_S21,42,-30.011748125552888,-51.14741447092933
DRS5,DRS5_T03_S22,42,-29.957613516452167,-51.16348273699326
DRS5,DRS5_T03_S23,42,-30.009172794515496,-51.17773730466182
DRS5,DRS5_T03_S24,42,-30.00856274027169,-51.16858504182705
DRS5,DRS5_T03_S25,42,-30.017183396352806,-51.13241874725946
DRS5,DRS5_T03_S26,42,-30.011748125552888,-51.14741447092933
DRS5,DRS5_T03_S27,42,-29.978216504669902,-51.18256945828636
DRS5,DRS5_T03_S28,42,-30.00589026359044,-51.18368925945724
DRS5,DRS5_T03_S29,42,-30.014095950567338,-51.168808884574645
DRS5,DRS5_T03_S30,42,-30.01676680398541,-51.15370316741442
DRS5,DRS5_T03_S31,42,-29.957613516452167,-51.16348273699326
DRS5,DRS5_T03_S32,42,-30.000165618944656,-51.1530320416439
DRS5,DRS5_T03_S33,42,-29.947244959247225,-51.18740095243938
DRS5,DRS5_T03_S34,42,-30.009172794515496,-51.17773730466182
DRS5,DRS5_T03_S35,42,-30.01010750094766,-51.15039106785711
DRS5,DRS5_T03_S36,42,-29.982110483603087,-51.18576918938242
DRS5,DRS5_T03_S37,42,-30.010718790109888,-51.15954423004323
DRS5,DRS5_T03_S38,42,-30.00672856103723,-51.141125675220735
DRS5,DRS5_T03_S39,42,-29.973290534507495,-51.191496525071344
DRS5,DRS5_T03_S40,42,-30.017183396352806,-51.13241874725946
DRS5,DRS5_T03_S41,42,-30.015640869343216,-51.15061475334534
DRS5,DRS5_T03_S42,42,-30.014611189182858,-51.1627443826909
DRS5,DRS5_T03_S43,42,-29.988771609429502,-51.189080914591
DRS5,DRS5_T03_S44,42,-29.95658359138186,-51.17561024916482
DRS5,DRS5_T03_S45,42,-30.000449366530333,-51.19868005591296
DRS5,DRS5_T03_S46,42,-30.005699862327234,-51.15325574608285
DRS5,DRS5_T03_S47,42,-29.958321563508804,-51.1878489194955
DRS5,DRS5_T03_S48,42,-30.004857793886384,-51.19581646121
DRS5,DRS5_T03_S49,42,-30.010298188465235,-51.180825287847476
DRS5,DRS5_T03_S50,42,-29.980468595758612,-51.18874490346377
DRS5,DRS5_T04_S01,42,-30.01850319258611,-51.16594452484422
DRS5,DRS5_T04_S02,42,-30.02075398727157,-51.1721208992927
DRS5,DRS5_T04_S03,42,-30.020658962779876,-51.15690341430791
DRS5,DRS5_T04_S04,42,-30.020330872983692,-51.19340089017915
DRS5,DRS5_T04_S05,42,-30.016862362577992,-51.16892080750586
DRS5,DRS5_T04_S06,42,-30.016862362577992,-51.16892080750586
DRS5,DRS5_T04_S07,42,-30.0217845962844,-51.15999176452688
DRS5,DRS5_T04_S08,42,-30.0217845962844,-51.15999176452688
DRS5,DRS5_T04_S09,42,-30.02412934084336,-51.18138516968918
DRS5,DRS5_T04_S10,42,-30.019206081342464,-51.190313035381195
DRS5,DRS5_T04_S11,42,-30.023096793119926,-51.19351292100682
DRS5,DRS5_T04_S12,42,-30.016439954861177,-51.1902010192058
DRS5,DRS5_T04_S13,42,-30.023004334781533,-51.1782971184168
DRS5,DRS5_T04_S14,42,-30.023004334781533,-51.1782971184168
DRS5,DRS5_T04_S15,42,-30.019113088814642,-51.17509707706929
DRS5,DRS5_T04_S16,42,-30.020238284246176,-51.17818515358865
DRS5,DRS5_T04_S17,42,-30.020238284246176,-51.17818515358865
DRS5,DRS5_T04_S18,42,-30.01981422719501,-51.199464425900175
DRS5,DRS5_T04_S19,42,-30.024221395376536,-51.19660075046859
DRS5,DRS5_T04_S20,42,-30.016956162692118,-51.18413720900849
DRS5,DRS5_T04_S21,42,-30.020938761062638,-51.20255215019073
DRS5,DRS5_T04_S22,42,-30.0196286458253,-51.16903273147541
DRS5,DRS5_T04_S23,42,-30.008232559508723,-51.20507942991535
DRS5,DRS5_T04_S24,42,-30.022580120893572,-51.19957648291228
DRS5,DRS5_T04_S25,42,-30.018081177911633,-51.18722514165191
DRS5,DRS5_T04_S26,42,-30.019018337894444,-51.15987987934892
DRS5,DRS5_T04_S27,42,-30.021455552834375,-51.19648870602858
DRS5,DRS5_T04_S28,42,-30.02187921692396,-51.17520902827891
DRS5,DRS5_T04_S29,42,-30.0136736996295,-51.190089004069335
DRS5,DRS5_T04_S30,42,-30.019722315590776,-51.184249198993164
DRS5,DRS5_T04_S31,42,-30.02248833973089,-51.1843611900166
DRS5,DRS5_T04_S32,42,-30.01929731589714,-51.205527752290024
DRS5,DRS5_T04_S33,42,-30.018689581538265,-51.196376662627706
DRS5,DRS5_T04_S34,42,-30.018172816215248,-51.20244008060772
DRS5,DRS5_T04_S35,42,-30.02197207906948,-51.190425052595536
DRS5,DRS5_T04_S36,42,-30.020847253226133,-51.18733714525191
DRS5,DRS5_T04_S37,42,-30.015314973842663,-51.18711313909075
DRS5,DRS5_T04_S38,42,-30.017472104947938,-51.178073189799086
DRS5,DRS5_T04_S39,42,-30.02136336788523,-51.18127319124349
DRS5,DRS5_T04_S40,42,-30.017987781591614,-51.17200896170264
DRS5,DRS5_T04_S41,42,-30.016531319908513,-51.205415670137285
DRS5,DRS5_T04_S42,42,-30.020143937159375,-51.1629681771799
DRS5,DRS5_T04_S43,42,-30.01592348149214,-51.19626462026597
DRS5,DRS5_T04_S44,42,-30.01039089516563,-51.196040538659815
DRS5,DRS5_T04_S45,42,-30.02042170379137,-51.208615384957014
DRS5,DRS5_T04_S46,42,-30.02136336788523,-51.18127319124349
DRS5,DRS5_T04_S47,42,-30.01625195073273,-51.15976799520901
DRS5,DRS5_T04_S48,42,-30.010907315651423,-51.1899769899718
DRS5,DRS5_T04_S49,42,-30.014282053552318,-51.19924031499363
DRS5,DRS5_T04_S50,42,-30.012640540287247,-51.20221594455961
DRS5,DRS5_T05_S01,42,-30.029842729719597,-51.21203931293249
DRS5,DRS5_T05_S02,42,-30.03096666119378,-51.215126908335925
DRS5,DRS5_T05_S03,42,-30.03096666119378,-51.215126908335925
DRS5,DRS5_T05_S04,42,-30.028718686446062,-51.20895167847636
DRS5,DRS5_T05_S05,42,-30.029235823091167,-51.20288836517573
DRS5,DRS5_T05_S06,42,-30.03036001235694,-51.20597609129513
DRS5,DRS5_T05_S07,42,-30.03036001235694,-51.20597609129513
DRS5,DRS5_T05_S08,42,-30.03424936443664,-51.20917587935359
DRS5,DRS5_T05_S09,42,-30.031484089821884,-51.20906377839519
DRS5,DRS5_T05_S10,42,-30.031484089821884,-51.20906377839519
DRS5,DRS5_T05_S11,42,-30.031484089821884,-51.20906377839519
DRS5,DRS5_T05_S12,42,-30.032090480867684,-51.21821446466946
DRS5,DRS5_T05_S13,42,-30.032090480867684,-51.21821446466946
DRS5,DRS5_T05_S14,42,-30.032608055485102,-51.21215142645873
DRS5,DRS5_T05_S15,42,-30.032608055485102,-51.21215142645873
DRS5,DRS5_T05_S16,42,-30.034159186045105,-51.19396105470827
DRS5,DRS5_T05_S17,42,-30.03804867664075,-51.19716098825623
DRS5,DRS5_T05_S18,42,-30.03364240811093,-51.200024721353195
DRS5,DRS5_T05_S19,42,-30.0364076580014,-51.20013678356161
DRS5,DRS5_T05_S20,42,-30.029752694183323,-51.196824842466086
DRS5,DRS5_T05_S21,42,-30.030877029450984,-51.199912660184054
DRS5,DRS5_T05_S22,42,-30.03528347792721,-51.19704893862031
DRS5,DRS5_T05_S23,42,-30.03528347792721,-51.19704893862031
DRS5,DRS5_T05_S24,42,-30.03692446235181,-51.19407309073138
DRS5,DRS5_T05_S25,42,-30.027594531374053,-51.2058640049847
DRS5,DRS5_T05_S26,42,-30.03701451028641,-51.20928798135154
DRS5,DRS5_T05_S27,42,-30.028201284285114,-51.21501478224301
DRS5,DRS5_T05_S28,42,-30.029325181576116,-51.218102324971234
DRS5,DRS5_T05_S29,42,-30.026470264504532,-51.202776292474724
DRS5,DRS5_T05_S30,42,-30.040903260200583,-51.21248777327543
DRS5,DRS5_T05_S31,42,-30.029325181576116,-51.218102324971234
DRS5,DRS5_T05_S32,42,-30.023704577160366,-51.20266422081307
DRS5,DRS5_T05_S33,42,-30.03312536457856,-51.20608817864501
DRS5,DRS5_T05_S34,42,-30.02698710916083,-51.196712795947754
DRS5,DRS5_T05_S35,42,-30.03753172626676,-51.20322458951498
DRS5,DRS5_T05_S36,42,-30.032518150440094,-51.1969368900236
DRS5,DRS5_T05_S37,42,-30.039779527367237,-51.209400084389074
DRS5,DRS5_T05_S38,42,-30.035373252489702,-51.21226354102464
DRS5,DRS5_T05_S39,42,-30.03373190934566,-51.21523903546858
DRS5,DRS5_T05_S40,42,-30.03044896706917,-51.22118982861338
DRS5,DRS5_T05_S41,42,-30.032518150440094,-51.1969368900236
DRS5,DRS5_T05_S42,42,-30.024828921633855,-51.20575191971371
DRS5,DRS5_T05_S43,42,-30.03200125291636,-51.203000438916106
DRS5,DRS5_T05_S44,42,-30.042544415675277,-51.209512188466206
DRS5,DRS5_T05_S45,42,-30.038138320729512,-51.21237565663019
DRS5,DRS5_T05_S46,42,-30.0402967697841,-51.2033366663735
DRS5,DRS5_T05_S47,42,-30.027683616645472,-51.22107767635077
DRS5,DRS5_T05_S48,42,-30.023187493426867,-51.20872748175728
DRS5,DRS5_T05_S49,42,-30.027077275197133,-51.211927200445885
DRS5,DRS5_T05_S50,42,-30.025345885838387,-51.19968854096362
DRS5,DRS5_T05_S51,42,-30.035890588035,-51.20620026703437
DRS5,DRS5_T06_S01,42,-30.025254235108488,-51.184473182078825
DRS5,DRS5_T06_S02,42,-30.03683265587804,-51.17885695813688
DRS5,DRS5_T06_S03,42,-30.0275036882449,-51.19064909014112
DRS5,DRS5_T06_S04,42,-30.035800136252586,-51.19098515425196
DRS5,DRS5_T06_S05,42,-30.034067249215887,-51.17874498811559
DRS5,DRS5_T06_S06,42,-30.04123850799435,-51.17599271582518
DRS5,DRS5_T06_S07,42,-30.037957274056275,-51.18194507749838
DRS5,DRS5_T06_S08,42,-30.023425169947796,-51.15701528689908
DRS5,DRS5_T06_S09,42,-30.039597933753793,-51.17896892919687
DRS5,DRS5_T06_S10,42,-30.03908178042136,-51.18503315797216
DRS5,DRS5_T06_S11,42,-30.030269299685447,-51.1907611104724
DRS5,DRS5_T06_S12,42,-30.03744100104912,-51.18800918866862
DRS5,DRS5_T06_S13,42,-30.03744100104912,-51.18800918866862
DRS5,DRS5_T06_S14,42,-30.025862584498103,-51.19362495287357
DRS5,DRS5_T06_S15,42,-30.034067249215887,-51.17874498811559
DRS5,DRS5_T06_S16,42,-30.030785639560428,-51.18469716931967
DRS5,DRS5_T06_S17,42,-30.039597933753793,-51.17896892919687
DRS5,DRS5_T06_S18,42,-30.02914470660348,-51.18767316228519
DRS5,DRS5_T06_S19,42,-30.02914470660348,-51.18767316228519
DRS5,DRS5_T06_S20,42,-30.04011382133161,-51.1729044914995
DRS5,DRS5_T06_S21,42,-30.028628247114327,-51.19373698577938
DRS5,DRS5_T06_S22,42,-30.026379017575973,-51.187561155568545
DRS5,DRS5_T06_S23,42,-30.04236308283922,-51.17908090129555
DRS5,DRS5_T06_S24,42,-30.029660900455855,-51.18160912969666
DRS5,DRS5_T06_S25,42,-30.033034782355966,-51.19087313184267
DRS5,DRS5_T06_S26,42,-30.033551148626923,-51.184809164498326
DRS5,DRS5_T06_S27,42,-30.024737948038265,-51.19053707084883
DRS5,DRS5_T06_S28,42,-30.03242648710237,-51.1817211112585
DRS5,DRS5_T06_S29,42,-30.034675698343975,-51.187897178835215
DRS5,DRS5_T06_S30,42,-30.035191944970485,-51.18183309385906
DRS5,DRS5_T06_S31,42,-30.03139378096462,-51.193849019724276
DRS5,DRS5_T06_S32,42,-30.038473281336227,-51.17588075734572
DRS5,DRS5_T06_S33,42,-30.040722474355857,-51.18205706217648
DRS5,DRS5_T06_S34,42,-30.026895185034878,-51.18149714917356
DRS5,DRS5_T06_S35,42,-30.030082598784514,-51.16032742628914
DRS5,DRS5_T06_S36,42,-30.032942441652352,-51.17565684350257
DRS5,DRS5_T06_S37,42,-30.03191026686078,-51.18778517004074
DRS5,DRS5_T06_S38,42,-30.036316528915208,-51.18492116071581
DRS5,DRS5_T06_S39,42,-30.036316528915208,-51.18492116071581
DRS5,DRS5_T06_S40,42,-30.042878996764546,-51.17301643739725
DRS5,DRS5_T06_S41,42,-30.028536049548,-51.17852105118893
DRS5,DRS5_T06_S42,42,-30.028442093327538,-51.163303876699466
DRS5,DRS5_T06_S43,42,-30.031723018757152,-51.15735091090051
DRS5,DRS5_T06_S44,42,-30.029051831692954,-51.172456718293446
DRS5,DRS5_T06_S45,42,-30.035707925887596,-51.175768799904866
DRS5,DRS5_T06_S46,42,-30.040019708442493,-51.15768654424402
DRS5,DRS5_T06_S47,42,-30.029567348117457,-51.16639217661847
DRS5,DRS5_T06_S48,42,-30.04400360585807,-51.17610467534324
DRS5,DRS5_T06_S49,42,-30.036739090445415,-51.16363958556262
DRS5,DRS5_T06_S50,42,-30.025065658136143,-51.154038744310455
DRS5,DRS5_T07_S01,42,-30.040385606187154,-51.21855089000314
DRS5,DRS5_T07_S02,42,-30.034337784811008,-51.22438946005807
DRS5,DRS5_T07_S03,42,-30.040385606187154,-51.21855089000314
DRS5,DRS5_T07_S04,42,-30.032696202658,-51.227364718570655
DRS5,DRS5_T07_S05,42,-30.032696202658,-51.227364718570655
DRS5,DRS5_T07_S06,42,-30.032696202658,-51.227364718570655
DRS5,DRS5_T07_S07,42,-30.03217795113565,-51.23342724530797
DRS5,DRS5_T07_S08,42,-30.035461269078635,-51.227476899078766
DRS5,DRS5_T07_S09,42,-30.035461269078635,-51.227476899078766
DRS5,DRS5_T07_S10,42,-30.040385606187154,-51.21855089000314
DRS5,DRS5_T07_S11,42,-30.03986768663356,-51.22461379698977
DRS5,DRS5_T07_S12,42,-30.03494299104434,-51.23353945197735
DRS5,DRS5_T07_S13,42,-30.031054535209567,-51.23033991178223
DRS5,DRS5_T07_S14,42,-30.03494299104434,-51.23353945197735
DRS5,DRS5_T07_S15,42,-30.052567135040256,-51.222087084152136
DRS5,DRS5_T07_S16,42,-30.038744245809674,-51.22152629164072
DRS5,DRS5_T07_S17,42,-30.035461269078635,-51.227476899078766
DRS5,DRS5_T07_S18,42,-30.038744245809674,-51.22152629164072
DRS5,DRS5_T07_S19,42,-30.051443970504764,-51.218999471672916
DRS5,DRS5_T07_S20,42,-30.036584641542362,-51.23056429896081
DRS5,DRS5_T07_S21,42,-30.033301255262593,-51.236514539662714
DRS5,DRS5_T07_S22,42,-30.02993100748525,-51.22725253910264
DRS5,DRS5_T07_S23,42,-30.04703836567201,-51.221862764027605
DRS5,DRS5_T07_S24,42,-30.03157264076345,-51.22427729315225
DRS5,DRS5_T07_S25,42,-30.033819652751923,-51.23045210485142
DRS5,DRS5_T07_S26,42,-30.043150390428853,-51.21866303386074
DRS5,DRS5_T07_S27,42,-30.03710280010235,-51.2245016280039
DRS5,DRS5_T07_S28,42,-30.038226206743246,-51.227589080626984
DRS5,DRS5_T07_S29,42,-30.038226206743246,-51.227589080626984
DRS5,DRS5_T07_S30,42,-30.049802814746073,-51.221974923569874
DRS5,DRS5_T07_S31,42,-30.028807367963573,-51.22416512728643
DRS5,DRS5_T07_S32,42,-30.04202688122141,-51.21557542310505
DRS5,DRS5_T07_S33,42,-30.045397073399933,-51.224838138081644
DRS5,DRS5_T07_S34,42,-30.043668070899017,-51.21259989096034
DRS5,DRS5_T07_S35,42,-30.028289288919215,-51.2302277197532
DRS5,DRS5_T07_S36,42,-30.035979281655194,-51.22141413625834
DRS5,DRS5_T07_S37,42,-30.041509081199905,-51.221638448063054
DRS5,DRS5_T07_S38,42,-30.036066217534337,-51.23662675993127
DRS5,DRS5_T07_S39,42,-30.029412782479152,-51.23331503967888
DRS5,DRS5_T07_S40,42,-30.049197305962338,-51.212824129449295
DRS5,DRS5_T07_S41,42,-30.046520247161776,-51.22792563151246
DRS5,DRS5_T07_S42,42,-30.049284669763157,-51.22803781722127
DRS5,DRS5_T07_S43,42,-30.047556218616197,-51.21579968672825
DRS5,DRS5_T07_S44,42,-30.044878835362994,-51.23090088753028
DRS5,DRS5_T07_S45,42,-30.048679572591563,-51.21888732469563
DRS5,DRS5_T07_S46,42,-30.045915045898287,-51.21877517875824
DRS5,DRS5_T07_S47,42,-30.0547260258882,-51.21304837209719
DRS5,DRS5_T07_S48,42,-30.037620693177136,-51.218438747185395
DRS5,DRS5_T07_S49,42,-30.0271656835643,-51.22714036067473
DRS5,DRS5_T07_S50,40,-30.0344244475895,-51.23960179482926
DRS5,DRS5_T08_S01,42,-30.052204938515622,-51.161222569999005
DRS5,DRS5_T08_S02,42,-30.04962497398944,-51.19154528188415
DRS5,DRS5_T08_S03,42,-30.041846903141444,-51.18514515626736
DRS5,DRS5_T08_S04,42,-30.04521951859027,-51.1944092050355
DRS5,DRS5_T08_S05,42,-30.04245462862831,-51.194297165894966
DRS5,DRS5_T08_S06,42,-30.05740146164688,-51.19794536480664
DRS5,DRS5_T08_S07,42,-30.051265582767325,-51.188569253420155
DRS5,DRS5_T08_S08,42,-30.047984279762805,-51.1945212452152
DRS5,DRS5_T08_S09,42,-30.04409542525958,-51.19132122771408
DRS5,DRS5_T08_S10,42,-30.038565361371315,-51.191097177700286
DRS5,DRS5_T08_S11,42,-30.038565361371315,-51.191097177700286
DRS5,DRS5_T08_S12,42,-30.05332960710681,-51.16431103132121
DRS5,DRS5_T08_S13,42,-30.05332960710681,-51.16431103132121
DRS5,DRS5_T08_S14,42,-30.04409542525958,-51.19132122771408
DRS5,DRS5_T08_S15,42,-30.047376762207826,-51.185369155974435
DRS5,DRS5_T08_S16,42,-30.04859112765779,-51.20367290318563
DRS5,DRS5_T08_S17,42,-30.04020617497234,-51.18812119954099
DRS5,DRS5_T08_S18,42,-30.039689609880856,-51.194185127793595
DRS5,DRS5_T08_S19,42,-30.04686026402127,-51.19143325427957
DRS5,DRS5_T08_S20,42,-30.050838307923257,-51.20984850693527
DRS5,DRS5_T08_S21,42,-30.052996452966166,-51.200809178638025
DRS5,DRS5_T08_S22,42,-30.041330457708295,-51.19120920218765
DRS5,DRS5_T08_S23,42,-30.04573613645722,-51.18834522440258
DRS5,DRS5_T08_S24,42,-30.050231975774697,-51.200697110193566
DRS5,DRS5_T08_S25,42,-30.05463716445786,-51.197833307895884
DRS5,DRS5_T08_S26,42,-30.051265582767325,-51.188569253420155
DRS5,DRS5_T08_S27,42,-30.04193777145828,-51.20036091109638
DRS5,DRS5_T08_S28,42,-30.041330457708295,-51.19120920218765
DRS5,DRS5_T08_S29,42,-30.05135565604322,-51.203784984201896
DRS5,DRS5_T08_S30,42,-30.04081374657682,-51.197273038931364
DRS5,DRS5_T08_S31,42,-30.04910818368091,-51.19760919719226
DRS5,DRS5_T08_S32,42,-30.05014149854629,-51.18548115738631
DRS5,DRS5_T08_S33,42,-30.045128103130388,-51.17919287443291
DRS5,DRS5_T08_S34,42,-30.052906106083046,-51.185593159837126
DRS5,DRS5_T08_S35,42,-30.05576080136078,-51.20092124812186
DRS5,DRS5_T08_S36,42,-30.04357868773147,-51.19738509064574
DRS5,DRS5_T08_S37,42,-30.055154007529662,-51.19176934021061
DRS5,DRS5_T08_S38,42,-30.04695019413062,-51.20664863098672
DRS5,DRS5_T08_S39,42,-30.044611897071576,-51.18525715560145
DRS5,DRS5_T08_S40,42,-30.051689477336055,-51.16728753000504
DRS5,DRS5_T08_S41,42,-30.046343500100793,-51.19749714339937
DRS5,DRS5_T08_S42,42,-30.054030112722078,-51.18868126948745
DRS5,DRS5_T08_S43,42,-30.055243546476195,-51.20698491486611
DRS5,DRS5_T08_S44,42,-30.046252488580624,-51.18228103464904
DRS5,DRS5_T08_S45,42,-30.051872738467903,-51.19772125202443
DRS5,DRS5_T08_S46,42,-30.053422391199334,-51.17952880007735
DRS5,DRS5_T08_S47,42,-30.044702635016844,-51.20047297642276
DRS5,DRS5_T08_S48,42,-30.045644043398976,-51.17312838433352
DRS5,DRS5_T08_S49,42,-30.051781987613506,-51.18250501127683
DRS5,DRS5_T08_S50,42,-30.050748912142033,-51.19463328643407
DRS5,DRS5_T09_S01,42,-30.061982143049296,-51.225511186319466
DRS5,DRS5_T09_S02,42,-30.091338419957474,-51.238871383801815
DRS5,DRS5_T09_S03,42,-30.059218286739842,-51.22539900901285
DRS5,DRS5_T09_S04,42,-30.05533132655064,-51.222199245774426
DRS5,DRS5_T09_S05,42,-30.059218286739842,-51.22539900901285
DRS5,DRS5_T09_S06,42,-30.05757716489821,-51.22837438058885
DRS5,DRS5_T09_S07,42,-30.054208239633994,-51.21911161969013
DRS5,DRS5_T09_S08,42,-30.054208239633994,-51.21911161969013
DRS5,DRS5_T09_S09,42,-30.059736391524925,-51.21933591884438
DRS5,DRS5_T09_S10,42,-30.056454301639008,-51.22528683274639
DRS5,DRS5_T09_S11,42,-30.053690187750707,-51.22517465752005
DRS5,DRS5_T09_S12,42,-30.094619657535794,-51.23292061556737
DRS5,DRS5_T09_S13,42,-30.112393746526124,-51.25189510606858
DRS5,DRS5_T09_S14,42,-30.106269593691106,-51.24252021355656
DRS5,DRS5_T09_S15,42,-30.110152113747482,-51.2457200575985
DRS5,DRS5_T09_S16,42,-30.058095389273372,-51.22231140843673
DRS5,DRS5_T09_S17,42,-30.10410945126155,-51.25155820403293
DRS5,DRS5_T09_S18,42,-30.06146374617456,-51.231574092756375
DRS5,DRS5_T09_S19,42,-30.10851160552912,-51.248695313344975
DRS5,DRS5_T09_S20,42,-30.09746479487702,-51.24824617126693
DRS5,DRS5_T09_S21,42,-30.053690187750707,-51.22517465752005
DRS5,DRS5_T09_S22,42,-30.0647458705635,-51.225623364666234
DRS5,DRS5_T09_S23,42,-30.091338419957474,-51.238871383801815
DRS5,DRS5_T09_S24,42,-30.060859323204518,-51.222423572139085
DRS5,DRS5_T09_S25,42,-30.061377308380283,-51.216360363983235
DRS5,DRS5_T09_S26,42,-30.10126531436361,-51.236232724161226
DRS5,DRS5_T09_S27,42,-30.09349791526,-51.229832930036224
DRS5,DRS5_T09_S28,42,-30.055849258846656,-51.21613608996171
DRS5,DRS5_T09_S29,42,-30.066991019492256,-51.23179850282092
DRS5,DRS5_T09_S30,42,-30.052048963588945,-51.22815000397027
DRS5,DRS5_T09_S31,42,-30.078647149346843,-51.24139766156246
DRS5,DRS5_T09_S32,42,-30.11515492058312,-51.252007408829364
DRS5,DRS5_T09_S33,42,-30.10298845788344,-51.24847074022397
DRS5,DRS5_T09_S34,42,-30.109632443617627,-51.25178280434893
DRS5,DRS5_T09_S35,42,-30.10523033275802,-51.254645628560816
DRS5,DRS5_T09_S36,42,-30.0864159229052,-51.24779704584424
DRS5,DRS5_T09_S37,42,-30.0962601481478,-51.229945133429986
DRS5,DRS5_T09_S38,42,-30.060771804064128,-51.207209109316885
DRS5,DRS5_T09_S39,42,-30.081843846951106,-51.22023315706095
DRS5,DRS5_T09_S40,42,-30.10358956823207,-51.2576206880024
DRS5,DRS5_T09_S41,42,-30.099105507897583,-51.24527096575048
DRS5,DRS5_T09_S42,42,-30.111792536503174,-51.24274473644481
DRS5,DRS5_T09_S43,42,-30.060341072373866,-51.22848657045846
DRS5,DRS5_T09_S44,42,-30.114034237783276,-51.24891989063005
DRS5,DRS5_T09_S45,42,-30.12343766960681,-51.25234432335859
DRS5,DRS5_T09_S46,42,-30.10074613548568,-51.24229569483158
DRS5,DRS5_T09_S47,42,-30.099706980339068,-51.25442100521656
DRS5,DRS5_T09_S48,42,-30.058613348011406,-51.21624822645254
DRS5,DRS5_T09_S49,42,-30.091857373436227,-51.23280839961072
DRS5,DRS5_T09_S50,42,-30.070272939190545,-51.22584772448027
DRS5,DRS5_T10_S01,42,-30.0679401215716,-51.20445749212884
DRS5,DRS5_T10_S02,42,-30.15467332960106,-51.211021051307746
DRS5,DRS5_T10_S03,42,-30.142580861633064,-51.12531515562146
DRS5,DRS5_T10_S04,42,-30.059983150461047,-51.167623304657944
DRS5,DRS5_T10_S05,42,-30.077690842733368,-51.17138337470742
DRS5,DRS5_T10_S06,42,-30.185886721286735,-51.16968394327366
DRS5,DRS5_T10_S07,42,-30.054969651338535,-51.161334467634504
DRS5,DRS5_T10_S08,42,-30.0679401215716,-51.20445749212884
DRS5,DRS5_T10_S09,42,-30.15467332960106,-51.211021051307746
DRS5,DRS5_T10_S10,42,-30.05712471167892,-51.15229252682791
DRS5,DRS5_T10_S11,42,-30.08011664808404,-51.20799382264294
DRS5,DRS5_T10_S12,42,-30.056186896274454,-51.17964077736966
DRS5,DRS5_T10_S13,42,-30.1161109496223,-51.22466706461655
DRS5,DRS5_T10_S14,42,-30.078993855653493,-51.204905851537625
DRS5,DRS5_T10_S15,42,-30.1260340210992,-51.22202783319473
DRS5,DRS5_T10_S16,42,-30.123101489736282,-51.19148200888976
DRS5,DRS5_T10_S17,42,-30.058343088934645,-51.170599776078156
DRS5,DRS5_T10_S18,42,-30.105667505521,-51.23336948979906
DRS5,DRS5_T10_S19,42,-30.060498690512375,-51.16155826602019
DRS5,DRS5_T10_S20,42,-30.13707640971818,-51.22247654383756
DRS5,DRS5_T10_S21,42,-30.11550793710647,-51.215515315743595
DRS5,DRS5_T10_S22,42,-30.142580861633064,-51.12531515562146
DRS5,DRS5_T10_S23,42,-30.095656819850166,-51.22079396474819
DRS5,DRS5_T10_S24,42,-30.082361897364976,-51.214169647724155
DRS5,DRS5_T10_S25,42,-30.106788825409136,-51.23645719056337
DRS5,DRS5_T10_S26,42,-30.0884053631273,-51.20833014394934
DRS5,DRS5_T10_S27,42,-30.112228135367392,-51.22146696829759
DRS5,DRS5_T10_S28,42,-30.074590193891606,-51.20776961363719
DRS5,DRS5_T10_S29,42,-30.151137009057056,-51.17131744274431
DRS5,DRS5_T10_S30,42,-30.06438737522784,-51.164758682592755
DRS5,DRS5_T10_S31,42,-30.1045460737466,-51.23028174985378
DRS5,DRS5_T10_S32,42,-30.121633277571853,-51.22489143674976
DRS5,DRS5_T10_S33,42,-30.060682525849018,-51.191993402693576
DRS5,DRS5_T10_S34,42,-30.127757016308315,-51.23426728820973
DRS5,DRS5_T10_S35,42,-30.07286133414829,-51.19552965359719
DRS5,DRS5_T10_S36,42,-30.062929669606515,-51.198169481746135
DRS5,DRS5_T10_S37,42,-30.157083419282472,-51.150253671512026
DRS5,DRS5_T10_S38,42,-30.15450186436725,-51.180583907876766
DRS5,DRS5_T10_S39,42,-30.136557566111133,-51.22854036682075
DRS5,DRS5_T10_S40,42,-30.158811489527206,-51.162498315648335
DRS5,DRS5_T10_S41,42,-30.128018803240085,-51.182552551616865
DRS5,DRS5_T10_S42,42,-30.090650146779755,-51.214506050689536
DRS5,DRS5_T10_S43,42,-30.143115460676366,-51.216636820164965
DRS5,DRS5_T10_S44,42,-30.160625293365648,-51.18996206592065
DRS5,DRS5_T10_S45,42,-30.12707069932567,-51.20989976711443
DRS5,DRS5_T10_S46,42,-30.084519949720146,-51.20513003747959
DRS5,DRS5_T10_S47,42,-30.11602603788904,-51.209451282555975
DRS5,DRS5_T10_S48,42,-30.120512053444575,-51.2218034841151
DRS5,DRS5_T10_S49,42,-30.06742261502561,-51.210521171944265
DRS5,DRS5_T10_S50,42,-30.10667843236253,-51.123862372171125
DSP4,DSP4_T01_S01,42,-23.59840545931641,-46.614901081557235
DSP4,DSP4_T01_S02,42,-23.59840545931641,-46.614901081557235
DSP4,DSP4_T01_S03,42,-23.59840545931641,-46.614901081557235
DSP4,DSP4_T01_S04,42,-23.59840545931641,-46.614901081557235
DSP4,DSP4_T01_S05,42,-23.59840545931641,-46.614901081557235
DSP4,DSP4_T01_S06,42,-23.60731734972919,-46.62128581266058
DSP4,DSP4_T01_S07,42,-23.59840545931641,-46.614901081557235
DSP4,DSP4_T01_S08,42,-23.60731734972919,-46.62128581266058
DSP4,DSP4_T01_S09,42,-23.600079110822545,-46.61188936050435
DSP4,DSP4_T01_S10,42,-23.600079110822545,-46.61188936050435
DSP4,DSP4_T01_S11,42,-23.600079110822545,-46.61188936050435
DSP4,DSP4_T01_S12,42,-23.599231201329925,-46.63023025717698
DSP4,DSP4_T01_S13,42,-23.60425266384215,-46.62119545860781
DSP4,DSP4_T01_S14,42,-23.60425266384215,-46.62119545860781
DSP4,DSP4_T01_S15,42,-23.57890376105159,-46.605143566125804
DSP4,DSP4_T01_S16,42,-23.597557224180836,-46.63324177520785
DSP4,DSP4_T01_S17,42,-23.597557224180836,-46.63324177520785
DSP4,DSP4_T01_S18,42,-23.60536074576537,-46.63041104868644
DSP4,DSP4_T01_S19,42,-23.601187863877183,-46.621105105417186
DSP4,DSP4_T01_S20,42,-23.601187863877183,-46.621105105417186
DSP4,DSP4_T01_S21,42,-23.600079110822545,-46.61188936050435
DSP4,DSP4_T01_S22,42,-23.602296030582192,-46.63032065250046
DSP4,DSP4_T01_S23,42,-23.602296030582192,-46.63032065250046
DSP4,DSP4_T01_S24,42,-23.581969462398273,-46.6052338418994
DSP4,DSP4_T01_S25,42,-23.585035049745684,-46.60532411853449
DSP4,DSP4_T01_S26,42,-23.585035049745684,-46.60532411853449
DSP4,DSP4_T01_S27,42,-23.601187863877183,-46.621105105417186
DSP4,DSP4_T01_S28,42,-23.57583794571685,-46.60505329121368
DSP4,DSP4_T01_S29,42,-23.605643654860653,-46.6242974666717
DSP4,DSP4_T01_S30,42,-23.602861576157693,-46.6180934382132
DSP4,DSP4_T01_S31,42,-23.61177277997372,-46.624478204879686
DSP4,DSP4_T01_S32,42,-23.59255748913916,-46.608606714679254
DSP4,DSP4_T01_S33,42,-23.60592632832027,-46.618183777645264
DSP4,DSP4_T01_S34,42,-23.6009051003327,-46.62721869838948
DSP4,DSP4_T01_S35,42,-23.583643213956716,-46.60222209525262
DSP4,DSP4_T01_S36,42,-23.597557224180836,-46.63324177520785
DSP4,DSP4_T01_S37,42,-23.599796709921737,-46.6180030996432
DSP4,DSP4_T01_S38,42,-23.59394899926249,-46.61170874271235
DSP4,DSP4_T01_S39,42,-23.608990966398245,-46.61827411793939
DSP4,DSP4_T01_S40,42,-23.604535210245114,-46.61508173031672
DSP4,DSP4_T01_S41,42,-23.57444591130554,-46.60195131180144
DSP4,DSP4_T01_S42,42,-23.593666635274378,-46.61782242508924
DSP4,DSP4_T01_S43,42,-23.603969881806886,-46.62730907995693
DSP4,DSP4_T01_S44,42,-23.59784020479395,-46.6271283176844
DSP4,DSP4_T01_S45,42,-23.608708274463993,-46.62438783534454
DSP4,DSP4_T01_S46,42,-23.601470391815198,-46.61499140550602
DSP4,DSP4_T01_S47,42,-23.613446379224765,-46.62146652335267
DSP4,DSP4_T01_S48,42,-23.58336126781371,-46.60833583832103
DSP4,DSP4_T01_S49,42,-23.589492196053165,-46.60851642169821
DSP4,DSP4_T01_S50,42,-23.577229883559017,-46.608155258390305
DSP4,DSP4_T01_S51,42,-23.597014112069097,-46.611799051177464
DSP4,DSP4_T01_S52,42,-23.586144588856367,-46.614539794381095
DSP4,DSP4_T01_S53,42,-23.5981229498455,-46.621014753088744
DSP4,DSP4_T01_S54,42,-23.57109804337887,-46.607974681905965
DSP4,DSP4_T02_S01,42,-23.607007174636003,-46.661067887692084
DSP4,DSP4_T02_S02,42,-23.618410112411166,-46.679768964378965
DSP4,DSP4_T02_S03,42,-23.60561701238257,-46.657966102068784
DSP4,DSP4_T02_S04,42,-23.60561701238257,-46.657966102068784
DSP4,DSP4_T02_S05,42,-23.60561701238257,-46.657966102068784
DSP4,DSP4_T02_S06,42,-23.624252601618796,-46.68606303298825
DSP4,DSP4_T02_S07,42,-23.62314837912413,-46.676848467975816
DSP4,DSP4_T02_S08,42,-23.610071568768845,-46.66115842743656
DSP4,DSP4_T02_S09,42,-23.60839724016194,-46.664169660752535
DSP4,DSP4_T02_S10,42,-23.60839724016194,-46.664169660752535
DSP4,DSP4_T02_S11,42,-23.608681472874565,-46.658056627201574
DSP4,DSP4_T02_S12,42,-23.608681472874565,-46.658056627201574
DSP4,DSP4_T02_S13,42,-23.62008454514906,-46.67675785345406
DSP4,DSP4_T02_S14,42,-23.62008454514906,-46.67675785345406
DSP4,DSP4_T02_S15,42,-23.62008454514906,-46.67675785345406
DSP4,DSP4_T02_S16,42,-23.62008454514906,-46.67675785345406
DSP4,DSP4_T02_S17,42,-23.60533279831128,-46.664079107260854
DSP4,DSP4_T02_S18,42,-23.60533279831128,-46.664079107260854
DSP4,DSP4_T02_S19,42,-23.60533279831128,-46.664079107260854
DSP4,DSP4_T02_S20,42,-23.60533279831128,-46.664079107260854
DSP4,DSP4_T02_S21,42,-23.608681472874565,-46.658056627201574
DSP4,DSP4_T02_S22,42,-23.621188852780374,-46.68597237550909
DSP4,DSP4_T02_S23,42,-23.615630984910997,-46.67356550256028
DSP4,DSP4_T02_S24,42,-23.621758899799907,-46.673746701522234
DSP4,DSP4_T02_S25,42,-23.621758899799907,-46.673746701522234
DSP4,DSP4_T02_S26,42,-23.621758899799907,-46.673746701522234
DSP4,DSP4_T02_S27,42,-23.622578077771283,-46.6890740620207
DSP4,DSP4_T02_S28,42,-23.60533279831128,-46.664079107260854
DSP4,DSP4_T02_S29,42,-23.62286334625832,-46.68296131916172
DSP4,DSP4_T02_S30,42,-23.611461567927492,-46.66426021510803
DSP4,DSP4_T02_S31,42,-23.610892358515823,-46.676486015074744
DSP4,DSP4_T02_S32,42,-23.607291280252493,-46.65495481442119
DSP4,DSP4_T02_S33,42,-23.618694999415936,-46.67365610160915
DSP4,DSP4_T02_S34,42,-23.618694999415936,-46.67365610160915
DSP4,DSP4_T02_S35,42,-23.622578077771283,-46.6890740620207
DSP4,DSP4_T02_S36,42,-23.602552437814474,-46.657875577799565
DSP4,DSP4_T02_S37,42,-23.612851470342637,-46.667361990197875
DSP4,DSP4_T02_S38,42,-23.617020597048526,-46.676667239796636
DSP4,DSP4_T02_S39,42,-23.623433176349437,-46.670735508599286
DSP4,DSP4_T02_S40,42,-23.613135848809907,-46.661248968044724
DSP4,DSP4_T02_S41,42,-23.614241276006414,-46.670463752687986
DSP4,DSP4_T02_S42,42,-23.607291280252493,-46.65495481442119
DSP4,DSP4_T02_S43,42,-23.621473994099134,-46.67985959264428
DSP4,DSP4_T02_S44,42,-23.613956534833726,-46.676576627003534
DSP4,DSP4_T02_S45,42,-23.614525781596754,-46.66435077032735
DSP4,DSP4_T02_S46,42,-23.620653866601682,-46.66453188335753
DSP4,DSP4_T02_S47,42,-23.611745819279264,-46.65814715319795
DSP4,DSP4_T02_S48,42,-23.611177080999934,-46.67037316911239
DSP4,DSP4_T02_S49,42,-23.611177080999934,-46.67037316911239
DSP4,DSP4_T02_S50,42,-23.616450370582868,-46.68889272044491
DSP4,DSP4_T02_S51,42,-23.601162112494958,-46.65477379424372
DSP4,DSP4_T02_S52,42,-23.61787416978208,-46.65832820778151
DSP4,DSP4_T02_S53,42,-23.61783963164433,-46.69199436501986
DSP4,DSP4_T03_S01,42,-23.615944775140935,-46.63378424261905
DSP4,DSP4_T03_S02,42,-23.62039937293192,-46.636976659286354
DSP4,DSP4_T03_S03,42,-23.60675151304241,-46.63351300503155
DSP4,DSP4_T03_S04,42,-23.60675151304241,-46.63351300503155
DSP4,DSP4_T03_S05,42,-23.60675151304241,-46.63351300503155
DSP4,DSP4_T03_S06,42,-23.615944775140935,-46.63378424261905
DSP4,DSP4_T03_S07,42,-23.626527282823456,-46.637157519619265
DSP4,DSP4_T03_S08,42,-23.611489833879705,-46.63059184364597
DSP4,DSP4_T03_S09,42,-23.61733524677955,-46.63688623041411
DSP4,DSP4_T03_S10,42,-23.61733524677955,-46.63688623041411
DSP4,DSP4_T03_S11,42,-23.61733524677955,-46.63688623041411
DSP4,DSP4_T03_S12,42,-23.61733524677955,-46.63688623041411
DSP4,DSP4_T03_S13,42,-23.60675151304241,-46.63351300503155
DSP4,DSP4_T03_S14,42,-23.62178968151531,-46.640078649275935
DSP4,DSP4_T03_S15,42,-23.61288046854485,-46.63369382922722
DSP4,DSP4_T03_S16,42,-23.61288046854485,-46.63369382922722
DSP4,DSP4_T03_S17,42,-23.609816047841615,-46.63360341669807
DSP4,DSP4_T03_S18,42,-23.609816047841615,-46.63360341669807
DSP4,DSP4_T03_S19,42,-23.609816047841615,-46.63360341669807
DSP4,DSP4_T03_S20,42,-23.6050776010535,-46.636524523553085
DSP4,DSP4_T03_S21,42,-23.619832191128413,-46.649203570714405
DSP4,DSP4_T03_S22,42,-23.61733524677955,-46.63688623041411
DSP4,DSP4_T03_S23,42,-23.623463384950277,-46.63706708902139
DSP4,DSP4_T03_S24,42,-23.623463384950277,-46.63706708902139
DSP4,DSP4_T03_S25,42,-23.623463384950277,-46.63706708902139
DSP4,DSP4_T03_S26,42,-23.61427100650435,-46.63679580240469
DSP4,DSP4_T03_S27,42,-23.609816047841615,-46.63360341669807
DSP4,DSP4_T03_S28,42,-23.61900896761868,-46.63387465687356
DSP4,DSP4_T03_S29,42,-23.61427100650435,-46.63679580240469
DSP4,DSP4_T03_S30,42,-23.618725621696488,-46.63998820578663
DSP4,DSP4_T03_S31,42,-23.615661447750327,-46.63989776316025
DSP4,DSP4_T03_S32,42,-23.623463384950277,-46.63706708902139
DSP4,DSP4_T03_S33,42,-23.625137010174498,-46.63405548797066
DSP4,DSP4_T03_S34,42,-23.62485362719562,-46.64016909362818
DSP4,DSP4_T03_S35,42,-23.60953275752068,-46.639716880496195
DSP4,DSP4_T03_S36,42,-23.60953275752068,-46.639716880496195
DSP4,DSP4_T03_S37,42,-23.60953275752068,-46.639716880496195
DSP4,DSP4_T03_S38,42,-23.617618465583476,-46.630772642055696
DSP4,DSP4_T03_S39,42,-23.617051792274903,-46.64299971147579
DSP4,DSP4_T03_S40,42,-23.61483717137864,-46.62456857527714
DSP4,DSP4_T03_S41,42,-23.622073045966932,-46.633965071990765
DSP4,DSP4_T03_S42,42,-23.619832191128413,-46.649203570714405
DSP4,DSP4_T03_S43,42,-23.612313615178678,-46.64592070620598
DSP4,DSP4_T03_S44,42,-23.62624377269509,-46.643271085793
DSP4,DSP4_T03_S45,42,-23.617051792274903,-46.64299971147579
DSP4,DSP4_T03_S46,42,-23.614554206788505,-46.63068224241956
DSP4,DSP4_T03_S47,42,-23.6050776010535,-46.636524523553085
DSP4,DSP4_T03_S48,42,-23.617901448667574,-46.62465894653692
DSP4,DSP4_T03_S49,42,-23.62068261025345,-46.6308630425544
DSP4,DSP4_T03_S50,42,-23.609816047841615,-46.63360341669807
DSP4,DSP4_T03_S51,42,-23.629307537875018,-46.64336154562486
DSP4,DSP4_T03_S52,42,-23.61063958166483,-46.64893211647398
DSP4,DSP4_T03_S53,42,-23.62317989336099,-46.64318062682421
DSP4,DSP4_T03_S54,42,-23.615094085953455,-46.652124482016035
DSP4,DSP4_T04_S01,42,-23.62211021084151,-46.566618571658694
DSP4,DSP4_T04_S02,42,-23.641604598652762,-46.57637657405009
DSP4,DSP4_T04_S03,42,-23.624612715039614,-46.57893806730317
DSP4,DSP4_T04_S04,42,-23.609273422651935,-46.61216029365588
DSP4,DSP4_T04_S05,42,-23.620437685889463,-46.569630887163235
DSP4,DSP4_T04_S06,42,-23.61904581621975,-46.566528469696905
DSP4,DSP4_T04_S07,42,-23.61904581621975,-46.566528469696905
DSP4,DSP4_T04_S08,42,-23.619606575827124,-46.55429876758737
DSP4,DSP4_T04_S09,42,-23.62378265738909,-46.56360621573339
DSP4,DSP4_T04_S10,42,-23.620718310728883,-46.56351612754549
DSP4,DSP4_T04_S11,42,-23.621829458921287,-46.57273329259847
DSP4,DSP4_T04_S12,42,-23.617653849920067,-46.56342604021761
DSP4,DSP4_T04_S13,42,-23.617653849920067,-46.56342604021761
DSP4,DSP4_T04_S14,42,-23.608179230830356,-46.56927042938526
DSP4,DSP4_T04_S15,42,-23.61876508254718,-46.572643162231145
DSP4,DSP4_T04_S16,42,-23.60175268412771,-46.60887759879236
DSP4,DSP4_T04_S17,42,-23.603143995511626,-46.611979670693046
DSP4,DSP4_T04_S18,42,-23.641604598652762,-46.57637657405009
DSP4,DSP4_T04_S19,42,-23.5947946777281,-46.59336705576777
DSP4,DSP4_T04_S20,42,-23.604833562363545,-46.57529482889627
DSP4,DSP4_T04_S21,42,-23.621278852602924,-46.551286291469225
DSP4,DSP4_T04_S22,42,-23.597578170152314,-46.59957130960939
DSP4,DSP4_T04_S23,42,-23.624612715039614,-46.57893806730317
DSP4,DSP4_T04_S24,42,-23.619326313986015,-46.56041367143679
DSP4,DSP4_T04_S25,42,-23.60203474079567,-46.60276368541266
DSP4,DSP4_T04_S26,42,-23.60620876612515,-46.61206998174355
DSP4,DSP4_T04_S27,42,-23.623502014315992,-46.56972100375829
DSP4,DSP4_T04_S28,42,-23.64605922559579,-46.579569208813496
DSP4,DSP4_T04_S29,42,-23.620998699639653,-46.557401262268634
DSP4,DSP4_T04_S30,42,-23.58670875351016,-46.602312358125765
DSP4,DSP4_T04_S31,42,-23.6170924008289,-46.57565539684661
DSP4,DSP4_T04_S32,42,-23.61737324331645,-46.569540771428414
DSP4,DSP4_T04_S33,42,-23.594513020508355,-46.599481057915185
DSP4,DSP4_T04_S34,42,-23.597859845751984,-46.59345727907195
DSP4,DSP4_T04_S35,42,-23.625455025517955,-46.56059381940313
DSP4,DSP4_T04_S36,42,-23.637149628303465,-46.57318395734071
DSP4,DSP4_T04_S37,42,-23.643276896686675,-46.57336422926046
DSP4,DSP4_T04_S38,42,-23.594231127680146,-46.60559495360885
DSP4,DSP4_T04_S39,42,-23.637430471429973,-46.56706909436981
DSP4,DSP4_T04_S40,42,-23.607627663513508,-46.54782369997147
DSP4,DSP4_T04_S41,42,-23.60650643576431,-46.57228264936524
DSP4,DSP4_T04_S42,42,-23.610946852476946,-46.609148490660665
DSP4,DSP4_T04_S43,42,-23.612337965080783,-46.612250606430045
DSP4,DSP4_T04_S44,42,-23.632975012366334,-46.56387648545721
DSP4,DSP4_T04_S45,42,-23.627957869205346,-46.572913555914205
DSP4,DSP4_T04_S46,42,-23.593121256383448,-46.59637895171283
DSP4,DSP4_T04_S47,42,-23.625735323748955,-46.55447885873023
DSP4,DSP4_T04_S48,42,-23.614308686608144,-46.56945065655382
DSP4,DSP4_T04_S49,42,-23.637711078495304,-46.56095412565476
DSP4,DSP4_T04_S50,42,-23.60036127610124,-46.60577551463279
DSP4,DSP4_T04_S51,42,-23.625174491310144,-46.56670867448062
DSP4,DSP4_T04_S52,42,-23.63547723430857,-46.57619627458613
DSP4,DSP4_T04_S53,42,-23.599814472295478,-46.5843311246373
DSP4,DSP4_T04_S54,42,-23.62042216100028,-46.60330530658509
DSP4,DSP4_T05_S01,42,-23.63842626174922,-46.710967059730464
DSP4,DSP4_T05_S02,42,-23.63842626174922,-46.710967059730464
DSP4,DSP4_T05_S03,42,-23.63842626174922,-46.710967059730464
DSP4,DSP4_T05_S04,42,-23.63842626174922,-46.710967059730464
DSP4,DSP4_T05_S05,42,-23.63842626174922,-46.710967059730464
DSP4,DSP4_T05_S06,42,-23.63842626174922,-46.710967059730464
DSP4,DSP4_T05_S07,42,-23.63842626174922,-46.710967059730464
DSP4,DSP4_T05_S08,42,-23.62645928622657,-46.704491559080466
DSP4,DSP4_T05_S09,42,-23.63842626174922,-46.710967059730464
DSP4,DSP4_T05_S10,42,-23.62645928622657,-46.704491559080466
DSP4,DSP4_T05_S11,42,-23.63842626174922,-46.710967059730464
DSP4,DSP4_T05_S12,42,-23.625641760172716,-46.689164734105795
DSP4,DSP4_T05_S13,42,-23.625641760172716,-46.689164734105795
DSP4,DSP4_T05_S14,42,-23.622292573682294,-46.6951866964165
DSP4,DSP4_T05_S15,42,-23.62645928622657,-46.704491559080466
DSP4,DSP4_T05_S16,42,-23.63842626174922,-46.710967059730464
DSP4,DSP4_T05_S17,42,-23.633688392016534,-46.71388709444121
DSP4,DSP4_T05_S18,42,-23.625641760172716,-46.689164734105795
DSP4,DSP4_T05_S19,42,-23.63009432372067,-46.69235711005158
DSP4,DSP4_T05_S20,42,-23.627030821912253,-46.69226642249625
DSP4,DSP4_T05_S21,42,-23.627030821912253,-46.69226642249625
DSP4,DSP4_T05_S22,42,-23.625356237326535,-46.69527739684648
DSP4,DSP4_T05_S23,42,-23.625356237326535,-46.69527739684648
DSP4,DSP4_T05_S24,42,-23.625356237326535,-46.69527739684648
DSP4,DSP4_T05_S25,42,-23.632586100570055,-46.7046730484251
DSP4,DSP4_T05_S26,42,-23.63454654336738,-46.69554950332677
DSP4,DSP4_T05_S27,42,-23.625356237326535,-46.69527739684648
DSP4,DSP4_T05_S28,42,-23.62645928622657,-46.704491559080466
DSP4,DSP4_T05_S29,42,-23.627847996743974,-46.70759315436002
DSP4,DSP4_T05_S30,42,-23.619228795908015,-46.69509599685156
DSP4,DSP4_T05_S31,42,-23.6381398295721,-46.717079469272456
DSP4,DSP4_T05_S32,42,-23.633157711370043,-46.69244779847186
DSP4,DSP4_T05_S33,42,-23.64287750130557,-46.71415946376602
DSP4,DSP4_T05_S34,42,-23.628419786829568,-46.69536809814151
DSP4,DSP4_T05_S35,42,-23.635363158809298,-46.71087628455636
DSP4,DSP4_T05_S36,42,-23.635363158809298,-46.71087628455636
DSP4,DSP4_T05_S37,42,-23.636465002046208,-46.72009022419594
DSP4,DSP4_T05_S38,42,-23.640672843206488,-46.69573091197236
DSP4,DSP4_T05_S39,42,-23.63981457906255,-46.71406867312529
DSP4,DSP4_T05_S40,42,-23.635363158809298,-46.71087628455636
DSP4,DSP4_T05_S41,42,-23.631483222180243,-46.6954588003016
DSP4,DSP4_T05_S42,42,-23.645940309347075,-46.71425025527259
DSP4,DSP4_T05_S43,42,-23.64565371222292,-46.72036268111993
DSP4,DSP4_T05_S44,42,-23.62478448482826,-46.70750239638404
DSP4,DSP4_T05_S45,42,-23.626745171875235,-46.69837904512446
DSP4,DSP4_T05_S46,42,-23.631483222180243,-46.6954588003016
DSP4,DSP4_T05_S47,42,-23.631197426166295,-46.70157141112403
DSP4,DSP4_T05_S48,42,-23.64206144540337,-46.698832633271486
DSP4,DSP4_T05_S49,42,-23.62396720595594,-46.69217573580586
DSP4,DSP4_T05_S50,42,-23.635076745469668,-46.71698866576324
DSP4,DSP4_T05_S51,42,-23.64483835917819,-46.70503603749961
DSP4,DSP4_T05_S52,42,-23.639528019630326,-46.72018104230457
DSP4,DSP4_T05_S53,42,-23.632872023801642,-46.698560477787666
DSP4,DSP4_T06_S01,42,-23.642727136118037,-46.55191652907112
DSP4,DSP4_T06_S02,42,-23.642732571142123,-46.51823627504407
DSP4,DSP4_T06_S03,42,-23.64161526535246,-46.542698579874966
DSP4,DSP4_T06_S04,42,-23.63660474794553,-46.51805651638691
DSP4,DSP4_T06_S05,42,-23.641894946090375,-46.536583161126934
DSP4,DSP4_T06_S06,42,-23.612923898385034,-46.53267091413532
DSP4,DSP4_T06_S07,42,-23.642727136118037,-46.55191652907112
DSP4,DSP4_T06_S08,42,-23.642732571142123,-46.51823627504407
DSP4,DSP4_T06_S09,42,-23.64161526535246,-46.542698579874966
DSP4,DSP4_T06_S10,42,-23.632143713561675,-46.548543830349566
DSP4,DSP4_T06_S11,42,-23.646350607968255,-46.53977585413423
DSP4,DSP4_T06_S12,42,-23.651085661629438,-46.5368530614084
DSP4,DSP4_T06_S13,42,-23.63660474794553,-46.51805651638691
DSP4,DSP4_T06_S14,42,-23.633815689383514,-46.545531232232264
DSP4,DSP4_T06_S15,42,-23.6377182403679,-46.52727495276893
DSP4,DSP4_T06_S16,42,-23.63687963385819,-46.54562123861772
DSP4,DSP4_T06_S17,42,-23.64663019775337,-46.53366034020106
DSP4,DSP4_T06_S18,42,-23.62907960686391,-46.54845381104431
DSP4,DSP4_T06_S19,42,-23.650805926586717,-46.54296856542429
DSP4,DSP4_T06_S20,42,-23.635769005119396,-46.5027219635962
DSP4,DSP4_T06_S21,42,-23.643845895231223,-46.52745479757591
DSP4,DSP4_T06_S22,42,-23.615709269478078,-46.53887608736872
DSP4,DSP4_T06_S23,42,-23.654149004962285,-46.536943029887006
DSP4,DSP4_T06_S24,42,-23.660554901783403,-46.53100727505315
DSP4,DSP4_T06_S25,42,-23.62796921217436,-46.50555538830424
DSP4,DSP4_T06_S26,42,-23.626015385984303,-46.54836379259851
DSP4,DSP4_T06_S27,42,-23.634654241604913,-46.52718503165344
DSP4,DSP4_T06_S28,42,-23.64495863218233,-46.53667312702838
DSP4,DSP4_T06_S29,42,-23.630751630709177,-46.54544122670617
DSP4,DSP4_T06_S30,42,-23.62963905952677,-46.53622330611133
DSP4,DSP4_T06_S31,42,-23.62016639165847,-46.54206864366687
DSP4,DSP4_T06_S32,42,-23.643007180163927,-46.54580125396671
DSP4,DSP4_T06_S33,42,-23.635207706066403,-46.548633850514285
DSP4,DSP4_T06_S34,42,-23.636325811866293,-46.5241721930554
DSP4,DSP4_T06_S35,42,-23.634374960317533,-46.533300536880226
DSP4,DSP4_T06_S36,42,-23.622951050934017,-46.54827377501214
DSP4,DSP4_T06_S37,42,-23.629918585402947,-46.49642638017382
DSP4,DSP4_T06_S38,42,-23.649414113646163,-46.53986583553598
DSP4,DSP4_T06_S39,42,-23.64022591622276,-46.5059146712703
DSP4,DSP4_T06_S40,42,-23.62685415652823,-46.530017962816274
DSP4,DSP4_T06_S41,42,-23.643286988043947,-46.53968587359163
DSP4,DSP4_T06_S42,42,-23.627133274592865,-46.523902476215234
DSP4,DSP4_T06_S43,42,-23.64078212491373,-46.527364874743085
DSP4,DSP4_T06_S44,42,-23.620725263563266,-46.52983809902815
DSP4,DSP4_T06_S45,42,-23.63465397541935,-46.493503000310284
DSP4,DSP4_T06_S46,42,-23.626854154059686,-46.49633660380803
DSP4,DSP4_T06_S47,42,-23.63549066852347,-46.50883788740968
DSP4,DSP4_T06_S48,42,-23.646070781972675,-46.54589126293029
DSP4,DSP4_T06_S49,42,-23.64078217079277,-46.493682529742856
DSP4,DSP4_T06_S50,42,-23.628525901472063,-46.527005191998384
DSP4,DSP4_T06_S51,42,-23.622954814431544,-46.51459425834852
DSP4,DSP4_T06_S52,42,-23.643289806687473,-46.5060044941564
DSP4,DSP4_T06_S53,42,-23.62044594561108,-46.53595342386898
DSP4,DSP4_T06_S54,42,-23.64551694686098,-46.49075905724376
DSP4,DSP4_T07_S01,42,-23.663252870200367,-46.671913207419735
DSP4,DSP4_T07_S02,42,-23.663252870200367,-46.671913207419735
DSP4,DSP4_T07_S03,42,-23.663252870200367,-46.671913207419735
DSP4,DSP4_T07_S04,42,-23.646550812524346,-46.668358305845906
DSP4,DSP4_T07_S05,42,-23.65100271267823,-46.67155082299635
DSP4,DSP4_T07_S06,42,-23.663252870200367,-46.671913207419735
DSP4,DSP4_T07_S07,42,-23.646550812524346,-46.668358305845906
DSP4,DSP4_T07_S08,42,-23.624822686051758,-46.673837302299525
DSP4,DSP4_T07_S09,42,-23.62678149508735,-46.664712999843175
DSP4,DSP4_T07_S10,42,-23.65100271267823,-46.67155082299635
DSP4,DSP4_T07_S11,42,-23.663252870200367,-46.671913207419735
DSP4,DSP4_T07_S12,42,-23.64822459840882,-46.66534693475607
DSP4,DSP4_T07_S13,42,-23.64822459840882,-46.66534693475607
DSP4,DSP4_T07_S14,42,-23.645161640535775,-46.66525637003384
DSP4,DSP4_T07_S15,42,-23.64181389498655,-46.67127904375314
DSP4,DSP4_T07_S16,42,-23.625927047391162,-46.683051962898844
DSP4,DSP4_T07_S17,42,-23.647939887671978,-46.67146022905108
DSP4,DSP4_T07_S18,42,-23.625107374783347,-46.667724274700994
DSP4,DSP4_T07_S19,42,-23.66909218611058,-46.67820778952977
DSP4,DSP4_T07_S20,42,-23.63875072732966,-46.671188452400436
DSP4,DSP4_T07_S21,42,-23.628705328430737,-46.68925540705572
DSP4,DSP4_T07_S22,42,-23.6448769484377,-46.67136963597001
DSP4,DSP4_T07_S23,42,-23.643487806857088,-46.668267727375905
DSP4,DSP4_T07_S24,42,-23.643487806857088,-46.668267727375905
DSP4,DSP4_T07_S25,42,-23.626496914867737,-46.67082609563124
DSP4,DSP4_T07_S26,42,-23.649613703968072,-46.66844888517998
DSP4,DSP4_T07_S27,42,-23.62817106555775,-46.66781484798674
DSP4,DSP4_T07_S28,42,-23.627886358160325,-46.67392790394107
DSP4,DSP4_T07_S29,42,-23.640709233205275,-46.66206387238711
DSP4,DSP4_T07_S30,42,-23.664356349011243,-46.68112847913161
DSP4,DSP4_T07_S31,42,-23.631234642175528,-46.6679054221365
DSP4,DSP4_T07_S32,42,-23.6273162363183,-46.6861536913321
DSP4,DSP4_T07_S33,42,-23.65823166902847,-46.68094719925875
DSP4,DSP4_T07_S34,42,-23.635972081646845,-46.66498468105084
DSP4,DSP4_T07_S35,42,-23.637361452896513,-46.66808657302811
DSP4,DSP4_T07_S36,42,-23.632908666964422,-46.664894119784385
DSP4,DSP4_T07_S37,42,-23.646835396008328,-46.66224497174275
DSP4,DSP4_T07_S38,42,-23.636220984849203,-46.692538487757105
DSP4,DSP4_T07_S39,42,-23.66603006535542,-46.678117162041644
DSP4,DSP4_T07_S40,42,-23.663252870200367,-46.671913207419735
DSP4,DSP4_T07_S41,42,-23.654350171453174,-46.66552806679249
DSP4,DSP4_T07_S42,42,-23.654065423445328,-46.671641417805844
DSP4,DSP4_T07_S43,42,-23.640139904938433,-46.67429031914975
DSP4,DSP4_T07_S44,42,-23.624537761657162,-46.67995022177405
DSP4,DSP4_T07_S45,42,-23.631768782534206,-46.689346080870465
DSP4,DSP4_T07_S46,42,-23.660475287487632,-46.66570920228487
DSP4,DSP4_T07_S47,42,-23.637930272284912,-46.655859967118246
DSP4,DSP4_T07_S48,42,-23.64209856844366,-46.665165806175565
DSP4,DSP4_T07_S49,42,-23.632339196185004,-46.677120316727155
DSP4,DSP4_T07_S50,42,-23.632054107208898,-46.68323325296689
DSP4,DSP4_T07_S51,42,-23.634298104625493,-46.667995997150285
DSP4,DSP4_T07_S52,42,-23.66296783030766,-46.67802653541802
DSP4,DSP4_T07_S53,42,-23.641528985715006,-46.67739217325791
DSP4,DSP4_T07_S54,42,-23.65128744205166,-46.665437500342286
DSP4,DSP4_T08_S01,42,-23.691975983286788,-46.61459904110105
DSP4,DSP4_T08_S02,42,-23.691975983286788,-46.61459904110105
DSP4,DSP4_T08_S03,42,-23.648277682675484,-46.598003350727446
DSP4,DSP4_T08_S04,42,-23.691975983286788,-46.61459904110105
DSP4,DSP4_T08_S05,42,-23.635718291460254,-46.63742881658994
DSP4,DSP4_T08_S06,42,-23.648277682675484,-46.598003350727446
DSP4,DSP4_T08_S07,42,-23.691975983286788,-46.61459904110105
DSP4,DSP4_T08_S08,42,-23.630981176096036,-46.640349984921514
DSP4,DSP4_T08_S09,42,-23.635718291460254,-46.63742881658994
DSP4,DSP4_T08_S10,42,-23.648277682675484,-46.598003350727446
DSP4,DSP4_T08_S11,42,-23.691975983286788,-46.61459904110105
DSP4,DSP4_T08_S12,42,-23.629591066540282,-46.637247951079964
DSP4,DSP4_T08_S13,42,-23.629591066540282,-46.637247951079964
DSP4,DSP4_T08_S14,42,-23.62820086023022,-46.63414590481329
DSP4,DSP4_T08_S15,42,-23.63404477929381,-46.64044043186263
DSP4,DSP4_T08_S16,42,-23.68667582438806,-46.62974970830387
DSP4,DSP4_T08_S17,42,-23.637108268308427,-46.64053087966674
DSP4,DSP4_T08_S18,42,-23.632654736089606,-46.63733838340353
DSP4,DSP4_T08_S19,42,-23.65829240216422,-46.613605401470664
DSP4,DSP4_T08_S20,42,-23.637108268308427,-46.64053087966674
DSP4,DSP4_T08_S21,42,-23.69169302973025,-46.62071363178093
DSP4,DSP4_T08_S22,42,-23.63906508102276,-46.63140546366125
DSP4,DSP4_T08_S23,42,-23.638781732641075,-46.63751925063923
DSP4,DSP4_T08_S24,42,-23.671671514531464,-46.58950807836384
DSP4,DSP4_T08_S25,42,-23.624029660852777,-46.624839691643494
DSP4,DSP4_T08_S26,42,-23.636001621337325,-46.63131505798688
DSP4,DSP4_T08_S27,42,-23.659682423461625,-46.6167077243114
DSP4,DSP4_T08_S28,42,-23.648277682675484,-46.598003350727446
DSP4,DSP4_T08_S29,42,-23.63237118888961,-46.643452006319805
DSP4,DSP4_T08_S30,42,-23.690020706422615,-46.62372569802768
DSP4,DSP4_T08_S31,42,-23.656902284069446,-46.61050306634131
DSP4,DSP4_T08_S32,42,-23.690303768968334,-46.61761117500459
DSP4,DSP4_T08_S33,42,-23.68585272496524,-46.61441837159114
DSP4,DSP4_T08_S34,42,-23.688064896788745,-46.632852071779894
DSP4,DSP4_T08_S35,42,-23.643234903743547,-46.64071177786394
DSP4,DSP4_T08_S36,42,-23.647687731091942,-46.64390432274116
DSP4,DSP4_T08_S37,42,-23.626810557173695,-46.63104384613957
DSP4,DSP4_T08_S38,42,-23.680294060203288,-46.602008430971274
DSP4,DSP4_T08_S39,42,-23.68333062855605,-46.63577355551818
DSP4,DSP4_T08_S40,42,-23.626810557173695,-46.63104384613957
DSP4,DSP4_T08_S41,42,-23.643518397840456,-46.634598001967504
DSP4,DSP4_T08_S42,42,-23.668609068719316,-46.58941786278897
DSP4,DSP4_T08_S43,42,-23.63739172537466,-46.63441716051755
DSP4,DSP4_T08_S44,42,-23.63682457538337,-46.64664449143104
DSP4,DSP4_T08_S45,42,-23.64797137093308,-46.63779055796446
DSP4,DSP4_T08_S46,42,-23.655229572544567,-46.61351507576756
DSP4,DSP4_T08_S47,42,-23.669717411341686,-46.59863513682408
DSP4,DSP4_T08_S48,42,-23.653013355150904,-46.5950814458046
DSP4,DSP4_T08_S49,42,-23.680835558602226,-46.62345456860787
DSP4,DSP4_T08_S50,42,-23.663310157671162,-46.604569209938916
DSP4,DSP4_T08_S51,42,-23.622921724751507,-46.615623697281926
DSP4,DSP4_T08_S52,42,-23.66441771856299,-46.61378605546296
DSP4,DSP4_T08_S53,42,-23.66526466539463,-46.595442409640015
DSP4,DSP4_T08_S54,42,-23.64295117373625,-46.646825446369334
DSP4,DSP4_T09_S01,42,-23.646512796383824,-46.70202507661559
DSP4,DSP4_T09_S02,42,-23.659334730670334,-46.690162184122514
DSP4,DSP4_T09_S03,42,-23.679951309278973,-46.675468264086106
DSP4,DSP4_T09_S04,42,-23.646512796383824,-46.70202507661559
DSP4,DSP4_T09_S05,42,-23.657374863895466,-46.6992862430493
DSP4,DSP4_T09_S06,42,-23.66072306121791,-46.693264033179204
DSP4,DSP4_T09_S07,42,-23.65766070150152,-46.69317333697382
DSP4,DSP4_T09_S08,42,-23.65766070150152,-46.69317333697382
DSP4,DSP4_T09_S09,42,-23.69105432799553,-46.700284260708244
DSP4,DSP4_T09_S10,42,-23.67158329274236,-46.690524919167146
DSP4,DSP4_T09_S11,42,-23.659049001639936,-46.696275158672165
DSP4,DSP4_T09_S12,42,-23.67350044081561,-46.71506741779538
DSP4,DSP4_T09_S13,42,-23.655700647998792,-46.702297286294815
DSP4,DSP4_T09_S14,42,-23.659049001639936,-46.696275158672165
DSP4,DSP4_T09_S15,42,-23.66545924028279,-46.69034354991488
DSP4,DSP4_T09_S16,42,-23.651778947973742,-46.72054432339953
DSP4,DSP4_T09_S17,42,-23.650391024033436,-46.71744269196856
DSP4,DSP4_T09_S18,42,-23.66268255443949,-46.68413975518561
DSP4,DSP4_T09_S19,42,-23.653209763993978,-46.68998082178994
DSP4,DSP4_T09_S20,42,-23.648716387209127,-46.7204535018267
DSP4,DSP4_T09_S21,42,-23.667949517260464,-46.702660244649465
DSP4,DSP4_T09_S22,42,-23.686891423264115,-46.69097835743546
DSP4,DSP4_T09_S23,42,-23.66407094581726,-46.687241658908974
DSP4,DSP4_T09_S24,42,-23.652065582780995,-46.71443184088321
DSP4,DSP4_T09_S25,42,-23.670195131280547,-46.68742299894582
DSP4,DSP4_T09_S26,42,-23.6479011383321,-46.705126786931885
DSP4,DSP4_T09_S27,42,-23.679951309278973,-46.675468264086106
DSP4,DSP4_T09_S28,42,-23.668521323662247,-46.69043423410852
DSP4,DSP4_T09_S29,42,-23.66239704261512,-46.69025286658621
DSP4,DSP4_T09_S30,42,-23.654598227525796,-46.693082641633495
DSP4,DSP4_T09_S31,42,-23.66847753231058,-46.72410013577356
DSP4,DSP4_T09_S32,42,-23.681584167956448,-46.70612508781182
DSP4,DSP4_T09_S33,42,-23.66153909159801,-46.708591549223215
DSP4,DSP4_T09_S34,42,-23.673786971481757,-46.70895462786963
DSP4,DSP4_T09_S35,42,-23.649575527820726,-46.70211581230994
DSP4,DSP4_T09_S36,42,-23.678236204998026,-46.71214721577526
DSP4,DSP4_T09_S37,42,-23.66876438865542,-46.71798755199185
DSP4,DSP4_T09_S38,42,-23.666847437828267,-46.693445428185214
DSP4,DSP4_T09_S39,42,-23.656802481094903,-46.711511728954804
DSP4,DSP4_T09_S40,42,-23.67101144886632,-46.70275098640172
DSP4,DSP4_T09_S41,42,-23.667418517579264,-46.68121912036496
DSP4,DSP4_T09_S42,42,-23.680768514075595,-46.69079697953305
DSP4,DSP4_T09_S43,42,-23.66627541421392,-46.70567130170125
DSP4,DSP4_T09_S44,42,-23.671868860668887,-46.68441172271291
DSP4,DSP4_T09_S45,42,-23.692155361636676,-46.70949927181063
DSP4,DSP4_T09_S46,42,-23.68938063768566,-46.70329545509034
DSP4,DSP4_T09_S47,42,-23.656272304459584,-46.69007150252376
DSP4,DSP4_T09_S48,42,-23.646798686257682,-46.69591232407839
DSP4,DSP4_T09_S49,42,-23.687993130206426,-46.70019352750329
DSP4,DSP4_T09_S50,42,-23.658763036717716,-46.702388024585346
DSP4,DSP4_T09_S51,42,-23.681297708322415,-46.712238003070006
DSP4,DSP4_T09_S52,42,-23.670151913285046,-46.72108927102477
DSP4,DSP4_T09_S53,42,-23.656515935939133,-46.71762430851234
DSP4,DSP4_T09_S54,42,-23.668235538445874,-46.69654729370187
DSP4,DSP4_T10_S01,42,-23.674187444875937,-46.5681504366183
DSP4,DSP4_T10_S02,42,-23.674187444875937,-46.5681504366183
DSP4,DSP4_T10_S03,42,-23.674187444875937,-46.5681504366183
DSP4,DSP4_T10_S04,42,-23.67252666478786,-46.53748285879966
DSP4,DSP4_T10_S05,42,-23.657212234019813,-46.53703299922469
DSP4,DSP4_T10_S06,42,-23.66640123542909,-46.53730291239231
DSP4,DSP4_T10_S07,42,-23.671405799622377,-46.56194503879513
DSP4,DSP4_T10_S08,42,-23.668904083689178,-46.549624129054
DSP4,DSP4_T10_S09,42,-23.688668890634368,-46.55326718006056
DSP4,DSP4_T10_S10,42,-23.668072464269233,-46.53429002908178
DSP4,DSP4_T10_S11,42,-23.669184163678818,-46.54350855972433
DSP4,DSP4_T10_S12,42,-23.684216046793356,-46.55007429004618
DSP4,DSP4_T10_S13,42,-23.666671518776603,-46.56486754067097
DSP4,DSP4_T10_S14,42,-23.674187444875937,-46.5681504366183
DSP4,DSP4_T10_S15,42,-23.65888360721297,-46.53402015726477
DSP4,DSP4_T10_S16,42,-23.687278096311672,-46.55016432482357
DSP4,DSP4_T10_S17,42,-23.665009626228787,-46.53420007095045
DSP4,DSP4_T10_S18,42,-23.65887403916549,-46.56769986229353
DSP4,DSP4_T10_S19,42,-23.664729927949566,-46.54031575543266
DSP4,DSP4_T10_S20,42,-23.65860394508999,-46.540135784896364
DSP4,DSP4_T10_S21,42,-23.677811233853312,-46.55600977229114
DSP4,DSP4_T10_S22,42,-23.670575482712422,-46.54661136557822
DSP4,DSP4_T10_S23,42,-23.661946673872986,-46.53411011367812
DSP4,DSP4_T10_S24,42,-23.67252666478786,-46.53748285879966
DSP4,DSP4_T10_S25,42,-23.685606907370417,-46.55317713064313
DSP4,DSP4_T10_S26,42,-23.663338349264347,-46.53721294047733
DSP4,DSP4_T10_S27,42,-23.673638055921593,-46.546701382276794
DSP4,DSP4_T10_S28,42,-23.668343214601776,-46.561854951482196
DSP4,DSP4_T10_S29,42,-23.666390620655775,-46.5709827264207
DSP4,DSP4_T10_S30,42,-23.683935639768254,-46.55618989610536
DSP4,DSP4_T10_S31,42,-23.68922928596874,-46.54103567194819
DSP4,DSP4_T10_S32,42,-23.67976285929534,-46.546881418252504
DSP4,DSP4_T10_S33,42,-23.666121409920716,-46.543418558525964
DSP4,DSP4_T10_S34,42,-23.652466942515094,-46.57363464359344
DSP4,DSP4_T10_S35,42,-23.669734151868656,-46.56495764176035
DSP4,DSP4_T10_S36,42,-23.67391804486186,-46.54058571768139
DSP4,DSP4_T10_S37,42,-23.66277849808247,-46.54944407067445
DSP4,DSP4_T10_S38,42,-23.648854189210635,-46.55209660469378
DSP4,DSP4_T10_S39,42,-23.69396206518376,-46.53811269828918
DSP4,DSP4_T10_S40,42,-23.663058541844872,-46.543328558186964
DSP4,DSP4_T10_S41,42,-23.674197797359565,-46.53446994792151
DSP4,DSP4_T10_S42,42,-23.657202090146836,-46.57071234308301
DSP4,DSP4_T10_S43,42,-23.67698052182091,-46.54067570681616
DSP4,DSP4_T10_S44,42,-23.649965304095264,-46.561314445665644
DSP4,DSP4_T10_S45,42,-23.667512795169888,-46.54652134973913
DSP4,DSP4_T10_S46,42,-23.649403708153336,-46.57354450462198
DSP4,DSP4_T10_S47,42,-23.66945323554613,-46.571072855920754
DSP4,DSP4_T10_S48,42,-23.686997671160995,-46.55627995930231
DSP4,DSP4_T10_S49,42,-23.67809160462087,-46.54989422307041
DSP4,DSP4_T10_S50,42,-23.666952180581813,-46.558752249216404
DSP4,DSP4_T10_S51,42,-23.656372211458585,-46.55537936602676
DSP4,DSP4_T10_S52,42,-23.65693246278448,-46.54314856008698
DSP4,DSP4_T10_S53,42,-23.67585907506068,-46.5651378465197
DSP4,DSP4_T10_S54,42,-23.686167266507244,-46.54094567937622
DSP4,DSP4_T11_S01,42,-23.722326357794792,-46.58793907632422
DSP4,DSP4_T11_S02,42,-23.708428687332432,-46.556910425759064
DSP4,DSP4_T11_S03,42,-23.707866873335853,-46.56914177584382
DSP4,DSP4_T11_S04,42,-23.690340031436577,-46.55025436046062
DSP4,DSP4_T11_S05,42,-23.695058795190505,-46.581011976353224
DSP4,DSP4_T11_S06,42,-23.6867170094989,-46.562395488261316
DSP4,DSP4_T11_S07,42,-23.722326357794792,-46.58793907632422
DSP4,DSP4_T11_S08,42,-23.706476828290445,-46.56603892193143
DSP4,DSP4_T11_S09,42,-23.708428687332432,-46.556910425759064
DSP4,DSP4_T11_S10,42,-23.706476828290445,-46.56603892193143
DSP4,DSP4_T11_S11,42,-23.70230611203325,-46.556730288185925
DSP4,DSP4_T11_S12,42,-23.681966170052846,-46.5989961764031
DSP4,DSP4_T11_S13,42,-23.68977890835112,-46.56248558073492
DSP4,DSP4_T11_S14,42,-23.687263763288932,-46.5838441025242
DSP4,DSP4_T11_S15,42,-23.732914408886284,-46.557631010452255
DSP4,DSP4_T11_S16,42,-23.731225254026228,-46.59432515359836
DSP4,DSP4_T11_S17,42,-23.69201109355341,-46.54724150051833
DSP4,DSP4_T11_S18,42,-23.702586627779997,-46.55061451160581
DSP4,DSP4_T11_S19,42,-23.698682947620064,-46.56887140027565
DSP4,DSP4_T11_S20,42,-23.712879939989527,-46.56010342965259
DSP4,DSP4_T11_S21,42,-23.685045602201754,-46.56540816011039
DSP4,DSP4_T11_S22,42,-23.71316063748937,-46.55398760635379
DSP4,DSP4_T11_S23,42,-23.706195693713767,-46.572154477038076
DSP4,DSP4_T11_S24,42,-23.724279262886075,-46.578810953759216
DSP4,DSP4_T11_S25,42,-23.731524639503803,-46.554527962188885
DSP4,DSP4_T11_S26,42,-23.698120296225675,-46.58110215664142
DSP4,DSP4_T11_S27,42,-23.724560743260486,-46.572695334066225
DSP4,DSP4_T11_S28,42,-23.69590236284366,-46.56266576826263
DSP4,DSP4_T11_S29,42,-23.72818347074949,-46.56055386613567
DSP4,DSP4_T11_S30,42,-23.713426084772653,-46.581553070996
DSP4,DSP4_T11_S31,42,-23.74237541562302,-46.55178509783231
DSP4,DSP4_T11_S32,42,-23.73903469392144,-46.557811165226184
DSP4,DSP4_T11_S33,42,-23.72121872573063,-46.578720780357834
DSP4,DSP4_T11_S34,42,-23.681702551747765,-46.57143338252534
DSP4,DSP4_T11_S35,42,-23.703961238003508,-46.587397795745424
DSP4,DSP4_T11_S36,42,-23.72929202655935,-46.56977268228618
DSP4,DSP4_T11_S37,42,-23.698974215202803,-46.52907355541338
DSP4,DSP4_T11_S38,42,-23.751254943518806,-46.591853985605226
DSP4,DSP4_T11_S39,42,-23.748495049316087,-46.55196520091869
DSP4,DSP4_T11_S40,42,-23.688653824112116,-46.5869467522781
DSP4,DSP4_T11_S41,42,-23.69423109989988,-46.56567848144336
DSP4,DSP4_T11_S42,42,-23.707038387473652,-46.55380749462136
DSP4,DSP4_T11_S43,42,-23.681421326214178,-46.57754860447409
DSP4,DSP4_T11_S44,42,-23.75487833388829,-46.5797127351231
DSP4,DSP4_T11_S45,42,-23.741532451575004,-46.5701332191849
DSP4,DSP4_T11_S46,42,-23.69507286611784,-46.547331523233694
DSP4,DSP4_T11_S47,42,-23.717611691736543,-46.557180638568745
DSP4,DSP4_T11_S48,42,-23.73790939278048,-46.582274578733355
DSP4,DSP4_T11_S49,42,-23.76015025504503,-46.59824034670444
DSP4,DSP4_T11_S50,42,-23.69451192521184,-46.55956293425694
DSP4,DSP4_T11_S51,42,-23.688089863261467,-46.59917670136174
DSP4,DSP4_T11_S52,42,-23.701181682833695,-46.581192337790505
DSP4,DSP4_T11_S53,42,-23.70480567921382,-46.569051649793984
DBR9,DBR9_T01_S01,42,-23.50043417091724,-46.74053837058632
DBR9,DBR9_T01_S02,42,-23.491292802644416,-46.86874517183445
DBR9,DBR9_T01_S03,42,-23.486545250072098,-46.87166203068227
DBR9,DBR9_T01_S04,42,-23.494068665358768,-46.87494487363442
DBR9,DBR9_T01_S05,42,-23.495525323198823,-46.844402672879944
DBR9,DBR9_T01_S06,42,-23.481777203439307,-46.71244959408155
DBR9,DBR9_T01_S07,42,-23.484060307563684,-46.859354074266896
DBR9,DBR9_T01_S08,42,-23.491292802644416,-46.86874517183445
DBR9,DBR9_T01_S09,42,-23.47398103346431,-46.877404019006555
DBR9,DBR9_T01_S10,42,-23.493846069521112,-46.847411325316045
DBR9,DBR9_T01_S11,42,-23.486030955730453,-46.85023713551594
DBR9,DBR9_T01_S12,42,-23.493038568344208,-46.83209369177307
DBR9,DBR9_T01_S13,42,-23.477697966517532,-46.83163712131133
DBR9,DBR9_T01_S14,42,-23.496913743513197,-46.84750271310012
DBR9,DBR9_T01_S15,42,-23.48822502669167,-46.868653686484045
DBR9,DBR9_T01_S16,42,-23.49436046498136,-46.86883665805612
DBR9,DBR9_T01_S17,42,-23.47098021782301,-46.84367171148051
DBR9,DBR9_T01_S18,42,-23.495234459725044,-46.85051133733189
DBR9,DBR9_T01_S19,42,-23.486836883667976,-46.865553829485265
DBR9,DBR9_T01_S20,42,-23.46535880558759,-46.86491355832774
DBR9,DBR9_T01_S21,42,-23.465941096750534,-46.85269721449311
DBR9,DBR9_T01_S22,42,-23.48435145367186,-46.853245676762555
DBR9,DBR9_T01_S23,42,-23.443000387929295,-46.88259640983511
DBR9,DBR9_T01_S24,42,-23.492457582634877,-46.84431129965891
DBR9,DBR9_T01_S25,42,-23.47727754799554,-46.742911880126215
DBR9,DBR9_T01_S26,42,-23.480059471072924,-46.749113090151546
DBR9,DBR9_T01_S27,42,-23.472950136863215,-46.83455450643037
DBR9,DBR9_T01_S28,42,-23.48202405573829,-46.73999302911401
DBR9,DBR9_T01_S29,42,-23.434374888755915,-46.87010668037471
DBR9,DBR9_T01_S30,42,-23.481777203439307,-46.71244959408155
DBR9,DBR9_T01_S31,42,-23.463387126951698,-46.87402976820992
DBR9,DBR9_T01_S32,42,-23.49986017386648,-46.752759356708935
DBR9,DBR9_T01_S33,42,-23.455277198887245,-46.882962588303386
DBR9,DBR9_T01_S34,42,-23.475728259356124,-46.84075448014502
DBR9,DBR9_T02_S01,42,-23.472627385536086,-46.644861234989754
DBR9,DBR9_T02_S02,42,-23.472627385536086,-46.644861234989754
DBR9,DBR9_T02_S03,42,-23.481007488109814,-46.62980686930417
DBR9,DBR9_T02_S04,42,-23.472627385536086,-46.644861234989754
DBR9,DBR9_T02_S05,42,-23.491325251106197,-46.63929170746127
DBR9,DBR9_T02_S06,42,-23.49913838016152,-46.636461582666556
DBR9,DBR9_T02_S07,42,-23.502206882634393,-46.636551992510654
DBR9,DBR9_T02_S08,42,-23.494959215778714,-46.62715732928694
DBR9,DBR9_T02_S09,42,-23.481289763408622,-46.62369448980304
DBR9,DBR9_T02_S10,42,-23.483511399638765,-46.64212173992191
DBR9,DBR9_T02_S11,42,-23.481007488109814,-46.62980686930417
DBR9,DBR9_T02_S12,42,-23.498027916696667,-46.627247695292176
DBR9,DBR9_T02_S13,42,-23.496634735251302,-46.6241462381384
DBR9,DBR9_T02_S14,42,-23.496634735251302,-46.6241462381384
DBR9,DBR9_T02_S15,42,-23.496634735251302,-46.6241462381384
DBR9,DBR9_T02_S16,42,-23.496634735251302,-46.6241462381384
DBR9,DBR9_T02_S17,42,-23.480442233854593,-46.64203130689381
DBR9,DBR9_T02_S18,42,-23.496069763999685,-46.636371173684914
DBR9,DBR9_T02_S19,42,-23.4899321906544,-46.636190358308966
DBR9,DBR9_T02_S20,42,-23.469840627788532,-46.63865877853556
DBR9,DBR9_T02_S21,42,-23.4857524310187,-46.62688623644374
DBR9,DBR9_T02_S22,42,-23.488821472928414,-46.626976599862736
DBR9,DBR9_T02_S23,42,-23.494676739452842,-46.633269782895155
DBR9,DBR9_T02_S24,42,-23.47179919722474,-46.62953574555341
DBR9,DBR9_T02_S25,42,-23.468447104407307,-46.635557531658876
DBR9,DBR9_T02_S26,42,-23.472627385536086,-46.644861234989754
DBR9,DBR9_T02_S27,42,-23.488256360091892,-46.639201286455766
DBR9,DBR9_T02_S28,42,-23.48072497825212,-46.635919141713195
DBR9,DBR9_T02_S29,42,-23.484358985073197,-46.62378483774622
DBR9,DBR9_T02_S30,42,-23.484358985073197,-46.62378483774622
DBR9,DBR9_T02_S31,42,-23.472910200522616,-46.63874919436603
DBR9,DBR9_T02_S32,42,-23.491607943465933,-46.63317938938802
DBR9,DBR9_T02_S33,42,-23.482118237129736,-46.639020447032344
DBR9,DBR9_T02_S34,42,-23.467053484698397,-46.63245627237328
DBR9,DBR9_T03_S01,42,-23.526184525426746,-46.649500376069945
DBR9,DBR9_T03_S02,42,-23.530076400128053,-46.66491693132746
DBR9,DBR9_T03_S03,42,-23.484904465771237,-46.64522302036375
DBR9,DBR9_T03_S04,42,-23.522265840365147,-46.667746621238706
DBR9,DBR9_T03_S05,42,-23.520874045157377,-46.66464529698729
DBR9,DBR9_T03_S06,42,-23.498855523880014,-46.6425739180021
DBR9,DBR9_T03_S07,42,-23.52757653821244,-46.65260182147996
DBR9,DBR9_T03_S08,42,-23.52757653821244,-46.65260182147996
DBR9,DBR9_T03_S09,42,-23.511670666311648,-46.66437367041948
DBR9,DBR9_T03_S10,42,-23.528684707160604,-46.66181555067495
DBR9,DBR9_T03_S11,42,-23.500531242146316,-46.639562975653114
DBR9,DBR9_T03_S12,42,-23.51919822741328,-46.667656063579784
DBR9,DBR9_T03_S13,42,-23.51056221100276,-46.65516025122582
DBR9,DBR9_T03_S14,42,-23.524509049153764,-46.65251133340537
DBR9,DBR9_T03_S15,42,-23.478766152877938,-46.64504212595129
DBR9,DBR9_T03_S16,42,-23.497179727849833,-46.645584819541824
DBR9,DBR9_T03_S17,42,-23.503599678454368,-46.63965340010886
DBR9,DBR9_T03_S18,42,-23.47484691827707,-46.66328724186532
DBR9,DBR9_T03_S19,42,-23.505275271406997,-46.63664240321723
DBR9,DBR9_T03_S20,42,-23.48183536613632,-46.64513257272615
DBR9,DBR9_T03_S21,42,-23.525901031665544,-46.655612751695806
DBR9,DBR9_T03_S22,42,-23.50860264588794,-46.66428312995734
DBR9,DBR9_T03_S23,42,-23.511954428146666,-46.6582615839477
DBR9,DBR9_T03_S24,42,-23.530360274254445,-46.65880467475062
DBR9,DBR9_T03_S25,42,-23.477089994214104,-46.648052904188994
DBR9,DBR9_T03_S26,42,-23.505250552684178,-46.67030451226298
DBR9,DBR9_T03_S27,42,-23.494394028460917,-46.63938212932932
DBR9,DBR9_T03_S28,42,-23.526724971981817,-46.67093850601996
DBR9,DBR9_T03_S29,42,-23.526724971981817,-46.67093850601996
DBR9,DBR9_T03_S30,42,-23.501924007713132,-46.64266435620616
DBR9,DBR9_T03_S31,42,-23.524225447297844,-46.658623641029514
DBR9,DBR9_T03_S32,42,-23.470667974671795,-46.653983850995075
DBR9,DBR9_T03_S33,42,-23.521441446315546,-46.65242084619392
DBR9,DBR9_T03_S34,42,-23.513346548816816,-46.66136290412685
DBR9,DBR9_T04_S01,42,-23.491300601202163,-46.672952823883655
DBR9,DBR9_T04_S02,42,-23.491300601202163,-46.672952823883655
DBR9,DBR9_T04_S03,42,-23.49073191378158,-46.68517598031038
DBR9,DBR9_T04_S04,42,-23.52726244772293,-46.69237541208712
DBR9,DBR9_T04_S05,42,-23.491300601202163,-46.672952823883655
DBR9,DBR9_T04_S06,42,-23.5275473692512,-46.68626365626745
DBR9,DBR9_T04_S07,42,-23.52419513747337,-46.69228473933245
DBR9,DBR9_T04_S08,42,-23.529223368537682,-46.68325305315903
DBR9,DBR9_T04_S09,42,-23.53200570398841,-46.68945553723226
DBR9,DBR9_T04_S10,42,-23.52893855500119,-46.689364877349114
DBR9,DBR9_T04_S11,42,-23.513601103455763,-46.688911590901476
DBR9,DBR9_T04_S12,42,-23.484309755178224,-46.6911060722013
DBR9,DBR9_T04_S13,42,-23.529223368537682,-46.68325305315903
DBR9,DBR9_T04_S14,42,-23.530614584543667,-46.686354301549095
DBR9,DBR9_T04_S15,42,-23.525871292224988,-46.68927421833052
DBR9,DBR9_T04_S16,42,-23.53032964419025,-46.69246608570645
DBR9,DBR9_T04_S17,42,-23.523088691578717,-46.68307179266438
DBR9,DBR9_T04_S18,42,-23.50496635896789,-46.676416326163235
DBR9,DBR9_T04_S19,42,-23.52169724644618,-46.679970560791034
DBR9,DBR9_T04_S20,42,-23.516668821275164,-46.68900224646197
DBR9,DBR9_T04_S21,42,-23.522518905010724,-46.695295219257474
DBR9,DBR9_T04_S22,42,-23.525871292224988,-46.68927421833052
DBR9,DBR9_T04_S23,42,-23.526156086948152,-46.68316242247955
DBR9,DBR9_T04_S24,42,-23.528116507885077,-46.674039819661516
DBR9,DBR9_T04_S25,42,-23.496584226887173,-46.69146872344863
DBR9,DBR9_T04_S26,42,-23.52558626272325,-46.695385905747315
DBR9,DBR9_T04_S27,42,-23.51192475887809,-46.69192205696025
DBR9,DBR9_T04_S28,42,-23.51192475887809,-46.69192205696025
DBR9,DBR9_T04_S29,42,-23.500221830107595,-46.67933627850009
DBR9,DBR9_T04_S30,42,-23.50300555161881,-46.68553852513302
DBR9,DBR9_T04_S31,42,-23.520305704784565,-46.67686931624828
DBR9,DBR9_T04_S32,42,-23.520305704784565,-46.67686931624828
DBR9,DBR9_T04_S33,42,-23.491300601202163,-46.672952823883655
DBR9,DBR9_T04_S34,42,-23.52950794725047,-46.67714112066792
DBR9,DBR9_T05_S01,42,-23.533111532854015,-46.69866846417575
DBR9,DBR9_T05_S02,42,-23.533111532854015,-46.69866846417575
DBR9,DBR9_T05_S03,42,-23.501293408295105,-46.72220606998193
DBR9,DBR9_T05_S04,42,-23.499902356090587,-46.71910519417068
DBR9,DBR9_T05_S05,42,-23.499902356090587,-46.71910519417068
DBR9,DBR9_T05_S06,42,-23.499902356090587,-46.71910519417068
DBR9,DBR9_T05_S07,42,-23.501044216255973,-46.694660438041375
DBR9,DBR9_T05_S08,42,-23.533111532854015,-46.69866846417575
DBR9,DBR9_T05_S09,42,-23.518595049915742,-46.7135387739389
DBR9,DBR9_T05_S10,42,-23.504647382603633,-46.716185864627434
DBR9,DBR9_T05_S11,42,-23.532826104029667,-46.70478005951489
DBR9,DBR9_T05_S12,42,-23.53895985251762,-46.70496152441155
DBR9,DBR9_T05_S13,42,-23.525300998462235,-46.701497484593766
DBR9,DBR9_T05_S14,42,-23.52391000001648,-46.698396358313936
DBR9,DBR9_T05_S15,42,-23.502970434229894,-46.719195987913245
DBR9,DBR9_T05_S16,42,-23.502970434229894,-46.719195987913245
DBR9,DBR9_T05_S17,42,-23.512459879106466,-46.713357235308735
DBR9,DBR9_T05_S18,42,-23.52697729141281,-46.69848705940298
DBR9,DBR9_T05_S19,42,-23.52975905907945,-46.704689328364296
DBR9,DBR9_T05_S20,42,-23.501044216255973,-46.694660438041375
DBR9,DBR9_T05_S21,42,-23.501579351823917,-46.716095084612654
DBR9,DBR9_T05_S22,42,-23.533111532854015,-46.69866846417575
DBR9,DBR9_T05_S23,42,-23.491839072714058,-46.69438840191924
DBR9,DBR9_T05_S24,42,-23.511639696856093,-46.69803356260658
DBR9,DBR9_T05_S25,42,-23.53589303517948,-46.70487079153064
DBR9,DBR9_T05_S26,42,-23.523339020911905,-46.71061927023004
DBR9,DBR9_T05_S27,42,-23.515527521378647,-46.7134480041911
DBR9,DBR9_T05_S28,42,-23.52836822353417,-46.70158820028132
DBR9,DBR9_T05_S29,42,-23.51274553713881,-46.707245987316284
DBR9,DBR9_T05_S30,42,-23.49822528280662,-46.72211526251248
DBR9,DBR9_T05_S31,42,-23.52055724153909,-46.70441714010333
DBR9,DBR9_T05_S32,42,-23.52501549946122,-46.707608954733665
DBR9,DBR9_T05_S33,42,-23.540350392429456,-46.70806268347345
DBR9,DBR9_T05_S34,42,-23.50996316672824,-46.701043919130846
DBR9,DBR9_T06_S01,42,-23.50043417091724,-46.74053837058632
DBR9,DBR9_T06_S02,42,-23.526938286802288,-46.732144602810884
DBR9,DBR9_T06_S03,42,-23.50043417091724,-46.74053837058632
DBR9,DBR9_T06_S04,42,-23.528615071782813,-46.72913450723984
DBR9,DBR9_T06_S05,42,-23.528615071782813,-46.72913450723984
DBR9,DBR9_T06_S06,42,-23.532254542015234,-46.717002923709984
DBR9,DBR9_T06_S07,42,-23.526651595371135,-46.73825555569039
DBR9,DBR9_T06_S08,42,-23.53029177914144,-46.7261243703955
DBR9,DBR9_T06_S09,42,-23.53029177914144,-46.7261243703955
DBR9,DBR9_T06_S10,42,-23.535321435342397,-46.71709371238043
DBR9,DBR9_T06_S11,42,-23.531682040975443,-46.729225351686544
DBR9,DBR9_T06_S12,42,-23.523871156443874,-46.732053745504935
DBR9,DBR9_T06_S13,42,-23.52463818625262,-46.78102915148893
DBR9,DBR9_T06_S14,42,-23.540064564145634,-46.71417418640682
DBR9,DBR9_T06_S15,42,-23.53307220618714,-46.732326320021336
DBR9,DBR9_T06_S16,42,-23.519413481568122,-46.72886197909613
DBR9,DBR9_T06_S17,42,-23.533358700931476,-46.72621520111587
DBR9,DBR9_T06_S18,42,-23.521090331094122,-46.72585188343012
DBR9,DBR9_T06_S19,42,-23.538388214862305,-46.7171845019165
DBR9,DBR9_T06_S20,42,-23.53000530338714,-46.73223546098302
DBR9,DBR9_T06_S21,42,-23.50043417091724,-46.74053837058632
DBR9,DBR9_T06_S22,42,-23.528569404580093,-46.76278927029813
DBR9,DBR9_T06_S23,42,-23.528041669906706,-46.74135644127938
DBR9,DBR9_T06_S24,42,-23.519699773530455,-46.7227509329794
DBR9,DBR9_T06_S25,42,-23.541454880563684,-46.71727529231823
DBR9,DBR9_T06_S26,42,-23.52248079206788,-46.72895282094465
DBR9,DBR9_T06_S27,42,-23.523537109746,-46.77181831433981
DBR9,DBR9_T06_S28,42,-23.528328488180907,-46.73524552898955
DBR9,DBR9_T06_S29,42,-23.53699783206988,-46.714083410600615
DBR9,DBR9_T06_S30,42,-23.506856651705476,-46.73460944390445
DBR9,DBR9_T06_S31,42,-23.516875947664037,-46.75020430861517
DBR9,DBR9_T06_S32,42,-23.532785476721983,-46.73843732953033
DBR9,DBR9_T06_S33,42,-23.5305780201814,-46.72001317055071
DBR9,DBR9_T06_S34,42,-23.518022954223504,-46.72576105617352
DBR9,DBR9_T07_S01,42,-23.54291227641839,-46.653054274800475
DBR9,DBR9_T07_S02,42,-23.54291227641839,-46.653054274800475
DBR9,DBR9_T07_S03,42,-23.54291227641839,-46.653054274800475
DBR9,DBR9_T07_S04,42,-23.54291227641839,-46.653054274800475
DBR9,DBR9_T07_S05,42,-23.54291227641839,-46.653054274800475
DBR9,DBR9_T07_S06,42,-23.54291227641839,-46.653054274800475
DBR9,DBR9_T07_S07,42,-23.54291227641839,-46.653054274800475
DBR9,DBR9_T07_S08,42,-23.54291227641839,-46.653054274800475
DBR9,DBR9_T07_S09,42,-23.54291227641839,-46.653054274800475
DBR9,DBR9_T07_S10,42,-23.54458746722331,-46.65004323498278
DBR9,DBR9_T07_S11,42,-23.54458746722331,-46.65004323498278
DBR9,DBR9_T07_S12,42,-23.538170040150078,-46.655974767610495
DBR9,DBR9_T07_S13,42,-23.536778322598582,-46.65287329088272
DBR9,DBR9_T07_S14,42,-23.536778322598582,-46.65287329088272
DBR9,DBR9_T07_S15,42,-23.545979082563214,-46.65314476805417
DBR9,DBR9_T07_S16,42,-23.545979082563214,-46.65314476805417
DBR9,DBR9_T07_S17,42,-23.545979082563214,-46.65314476805417
DBR9,DBR9_T07_S18,42,-23.539845356426436,-46.65296378240999
DBR9,DBR9_T07_S19,42,-23.549045774849663,-46.65323526217109
DBR9,DBR9_T07_S20,42,-23.539845356426436,-46.65296378240999
DBR9,DBR9_T07_S21,42,-23.533711174946127,-46.652782800218624
DBR9,DBR9_T07_S22,42,-23.53203576352106,-46.655793757926574
DBR9,DBR9_T07_S23,42,-23.53203576352106,-46.655793757926574
DBR9,DBR9_T07_S24,42,-23.540128816693656,-46.646851225383195
DBR9,DBR9_T07_S25,42,-23.53510295874452,-46.655884262336876
DBR9,DBR9_T07_S26,42,-23.53510295874452,-46.655884262336876
DBR9,DBR9_T07_S27,42,-23.538453608586398,-46.649862278559546
DBR9,DBR9_T07_S28,42,-23.541520594826153,-46.649952756339616
DBR9,DBR9_T07_S29,42,-23.532319294624173,-46.64968132558864
DBR9,DBR9_T07_S30,42,-23.535386508515327,-46.649771801642565
DBR9,DBR9_T07_S31,42,-23.530643913480326,-46.65269231041772
DBR9,DBR9_T07_S32,42,-23.537061764214315,-46.64676076221419
DBR9,DBR9_T07_S33,42,-23.533994597908197,-46.64667029990813
DBR9,DBR9_T07_S34,42,-23.524792416141793,-46.6463989181676
DBR9,DBR9_T08_S01,42,-23.555717685922275,-46.67485514813922
DBR9,DBR9_T08_S02,42,-23.53760219837222,-46.668199422489266
DBR9,DBR9_T08_S03,42,-23.53899356571756,-46.671300807171264
DBR9,DBR9_T08_S04,42,-23.53899356571756,-46.671300807171264
DBR9,DBR9_T08_S05,42,-23.53592658799947,-46.67121023058762
DBR9,DBR9_T08_S06,42,-23.53592658799947,-46.67121023058762
DBR9,DBR9_T08_S07,42,-23.547370601346753,-46.65624628861123
DBR9,DBR9_T08_S08,42,-23.53342751703852,-46.658895192906265
DBR9,DBR9_T08_S09,42,-23.534535154375337,-46.66810886051165
DBR9,DBR9_T08_S10,42,-23.534535154375337,-46.66810886051165
DBR9,DBR9_T08_S11,42,-23.54876202356604,-46.65934779663586
DBR9,DBR9_T08_S12,42,-23.539561661161894,-46.65907623180779
DBR9,DBR9_T08_S13,42,-23.544303861462453,-46.656155780747646
DBR9,DBR9_T08_S14,42,-23.536494646011423,-46.65898571192531
DBR9,DBR9_T08_S15,42,-23.541237007726476,-46.6560652737474
DBR9,DBR9_T08_S16,42,-23.541237007726476,-46.6560652737474
DBR9,DBR9_T08_S17,42,-23.534250899815316,-46.674220997719566
DBR9,DBR9_T08_S18,42,-23.533143624204527,-46.66500747783476
DBR9,DBR9_T08_S19,42,-23.533143624204527,-46.66500747783476
DBR9,DBR9_T08_S20,42,-23.54262856247865,-46.659166752553695
DBR9,DBR9_T08_S21,42,-23.542060429606288,-46.67139138461881
DBR9,DBR9_T08_S22,42,-23.54402002067506,-46.66226821881076
DBR9,DBR9_T08_S23,42,-23.540384836500134,-46.67440217923359
DBR9,DBR9_T08_S24,42,-23.537317925069036,-46.67431158804457
DBR9,DBR9_T08_S25,42,-23.54569534995046,-46.659257274163046
DBR9,DBR9_T08_S26,42,-23.54569534995046,-46.659257274163046
DBR9,DBR9_T08_S27,42,-23.536210734472,-46.66509802520571
DBR9,DBR9_T08_S28,42,-23.55265134377313,-46.67476455262998
DBR9,DBR9_T08_S29,42,-23.53788623673896,-46.66208714896582
DBR9,DBR9_T08_S30,42,-23.531467996564924,-46.668018299397794
DBR9,DBR9_T08_S31,42,-23.540953185626133,-46.66217768345651
DBR9,DBR9_T08_S32,42,-23.534819174024804,-46.661996615338666
DBR9,DBR9_T08_S33,42,-23.54345163409734,-46.67449277128663
DBR9,DBR9_T08_S34,42,-23.540953185626133,-46.66217768345651
DBR9,DBR9_T09_S01,42,-23.533966410363934,-46.68033302682614
DBR9,DBR9_T09_S02,42,-23.554042252758975,-46.677865970474656
DBR9,DBR9_T09_S03,42,-23.554042252758975,-46.677865970474656
DBR9,DBR9_T09_S04,42,-23.532290536336035,-46.68334368470284
DBR9,DBR9_T09_S05,42,-23.532290536336035,-46.68334368470284
DBR9,DBR9_T09_S06,42,-23.53564220661305,-46.67732232793479
DBR9,DBR9_T09_S07,42,-23.55236674174032,-46.680876751805926
DBR9,DBR9_T09_S08,42,-23.55236674174032,-46.680876751805926
DBR9,DBR9_T09_S09,42,-23.542882307643726,-46.68671689132028
DBR9,DBR9_T09_S10,42,-23.535357590331937,-46.683434317110994
DBR9,DBR9_T09_S11,42,-23.535357590331937,-46.683434317110994
DBR9,DBR9_T09_S12,42,-23.537033416848622,-46.68042364549547
DBR9,DBR9_T09_S13,42,-23.537033416848622,-46.68042364549547
DBR9,DBR9_T09_S14,42,-23.537033416848622,-46.68042364549547
DBR9,DBR9_T09_S15,42,-23.540100309512862,-46.68051426502903
DBR9,DBR9_T09_S16,42,-23.540100309512862,-46.68051426502903
DBR9,DBR9_T09_S17,42,-23.53089929007008,-46.68024240902106
DBR9,DBR9_T09_S18,42,-23.53870916557613,-46.67741293286441
DBR9,DBR9_T09_S19,42,-23.541491356871358,-46.68361558452036
DBR9,DBR9_T09_S20,42,-23.53842453051414,-46.6835249503835
DBR9,DBR9_T09_S21,42,-23.55543306513353,-46.68096737566088
DBR9,DBR9_T09_S22,42,-23.55543306513353,-46.68096737566088
DBR9,DBR9_T09_S23,42,-23.53870916557613,-46.67741293286441
DBR9,DBR9_T09_S24,42,-23.533681686040424,-46.68644494769519
DBR9,DBR9_T09_S25,42,-23.54594895384499,-46.686807540924285
DBR9,DBR9_T09_S26,42,-23.54177601071204,-46.677503538658144
DBR9,DBR9_T09_S27,42,-23.532575133834076,-46.6772317238693
DBR9,DBR9_T09_S28,42,-23.536748673730198,-46.68653559470574
DBR9,DBR9_T09_S29,42,-23.536748673730198,-46.68653559470574
DBR9,DBR9_T09_S30,42,-23.53507273917538,-46.689546197979986
DBR9,DBR9_T09_S31,42,-23.55543306513353,-46.68096737566088
DBR9,DBR9_T09_S32,42,-23.549300304470393,-46.68078612881529
DBR9,DBR9_T09_S33,42,-23.539815547601723,-46.686626242580765
DBR9,DBR9_T09_S34,42,-23.553757523825393,-46.683978129711676
DBR9,DBR9_T10_S01,42,-23.551004278424088,-46.6441114848071
DBR9,DBR9_T10_S02,42,-23.547937615114925,-46.64402103279834
DBR9,DBR9_T10_S03,42,-23.547937615114925,-46.64402103279834
DBR9,DBR9_T10_S04,42,-23.55267918784952,-46.64110030872187
DBR9,DBR9_T10_S05,42,-23.546262580126932,-46.64703215431014
DBR9,DBR9_T10_S06,42,-23.546262580126932,-46.64703215431014
DBR9,DBR9_T10_S07,42,-23.546262580126932,-46.64703215431014
DBR9,DBR9_T10_S08,42,-23.546262580126932,-46.64703215431014
DBR9,DBR9_T10_S09,42,-23.54319575533495,-46.64694168941518
DBR9,DBR9_T10_S10,42,-23.54932929105835,-46.64712262006809
DBR9,DBR9_T10_S11,42,-23.54765422576662,-46.650133714489044
DBR9,DBR9_T10_S12,42,-23.54765422576662,-46.650133714489044
DBR9,DBR9_T10_S13,42,-23.54319575533495,-46.64694168941518
DBR9,DBR9_T10_S14,42,-23.54180394690602,-46.64384013136945
DBR9,DBR9_T10_S15,42,-23.55072087044482,-46.65022419485842
DBR9,DBR9_T10_S16,42,-23.55072087044482,-46.65022419485842
DBR9,DBR9_T10_S17,42,-23.540128816693656,-46.646851225383195
DBR9,DBR9_T10_S18,42,-23.549612572172983,-46.64100987046318
DBR9,DBR9_T10_S19,42,-23.549612572172983,-46.64100987046318
DBR9,DBR9_T10_S20,42,-23.54208706394695,-46.637727398973205
DBR9,DBR9_T10_S21,42,-23.54487083793848,-46.64393058165246
DBR9,DBR9_T10_S22,42,-23.551287451286793,-46.63799866732049
DBR9,DBR9_T10_S23,42,-23.533168478204022,-46.63134338380104
DBR9,DBR9_T10_S24,42,-23.540412041944453,-46.640738560863696
DBR9,DBR9_T10_S25,42,-23.546545842622447,-46.64091943306727
DBR9,DBR9_T10_S26,42,-23.537627942455,-46.63453538254457
DBR9,DBR9_T10_S27,42,-23.528425990399285,-46.63426416838969
DBR9,DBR9_T10_S28,42,-23.54682887003066,-46.63480660446188
DBR9,DBR9_T10_S29,42,-23.55072087044482,-46.65022419485842
DBR9,DBR9_T10_S30,42,-23.525358445437735,-46.634173765396326
DBR9,DBR9_T10_S31,42,-23.54069503215969,-46.63462578898784
DBR9,DBR9_T10_S32,42,-23.535669823318074,-46.64365923339199
DBR9,DBR9_T10_S33,42,-23.552962252442054,-46.63498742338604
DBR9,DBR9_T10_S34,42,-23.529818287022742,-46.637365719920204
DBR9,DBR9_T10_S35,42,-23.53595290313366,-46.6375465577215
DBR9,DBR9_T11_S01,42,-23.54922061182186,-46.74810376787994
DBR9,DBR9_T11_S02,42,-23.54922061182186,-46.74810376787994
DBR9,DBR9_T11_S03,42,-23.54447755839882,-46.751022804378046
DBR9,DBR9_T11_S04,42,-23.54922061182186,-46.74810376787994
DBR9,DBR9_T11_S05,42,-23.53441498379856,-46.7690817611138
DBR9,DBR9_T11_S06,42,-23.54447755839882,-46.751022804378046
DBR9,DBR9_T11_S07,42,-23.54922061182186,-46.74810376787994
DBR9,DBR9_T11_S08,42,-23.53441498379856,-46.7690817611138
DBR9,DBR9_T11_S09,42,-23.534702905718976,-46.76297127232877
DBR9,DBR9_T11_S10,42,-23.54447755839882,-46.751022804378046
DBR9,DBR9_T11_S11,42,-23.570152882924695,-46.72730523730962
DBR9,DBR9_T11_S12,42,-23.552044215255638,-46.720648805526935
DBR9,DBR9_T11_S13,42,-23.537769485599654,-46.763062274645144
DBR9,DBR9_T11_S14,42,-23.540259796592018,-46.77537425837658
DBR9,DBR9_T11_S15,42,-23.535227423146612,-46.78440305115176
DBR9,DBR9_T11_S16,42,-23.5399713670489,-46.78148458318119
DBR9,DBR9_T11_S17,42,-23.54922061182186,-46.74810376787994
DBR9,DBR9_T11_S18,42,-23.536380087632942,-46.759961480622025
DBR9,DBR9_T11_S19,42,-23.543326110548016,-46.77546531902518
DBR9,DBR9_T11_S20,42,-23.5567419817391,-46.75138660281275
DBR9,DBR9_T11_S21,42,-23.54280065658533,-46.75403273407164
DBR9,DBR9_T11_S22,42,-23.533313441291508,-46.75987049289036
DBR9,DBR9_T11_S23,42,-23.53134830926458,-46.76899073136522
DBR9,DBR9_T11_S24,42,-23.557029333048543,-46.74527558602736
DBR9,DBR9_T11_S25,42,-23.558176389204625,-46.72083042331228
DBR9,DBR9_T11_S26,42,-23.54313118239614,-46.71426496307857
DBR9,DBR9_T11_S27,42,-23.538582416288694,-46.778383897509634
DBR9,DBR9_T11_S28,42,-23.546154382597482,-46.74801283329282
DBR9,DBR9_T11_S29,42,-23.54979474953005,-46.73588165652348
DBR9,DBR9_T11_S30,42,-23.53354981033661,-46.78741256562935
DBR9,DBR9_T11_S31,42,-23.55003466693462,-46.763426292584604
DBR9,DBR9_T11_S32,42,-23.5550652694866,-46.75439658738787
DBR9,DBR9_T11_S33,42,-23.53829387902321,-46.784494152937995
DBR9,DBR9_T11_S34,42,-23.540547991473176,-46.769263823213805
DBR9,DBR9_T12_S01,42,-23.533111532854015,-46.69866846417575
DBR9,DBR9_T12_S02,42,-23.553472559861184,-46.69009018062299
DBR9,DBR9_T12_S03,42,-23.544273161822122,-46.6898181854107
DBR9,DBR9_T12_S04,42,-23.545663919398613,-46.69291946677354
DBR9,DBR9_T12_S05,42,-23.545663919398613,-46.69291946677354
DBR9,DBR9_T12_S06,42,-23.548730432935827,-46.69301014558114
DBR9,DBR9_T12_S07,42,-23.548730432935827,-46.69301014558114
DBR9,DBR9_T12_S08,42,-23.54733974169544,-46.68990884961683
DBR9,DBR9_T12_S09,42,-23.54733974169544,-46.68990884961683
DBR9,DBR9_T12_S10,42,-23.550406207712214,-46.68999951468759
DBR9,DBR9_T12_S11,42,-23.550406207712214,-46.68999951468759
DBR9,DBR9_T12_S12,42,-23.55151152555494,-46.69921269925266
DBR9,DBR9_T12_S13,42,-23.562670932988897,-46.69036218361716
DBR9,DBR9_T12_S14,42,-23.562670932988897,-46.69036218361716
DBR9,DBR9_T12_S15,42,-23.56238567756151,-46.696474211081615
DBR9,DBR9_T12_S16,42,-23.53339672686403,-46.692556760190456
DBR9,DBR9_T12_S17,42,-23.56545155531401,-46.69656490881451
DBR9,DBR9_T12_S18,42,-23.54398801931807,-46.69593004284716
DBR9,DBR9_T12_S19,42,-23.554863118415778,-46.6931915057906
DBR9,DBR9_T12_S20,42,-23.56070998481058,-46.69948482846839
DBR9,DBR9_T12_S21,42,-23.549015486194218,-46.6868981913928
DBR9,DBR9_T12_S22,42,-23.547054580365366,-46.6960207353907
DBR9,DBR9_T12_S23,42,-23.540921344427694,-46.695839351168466
DBR9,DBR9_T12_S24,42,-23.536463695733016,-46.69264743553916
DBR9,DBR9_T12_S25,42,-23.551796832611963,-46.69310082525349
DBR9,DBR9_T12_S26,42,-23.568517319144703,-46.696655607412346
DBR9,DBR9_T12_S27,42,-23.54120646810349,-46.6897275220692
DBR9,DBR9_T12_S28,42,-23.540635985863247,-46.70195107168194
DBR9,DBR9_T12_S29,42,-23.554577792525283,-46.69930340812623
DBR9,DBR9_T12_S30,42,-23.559604922510776,-46.690271515087765
DBR9,DBR9_T12_S31,42,-23.5450931457139,-46.70514299276894
DBR9,DBR9_T12_S32,42,-23.5375692159973,-46.70186035253422
DBR9,DBR9_T12_S33,42,-23.559319685898465,-46.696383514213636
DBR9,DBR9_T12_S34,42,-23.531720636810483,-46.69556728132136
DBR9,DBR9_T13_S01,42,-23.555717685922275,-46.67485514813922
DBR9,DBR9_T13_S02,42,-23.555717685922275,-46.67485514813922
DBR9,DBR9_T13_S03,42,-23.552112353266455,-46.653325757151244
DBR9,DBR9_T13_S04,42,-23.552112353266455,-46.653325757151244
DBR9,DBR9_T13_S05,42,-23.55350373951532,-46.656427306928435
DBR9,DBR9_T13_S06,42,-23.55350373951532,-46.656427306928435
DBR9,DBR9_T13_S07,42,-23.55350373951532,-46.656427306928435
DBR9,DBR9_T13_S08,42,-23.56045922189223,-46.67193486744658
DBR9,DBR9_T13_S09,42,-23.56045922189223,-46.67193486744658
DBR9,DBR9_T13_S10,42,-23.560743518136725,-46.66582243526581
DBR9,DBR9_T13_S11,42,-23.556570137777086,-46.6565178173821
DBR9,DBR9_T13_S12,42,-23.556570137777086,-46.6565178173821
DBR9,DBR9_T13_S13,42,-23.55963642214217,-46.656608328699136
DBR9,DBR9_T13_S14,42,-23.55935248795216,-46.662720908535775
DBR9,DBR9_T13_S15,42,-23.55489502918356,-46.65952884417191
DBR9,DBR9_T13_S16,42,-23.564093683407,-46.6598004219522
DBR9,DBR9_T13_S17,42,-23.565484677601553,-46.662901990471084
DBR9,DBR9_T13_S18,42,-23.56102757924122,-46.65970989516193
DBR9,DBR9_T13_S19,42,-23.56102757924122,-46.65970989516193
DBR9,DBR9_T13_S20,42,-23.557677318746514,-46.6657318809853
DBR9,DBR9_T13_S21,42,-23.563809603616686,-46.665912990410064
DBR9,DBR9_T13_S22,42,-23.563809603616686,-46.665912990410064
DBR9,DBR9_T13_S23,42,-23.56045922189223,-46.67193486744658
DBR9,DBR9_T13_S24,42,-23.559068318625474,-46.668833380519
DBR9,DBR9_T13_S25,42,-23.56241863973535,-46.662811449071604
DBR9,DBR9_T13_S26,42,-23.56241863973535,-46.662811449071604
DBR9,DBR9_T13_S27,42,-23.562134451708808,-46.66892394940717
DBR9,DBR9_T13_S28,42,-23.55796136116299,-46.65961936923517
DBR9,DBR9_T13_S29,42,-23.556286222263246,-46.66263036886356
DBR9,DBR9_T13_S30,42,-23.553219842679823,-46.66253983005497
DBR9,DBR9_T13_S31,42,-23.551828583314162,-46.659438319972146
DBR9,DBR9_T13_S32,42,-23.56270259259935,-46.65669884087957
DBR9,DBR9_T13_S33,42,-23.56270259259935,-46.65669884087957
DBR9,DBR9_T13_S34,42,-23.550437227368135,-46.656336797338156
DBR9,DBR9_T14_S01,42,-23.55378740124668,-46.65031467609093
DBR9,DBR9_T14_S02,42,-23.55517881780235,-46.653416252994646
DBR9,DBR9_T14_S03,42,-23.55517881780235,-46.653416252994646
DBR9,DBR9_T14_S04,42,-23.55517881780235,-46.653416252994646
DBR9,DBR9_T14_S05,42,-23.552112353266455,-46.653325757151244
DBR9,DBR9_T14_S06,42,-23.562986310281637,-46.650586124967326
DBR9,DBR9_T14_S07,42,-23.564661137413285,-46.647574961803166
DBR9,DBR9_T14_S08,42,-23.564661137413285,-46.647574961803166
DBR9,DBR9_T14_S09,42,-23.56494451159094,-46.64146207038459
DBR9,DBR9_T14_S10,42,-23.552395888117953,-46.64721308668905
DBR9,DBR9_T14_S11,42,-23.563269792763034,-46.64447330147121
DBR9,DBR9_T14_S12,42,-23.563269792763034,-46.64447330147121
DBR9,DBR9_T14_S13,42,-23.566335886567135,-46.64456375779456
DBR9,DBR9_T14_S14,42,-23.566335886567135,-46.64456375779456
DBR9,DBR9_T14_S15,42,-23.556853818160914,-46.65040515818658
DBR9,DBR9_T14_S16,42,-23.561594995953396,-46.64748449173007
DBR9,DBR9_T14_S17,42,-23.56605238546562,-46.65067660965246
DBR9,DBR9_T14_S18,42,-23.558245168446113,-46.653506749701315
DBR9,DBR9_T14_S19,42,-23.558245168446113,-46.653506749701315
DBR9,DBR9_T14_S20,42,-23.55992012117632,-46.65049564114537
DBR9,DBR9_T14_S21,42,-23.55992012117632,-46.65049564114537
DBR9,DBR9_T14_S22,42,-23.567727164945136,-46.64766543273932
DBR9,DBR9_T14_S23,42,-23.567727164945136,-46.64766543273932
DBR9,DBR9_T14_S24,42,-23.558812077535677,-46.64128118782762
DBR9,DBR9_T14_S25,42,-23.55992012117632,-46.65049564114537
DBR9,DBR9_T14_S26,42,-23.561311405186494,-46.65359724727126
DBR9,DBR9_T14_S27,42,-23.561311405186494,-46.65359724727126
DBR9,DBR9_T14_S28,42,-23.55435401932036,-46.63808909182822
DBR9,DBR9_T14_S29,42,-23.567727164945136,-46.64766543273932
DBR9,DBR9_T14_S30,42,-23.555745689640837,-46.641190747843346
DBR9,DBR9_T14_S31,42,-23.56187835152279,-46.64137162867469
DBR9,DBR9_T14_S32,42,-23.554070827854726,-46.644201937678744
DBR9,DBR9_T14_S33,42,-23.560203585035445,-46.6443828460108
DBR9,DBR9_T14_S34,42,-23.55742047346198,-46.63817951719864
DBR9,DBR9_T15_S01,42,-23.50801762451797,-46.87230254223455
DBR9,DBR9_T15_S02,42,-23.50801762451797,-46.87230254223455
DBR9,DBR9_T15_S03,42,-23.50801762451797,-46.87230254223455
DBR9,DBR9_T15_S04,42,-23.50801762451797,-46.87230254223455
DBR9,DBR9_T15_S05,42,-23.50801762451797,-46.87230254223455
DBR9,DBR9_T15_S06,42,-23.600400595941714,-46.93011799489986
DBR9,DBR9_T15_S07,42,-23.613983800716277,-46.83875636517985
DBR9,DBR9_T15_S08,42,-23.59494438332718,-46.88407437497129
DBR9,DBR9_T15_S09,42,-23.50801762451797,-46.87230254223455
DBR9,DBR9_T15_S10,42,-23.613983800716277,-46.83875636517985
DBR9,DBR9_T15_S11,42,-23.600400595941714,-46.93011799489986
DBR9,DBR9_T15_S12,42,-23.59238626666026,-46.90540927318579
DBR9,DBR9_T15_S13,42,-23.51882229326552,-46.90320943698739
DBR9,DBR9_T15_S14,42,-23.519115313353804,-46.89710148903887
DBR9,DBR9_T15_S15,42,-23.618778811516496,-46.93066872572214
DBR9,DBR9_T15_S16,42,-23.59494438332718,-46.88407437497129
DBR9,DBR9_T15_S17,42,-23.5057536414358,-46.88752725945861
DBR9,DBR9_T15_S18,42,-23.50801762451797,-46.87230254223455
DBR9,DBR9_T15_S19,42,-23.534521551336546,-46.86391736301528
DBR9,DBR9_T15_S20,42,-23.61558832248057,-46.869396352960656
DBR9,DBR9_T15_S21,42,-23.611940040598768,-46.88152345257308
DBR9,DBR9_T15_S22,42,-23.529776336757756,-46.86683449985964
DBR9,DBR9_T15_S23,42,-23.603042559852558,-46.875139606727785
DBR9,DBR9_T15_S24,42,-23.61092041417266,-46.83866500084319
DBR9,DBR9_T15_S25,42,-23.547880110437717,-46.87349217697878
DBR9,DBR9_T15_S26,42,-23.594064932429223,-46.902400802773755
DBR9,DBR9_T15_S27,42,-23.638636665386485,-46.99549097519071
DBR9,DBR9_T15_S28,42,-23.611269029913647,-46.92738508739375
DBR9,DBR9_T15_S29,42,-23.594143700734254,-46.86875582563109
DBR9,DBR9_T15_S30,42,-23.540653617738233,-46.86410030423015
DBR9,DBR9_T15_S31,42,-23.60522745787894,-46.89355837131198
DBR9,DBR9_T15_S32,42,-23.576772218859894,-46.9110593036296
DBR9,DBR9_T15_S33,42,-23.53948477434864,-46.88853463571219
DBR9,DBR9_T15_S34,42,-23.539777336748777,-46.88242622181683
DBR9,DBR9_T16_S01,42,-23.558783914181284,-46.674945744512534
DBR9,DBR9_T16_S02,42,-23.557108528590277,-46.67795658058923
DBR9,DBR9_T16_S03,42,-23.557108528590277,-46.67795658058923
DBR9,DBR9_T16_S04,42,-23.57885391348749,-46.672478381377715
DBR9,DBR9_T16_S05,42,-23.56185002853891,-46.67503634174995
DBR9,DBR9_T16_S06,42,-23.581919296571442,-46.672568970057014
DBR9,DBR9_T16_S07,42,-23.581919296571442,-46.672568970057014
DBR9,DBR9_T16_S08,42,-23.562955953327364,-46.68425004768155
DBR9,DBR9_T16_S09,42,-23.557108528590277,-46.67795658058923
DBR9,DBR9_T16_S10,42,-23.561280476845994,-46.68726080191219
DBR9,DBR9_T16_S11,42,-23.561280476845994,-46.68726080191219
DBR9,DBR9_T16_S12,42,-23.580244322126884,-46.67557994332102
DBR9,DBR9_T16_S13,42,-23.580244322126884,-46.67557994332102
DBR9,DBR9_T16_S14,42,-23.56017469052692,-46.678047191568005
DBR9,DBR9_T16_S15,42,-23.567412288767436,-46.68744211235925
DBR9,DBR9_T16_S16,42,-23.58330963886047,-46.67567054660741
DBR9,DBR9_T16_S17,42,-23.55988992406002,-46.684159407493816
DBR9,DBR9_T16_S18,42,-23.55988992406002,-46.684159407493816
DBR9,DBR9_T16_S19,42,-23.561565370244903,-46.68114862596371
DBR9,DBR9_T16_S20,42,-23.561565370244903,-46.68114862596371
DBR9,DBR9_T16_S21,42,-23.564631351940566,-46.68123925241163
DBR9,DBR9_T16_S22,42,-23.564631351940566,-46.68123925241163
DBR9,DBR9_T16_S23,42,-23.558499274638816,-46.68105800038013
DBR9,DBR9_T16_S24,42,-23.56602186867978,-46.68434068873375
DBR9,DBR9_T16_S25,42,-23.56602186867978,-46.68434068873375
DBR9,DBR9_T16_S26,42,-23.56324073855765,-46.678137803411
DBR9,DBR9_T16_S27,42,-23.564346439766442,-46.68735145670343
DBR9,DBR9_T16_S28,42,-23.56573682955427,-46.69045285301125
DBR9,DBR9_T16_S29,42,-23.56880261219566,-46.69054352327004
DBR9,DBR9_T16_S30,42,-23.563525288660497,-46.672025450941746
DBR9,DBR9_T16_S31,42,-23.563525288660497,-46.672025450941746
DBR9,DBR9_T16_S32,42,-23.570478023837723,-46.687532768879656
DBR9,DBR9_T16_S33,42,-23.56324073855765,-46.678137803411
DBR9,DBR9_T16_S34,42,-23.575788416428097,-46.67238779356246
DBR9,DBR9_T17_S01,42,-23.568576637472255,-46.629326351377635
DBR9,DBR9_T17_S02,42,-23.562444356992547,-46.629145580566686
DBR9,DBR9_T17_S03,42,-23.56607565568567,-46.617009432264474
DBR9,DBR9_T17_S04,42,-23.56996820004116,-46.63242813231626
DBR9,DBR9_T17_S05,42,-23.56996820004116,-46.63242813231626
DBR9,DBR9_T17_S06,42,-23.56551055419966,-46.629235965540985
DBR9,DBR9_T17_S07,42,-23.567184978320075,-46.626224558062404
DBR9,DBR9_T17_S08,42,-23.558268692460405,-46.61984025126944
DBR9,DBR9_T17_S09,42,-23.56216147187554,-46.635258658241455
DBR9,DBR9_T17_S10,42,-23.565227650526097,-46.63534907158508
DBR9,DBR9_T17_S11,42,-23.568859324393657,-46.623213109852685
DBR9,DBR9_T17_S12,42,-23.554636975624444,-46.631976138675675
DBR9,DBR9_T17_S13,42,-23.57499118614092,-46.62339382736717
DBR9,DBR9_T17_S14,42,-23.560769807152138,-46.63215693354449
DBR9,DBR9_T17_S15,42,-23.581405117591625,-46.617461086325335
DBR9,DBR9_T17_S16,42,-23.55324508187643,-46.6288744308179
DBR9,DBR9_T17_S17,42,-23.559660677191474,-46.62294204004701
DBR9,DBR9_T17_S18,42,-23.576947738837045,-46.61426883804858
DBR9,DBR9_T17_S19,42,-23.556028772822277,-46.635077834141946
DBR9,DBR9_T17_S20,42,-23.56996820004116,-46.63242813231626
DBR9,DBR9_T17_S21,42,-23.563836052046714,-46.632247332272605
DBR9,DBR9_T17_S22,42,-23.559943073272795,-46.61682877667352
DBR9,DBR9_T17_S23,42,-23.57025101388814,-46.62631493014426
DBR9,DBR9_T17_S24,42,-23.559378045862147,-46.62905519645475
DBR9,DBR9_T17_S25,42,-23.56774986300478,-46.6139978894725
DBR9,DBR9_T17_S26,42,-23.57331693550377,-46.62640530308837
DBR9,DBR9_T17_S27,42,-23.576382743155712,-46.62649567689477
DBR9,DBR9_T17_S28,42,-23.572490017068993,-46.61107660758563
DBR9,DBR9_T17_S29,42,-23.576665358696253,-46.62038231092887
DBR9,DBR9_T17_S30,42,-23.573599532534104,-46.620291965497216
DBR9,DBR9_T17_S31,42,-23.563291600738395,-46.61080570545693
DBR9,DBR9_T17_S32,42,-23.562727006854733,-46.623032395786765
DBR9,DBR9_T17_S33,42,-23.57192531224686,-46.62330346817884
DBR9,DBR9_T17_S34,42,-23.578339453155493,-46.617370753789295
DBR9,DBR9_T18_S01,42,-23.570509431874974,-46.65386874516083
DBR9,DBR9_T18_S02,42,-23.576924563860256,-46.64793685072631
DBR9,DBR9_T18_S03,42,-23.569118346717044,-46.65076709520078
DBR9,DBR9_T18_S04,42,-23.569118346717044,-46.65076709520078
DBR9,DBR9_T18_S05,42,-23.569118346717044,-46.65076709520078
DBR9,DBR9_T18_S06,42,-23.56744353691216,-46.653778245001
DBR9,DBR9_T18_S07,42,-23.56744353691216,-46.653778245001
DBR9,DBR9_T18_S08,42,-23.5671596736491,-46.659890949606016
DBR9,DBR9_T18_S09,42,-23.57218419402469,-46.65085758161229
DBR9,DBR9_T18_S10,42,-23.570793078537744,-46.647755904538556
DBR9,DBR9_T18_S11,42,-23.573858878179852,-46.647846377200885
DBR9,DBR9_T18_S12,42,-23.573858878179852,-46.647846377200885
DBR9,DBR9_T18_S13,42,-23.573858878179852,-46.647846377200885
DBR9,DBR9_T18_S14,42,-23.573858878179852,-46.647846377200885
DBR9,DBR9_T18_S15,42,-23.568834591745016,-46.65687986783067
DBR9,DBR9_T18_S16,42,-23.568834591745016,-46.65687986783067
DBR9,DBR9_T18_S17,42,-23.568834591745016,-46.65687986783067
DBR9,DBR9_T18_S18,42,-23.568834591745016,-46.65687986783067
DBR9,DBR9_T18_S19,42,-23.571900420411044,-46.65697038260136
DBR9,DBR9_T18_S20,42,-23.571900420411044,-46.65697038260136
DBR9,DBR9_T18_S21,42,-23.565768649137375,-46.6567893539234
DBR9,DBR9_T18_S22,42,-23.56855060153956,-46.66299253273421
DBR9,DBR9_T18_S23,42,-23.573858878179852,-46.647846377200885
DBR9,DBR9_T18_S24,42,-23.57496613512423,-46.657060898235486
DBR9,DBR9_T18_S25,42,-23.573291312317348,-46.66007200750427
DBR9,DBR9_T18_S26,42,-23.573291312317348,-46.66007200750427
DBR9,DBR9_T18_S27,42,-23.56437752801225,-46.653687745704474
DBR9,DBR9_T18_S28,42,-23.578315546763722,-46.65103855702498
DBR9,DBR9_T18_S29,42,-23.570225549956294,-46.65998147812337
DBR9,DBR9_T18_S30,42,-23.566875575175136,-46.66600354641809
DBR9,DBR9_T18_S31,42,-23.575249927377325,-46.650948068887025
DBR9,DBR9_T18_S32,42,-23.577463408178968,-46.669376806806284
DBR9,DBR9_T18_S33,42,-23.570225549956294,-46.65998147812337
DBR9,DBR9_T18_S34,42,-23.573575212889487,-46.65395924618397
DBR9,DBR9_T19_S01,42,-23.580273602754175,-46.64191429187679
DBR9,DBR9_T19_S02,42,-23.5682937152443,-46.6354394857913
DBR9,DBR9_T19_S03,42,-23.57553348432615,-46.644835131942386
DBR9,DBR9_T19_S04,42,-23.57553348432615,-46.644835131942386
DBR9,DBR9_T19_S05,42,-23.570793078537744,-46.647755904538556
DBR9,DBR9_T19_S06,42,-23.580556834568903,-46.63580115124244
DBR9,DBR9_T19_S07,42,-23.578882462534974,-46.63881251894736
DBR9,DBR9_T19_S08,42,-23.578882462534974,-46.63881251894736
DBR9,DBR9_T19_S09,42,-23.578882462534974,-46.63881251894736
DBR9,DBR9_T19_S10,42,-23.57749122569243,-46.635710733585704
DBR9,DBR9_T19_S11,42,-23.57749122569243,-46.635710733585704
DBR9,DBR9_T19_S12,42,-23.571359666018907,-46.63552990086014
DBR9,DBR9_T19_S13,42,-23.571359666018907,-46.63552990086014
DBR9,DBR9_T19_S14,42,-23.57581680595156,-46.63872208753791
DBR9,DBR9_T19_S15,42,-23.57581680595156,-46.63872208753791
DBR9,DBR9_T19_S16,42,-23.583339079072747,-46.64200473876385
DBR9,DBR9_T19_S17,42,-23.583339079072747,-46.64200473876385
DBR9,DBR9_T19_S18,42,-23.578599122323975,-46.64492559171763
DBR9,DBR9_T19_S19,42,-23.577208012449287,-46.6418238458526
DBR9,DBR9_T19_S20,42,-23.577208012449287,-46.6418238458526
DBR9,DBR9_T19_S21,42,-23.572467732359918,-46.64474467303014
DBR9,DBR9_T19_S22,42,-23.563553040024434,-46.638360370527515
DBR9,DBR9_T19_S23,42,-23.582231128536783,-46.632789742753666
DBR9,DBR9_T19_S24,42,-23.56968515088425,-46.638541227307236
DBR9,DBR9_T19_S25,42,-23.574142308169296,-46.641733400691315
DBR9,DBR9_T19_S26,42,-23.572751035397584,-46.638631656991194
DBR9,DBR9_T19_S27,42,-23.566619152422792,-46.63845079848602
DBR9,DBR9_T19_S28,42,-23.572751035397584,-46.638631656991194
DBR9,DBR9_T19_S29,42,-23.57442550283869,-46.6356203167916
DBR9,DBR9_T19_S30,42,-23.581948005136578,-46.638902951219585
DBR9,DBR9_T19_S31,42,-23.580839830992765,-46.62968790334816
DBR9,DBR9_T19_S32,42,-23.57609989223445,-46.63260893580992
DBR9,DBR9_T19_S33,42,-23.569401866436504,-46.64465421498086
DBR9,DBR9_T19_S34,42,-23.577774203570563,-46.62959751406193
DBR9,DBR9_T20_S01,42,-23.61052127236173,-46.749922641676555
DBR9,DBR9_T20_S02,42,-23.562298026629396,-46.76379032440298
DBR9,DBR9_T20_S03,42,-23.61052127236173,-46.749922641676555
DBR9,DBR9_T20_S04,42,-23.562298026629396,-46.76379032440298
DBR9,DBR9_T20_S05,42,-23.588207515390373,-46.767619443910796
DBR9,DBR9_T20_S06,42,-23.61052127236173,-46.749922641676555
DBR9,DBR9_T20_S07,42,-23.61554828798048,-46.74089161561831
DBR9,DBR9_T20_S08,42,-23.562298026629396,-46.76379032440298
DBR9,DBR9_T20_S09,42,-23.62612697281557,-46.7442657055832
DBR9,DBR9_T20_S10,42,-23.588207515390373,-46.767619443910796
DBR9,DBR9_T20_S11,42,-23.62473902557461,-46.741164353072364
DBR9,DBR9_T20_S12,42,-23.620000061621713,-46.7440838505608
DBR9,DBR9_T20_S13,42,-23.600228110204583,-46.74043707052991
DBR9,DBR9_T20_S14,42,-23.497136194449475,-46.87503638896992
DBR9,DBR9_T20_S15,42,-23.61052127236173,-46.749922641676555
DBR9,DBR9_T20_S16,42,-23.511667998659732,-46.860177080695436
DBR9,DBR9_T20_S17,42,-23.58866809162788,-46.8227051070887
DBR9,DBR9_T20_S18,42,-23.50524223462734,-46.86610266730826
DBR9,DBR9_T20_S19,42,-23.497136194449475,-46.87503638896992
DBR9,DBR9_T20_S20,42,-23.618611981290154,-46.74098252723622
DBR9,DBR9_T20_S21,42,-23.621675560491912,-46.74107343972089
DBR9,DBR9_T20_S22,42,-23.610808839016023,-46.74381107452885
DBR9,DBR9_T20_S23,42,-23.562585885854165,-46.7576794708034
DBR9,DBR9_T20_S24,42,-23.600924568167585,-46.8230702608202
DBR9,DBR9_T20_S25,42,-23.616936434850643,-46.74399292434994
DBR9,DBR9_T20_S26,42,-23.55616657453199,-46.763608306758876
DBR9,DBR9_T20_S27,42,-23.562298026629396,-46.76379032440298
DBR9,DBR9_T20_S28,42,-23.559520197651533,-46.75758848985239
DBR9,DBR9_T20_S29,42,-23.612484480574082,-46.74080070486716
DBR9,DBR9_T20_S30,42,-23.597163732482144,-46.74034616411236
DBR9,DBR9_T20_S31,42,-23.629190257216028,-46.74435663439477
DBR9,DBR9_T20_S32,42,-23.583926232384627,-46.82562315039853
DBR9,DBR9_T20_S33,42,-23.613872693978355,-46.74390199900596
DBR9,DBR9_T20_S34,42,-23.59202267453475,-46.81668629522934
DBR9,DBR9_T21_S01,42,-23.590506043292308,-46.71872805648305
DBR9,DBR9_T21_S02,42,-23.582986856438655,-46.715445138580236
DBR9,DBR9_T21_S03,42,-23.590506043292308,-46.71872805648305
DBR9,DBR9_T21_S04,42,-23.582986856438655,-46.715445138580236
DBR9,DBR9_T21_S05,42,-23.569335873527233,-46.71198072732642
DBR9,DBR9_T21_S06,42,-23.587441200215785,-46.71863725222941
DBR9,DBR9_T21_S07,42,-23.587441200215785,-46.71863725222941
DBR9,DBR9_T21_S08,42,-23.57268732844946,-46.70595964320618
DBR9,DBR9_T21_S09,42,-23.57407713816474,-46.70906096284966
DBR9,DBR9_T21_S10,42,-23.571011639901393,-46.708970205852175
DBR9,DBR9_T21_S11,42,-23.571011639901393,-46.708970205852175
DBR9,DBR9_T21_S12,42,-23.569907418931592,-46.699756965469426
DBR9,DBR9_T21_S13,42,-23.624211790051064,-46.71972696042161
DBR9,DBR9_T21_S14,42,-23.61252929590899,-46.7071393731351
DBR9,DBR9_T21_S15,42,-23.582986856438655,-46.715445138580236
DBR9,DBR9_T21_S16,42,-23.62727526427634,-46.719817775066204
DBR9,DBR9_T21_S17,42,-23.61114025305217,-46.70403785086325
DBR9,DBR9_T21_S18,42,-23.57240141932268,-46.71207149805665
DBR9,DBR9_T21_S19,42,-23.566841721480493,-46.699666252270696
DBR9,DBR9_T21_S20,42,-23.60668689801002,-46.700845591332836
DBR9,DBR9_T21_S21,42,-23.606401016851862,-46.70695786670348
DBR9,DBR9_T21_S22,42,-23.57158296904238,-46.69674630687512
DBR9,DBR9_T21_S23,42,-23.601375287409795,-46.715989884308975
DBR9,DBR9_T21_S24,42,-23.630338624358057,-46.71990859057678
DBR9,DBR9_T21_S25,42,-23.57182889575331,-46.724294880745454
DBR9,DBR9_T21_S26,42,-23.570725622658497,-46.71508199207524
DBR9,DBR9_T21_S27,42,-23.587441200215785,-46.71863725222941
DBR9,DBR9_T21_S28,42,-23.605011841090676,-46.703856373633855
DBR9,DBR9_T21_S29,42,-23.625600215804226,-46.722828447553084
DBR9,DBR9_T21_S30,42,-23.585478951040496,-46.72775945586579
DBR9,DBR9_T21_S31,42,-23.591895200343714,-46.7218293830416
DBR9,DBR9_T21_S32,42,-23.605541960964732,-46.725294039131875
DBR9,DBR9_T21_S33,42,-23.576283652049224,-46.72748692213366
DBR9,DBR9_T21_S34,42,-23.575752779170326,-46.706050386470054
DBR9,DBR9_T22_S01,42,-23.59556976577107,-46.67603296839494
DBR9,DBR9_T22_S02,42,-23.598349629294685,-46.68223620038829
DBR9,DBR9_T22_S03,42,-23.593609978826855,-46.68515649710605
DBR9,DBR9_T22_S04,42,-23.58330963886047,-46.67567054660741
DBR9,DBR9_T22_S05,42,-23.58330963886047,-46.67567054660741
DBR9,DBR9_T22_S06,42,-23.58302484936682,-46.681783029250845
DBR9,DBR9_T22_S07,42,-23.603908195476908,-46.694642512002034
DBR9,DBR9_T22_S08,42,-23.587765020843722,-46.67886272926804
DBR9,DBR9_T22_S09,42,-23.592504905069394,-46.67594236165174
DBR9,DBR9_T22_S10,42,-23.592504905069394,-46.67594236165174
DBR9,DBR9_T22_S11,42,-23.58163463408928,-46.67868149261809
DBR9,DBR9_T22_S12,42,-23.58163463408928,-46.67868149261809
DBR9,DBR9_T22_S13,42,-23.594999801548518,-46.688258052169665
DBR9,DBR9_T22_S14,42,-23.594999801548518,-46.688258052169665
DBR9,DBR9_T22_S15,42,-23.582739824587424,-46.68789540360745
DBR9,DBR9_T22_S16,42,-23.584699884464342,-46.67877211051092
DBR9,DBR9_T22_S17,42,-23.598634512436757,-46.67612357600238
DBR9,DBR9_T22_S18,42,-23.590545089213947,-46.6850658482732
DBR9,DBR9_T22_S19,42,-23.596959745895713,-46.67913459072541
DBR9,DBR9_T22_S20,42,-23.595284901354304,-46.68214556443189
DBR9,DBR9_T22_S21,42,-23.603908195476908,-46.694642512002034
DBR9,DBR9_T22_S22,42,-23.5863748416029,-46.67576115075798
DBR9,DBR9_T22_S23,42,-23.5858049898359,-46.687986064450996
DBR9,DBR9_T22_S24,42,-23.58609003337519,-46.68187366174946
DBR9,DBR9_T22_S25,42,-23.577999276463636,-46.69081553923474
DBR9,DBR9_T22_S26,42,-23.596674754412643,-46.685247146803476
DBR9,DBR9_T22_S27,42,-23.593894951570608,-46.67904396937528
DBR9,DBR9_T22_S28,42,-23.598064510737775,-46.68834871647193
DBR9,DBR9_T22_S29,42,-23.58134973632466,-46.684793906961985
DBR9,DBR9_T22_S30,42,-23.5863748416029,-46.67576115075798
DBR9,DBR9_T22_S31,42,-23.587480085585142,-46.68497520030491
DBR9,DBR9_T22_S32,42,-23.573543644966083,-46.687623426264665
DBR9,DBR9_T22_S33,42,-23.599454170321827,-46.691450273419164
DBR9,DBR9_T22_S34,42,-23.591934978327647,-46.68816738873209
DBR9,DBR9_T23_S01,42,-23.588361908858406,-46.632970553147615
DBR9,DBR9_T23_S02,42,-23.591427127998422,-46.633060959638435
DBR9,DBR9_T23_S03,42,-23.588078748349545,-46.6390838183524
DBR9,DBR9_T23_S04,42,-23.591427127998422,-46.633060959638435
DBR9,DBR9_T23_S05,42,-23.588644833902258,-46.62685718074341
DBR9,DBR9_T23_S06,42,-23.59171007156753,-46.62694755886139
DBR9,DBR9_T23_S07,42,-23.59031884583126,-46.623845636241576
DBR9,DBR9_T23_S08,42,-23.59031884583126,-46.623845636241576
DBR9,DBR9_T23_S09,42,-23.600622101200827,-46.63333218428646
DBR9,DBR9_T23_S10,42,-23.600622101200827,-46.63333218428646
DBR9,DBR9_T23_S11,42,-23.58362232945688,-46.63589156976184
DBR9,DBR9_T23_S12,42,-23.589752977222524,-46.63607240938867
DBR9,DBR9_T23_S13,42,-23.596166258019785,-46.630139862716
DBR9,DBR9_T23_S14,42,-23.596166258019785,-46.630139862716
DBR9,DBR9_T23_S15,42,-23.597274008025234,-46.63935512552267
DBR9,DBR9_T23_S16,42,-23.58697074385401,-46.62986868450794
DBR9,DBR9_T23_S17,42,-23.593384035734843,-46.6239360006031
DBR9,DBR9_T23_S18,42,-23.589752977222524,-46.63607240938867
DBR9,DBR9_T23_S19,42,-23.585296575700795,-46.63288014751936
DBR9,DBR9_T23_S20,42,-23.59281813007777,-46.63616283049612
DBR9,DBR9_T23_S21,42,-23.585296575700795,-46.63288014751936
DBR9,DBR9_T23_S22,42,-23.590036029270628,-46.6299590763815
DBR9,DBR9_T23_S23,42,-23.590036029270628,-46.6299590763815
DBR9,DBR9_T23_S24,42,-23.600622101200827,-46.63333218428646
DBR9,DBR9_T23_S25,42,-23.594775195201827,-46.62703793784171
DBR9,DBR9_T23_S26,42,-23.585013433745175,-46.63899338435459
DBR9,DBR9_T23_S27,42,-23.583905344424327,-46.629778293496834
DBR9,DBR9_T23_S28,42,-23.59420903550079,-46.63926468893642
DBR9,DBR9_T23_S29,42,-23.594775195201827,-46.62703793784171
DBR9,DBR9_T23_S30,42,-23.591143948938484,-46.639174253213
DBR9,DBR9_T23_S31,42,-23.595883168899686,-46.63625325246627
DBR9,DBR9_T23_S32,42,-23.58668771034516,-46.635981989143914
DBR9,DBR9_T23_S33,42,-23.5811225920067,-46.62357454833034
DBR9,DBR9_T23_S34,42,-23.591992779626725,-46.62083405101824
DBR9,DBR9_T24_S01,42,-23.58473005636952,-46.64510651385712
DBR9,DBR9_T24_S02,42,-23.601445945335993,-46.64866067000273
DBR9,DBR9_T24_S03,42,-23.601729542643643,-46.64254743820762
DBR9,DBR9_T24_S04,42,-23.58640444139378,-46.64209518651382
DBR9,DBR9_T24_S05,42,-23.58640444139378,-46.64209518651382
DBR9,DBR9_T24_S06,42,-23.58640444139378,-46.64209518651382
DBR9,DBR9_T24_S07,42,-23.595316284118557,-46.648479710004615
DBR9,DBR9_T24_S08,42,-23.581664646342166,-46.64501605235587
DBR9,DBR9_T24_S09,42,-23.596990556346267,-46.64546836849251
DBR9,DBR9_T24_S10,42,-23.603120122098197,-46.6456493009886
DBR9,DBR9_T24_S11,42,-23.603120122098197,-46.6456493009886
DBR9,DBR9_T24_S12,42,-23.60005539625126,-46.645558834309014
DBR9,DBR9_T24_S13,42,-23.60005539625126,-46.645558834309014
DBR9,DBR9_T24_S14,42,-23.60005539625126,-46.645558834309014
DBR9,DBR9_T24_S15,42,-23.59838117175297,-46.64857018957208
DBR9,DBR9_T24_S16,42,-23.600338866500643,-46.639445562971765
DBR9,DBR9_T24_S17,42,-23.58305559329104,-46.64811780036651
DBR9,DBR9_T24_S18,42,-23.58779535239481,-46.6451969762214
DBR9,DBR9_T24_S19,42,-23.589469689706064,-46.6421856351267
DBR9,DBR9_T24_S20,42,-23.598664750478388,-46.64245698614296
DBR9,DBR9_T24_S21,42,-23.59838117175297,-46.64857018957208
DBR9,DBR9_T24_S22,42,-23.59392560239438,-46.64537790353908
DBR9,DBR9_T24_S23,42,-23.60340361091581,-46.63953600128371
DBR9,DBR9_T24_S24,42,-23.595599844259578,-46.64236653494126
DBR9,DBR9_T24_S25,42,-23.592534823998403,-46.642276084602514
DBR9,DBR9_T24_S26,42,-23.60646824125956,-46.63962644045852
DBR9,DBR9_T24_S27,42,-23.57999013556772,-46.648027325114846
DBR9,DBR9_T24_S28,42,-23.604794220744143,-46.64263789113525
DBR9,DBR9_T24_S29,42,-23.59838117175297,-46.64857018957208
DBR9,DBR9_T24_S30,42,-23.610923234706153,-46.6428187995795
DBR9,DBR9_T24_S31,42,-23.58138105217266,-46.65112904602616
DBR9,DBR9_T24_S32,42,-23.592251282443954,-46.64838923130035
DBR9,DBR9_T24_S33,42,-23.610923234706153,-46.6428187995795
DBR9,DBR9_T24_S34,42,-23.58612093701899,-46.6482082764813
DBR9,DBR9_T25_S01,42,-23.6036583439147,-46.667090285892066
DBR9,DBR9_T25_S02,42,-23.601983811460556,-46.670101423569925
DBR9,DBR9_T25_S03,42,-23.601983811460556,-46.670101423569925
DBR9,DBR9_T25_S04,42,-23.601983811460556,-46.670101423569925
DBR9,DBR9_T25_S05,42,-23.601983811460556,-46.670101423569925
DBR9,DBR9_T25_S06,42,-23.603373785905205,-46.673203115006636
DBR9,DBR9_T25_S07,42,-23.603373785905205,-46.673203115006636
DBR9,DBR9_T25_S08,42,-23.606722833472833,-46.66718085313007
DBR9,DBR9_T25_S09,42,-23.602268242386696,-46.66398855463299
DBR9,DBR9_T25_S10,42,-23.60030920096314,-46.67311252027863
DBR9,DBR9_T25_S11,42,-23.60030920096314,-46.67311252027863
DBR9,DBR9_T25_S12,42,-23.59417968892861,-46.67293133341501
DBR9,DBR9_T25_S13,42,-23.59417968892861,-46.67293133341501
DBR9,DBR9_T25_S14,42,-23.595854394779554,-46.66992026419509
DBR9,DBR9_T25_S15,42,-23.595854394779554,-46.66992026419509
DBR9,DBR9_T25_S16,42,-23.58804972076818,-46.67275015000783
DBR9,DBR9_T25_S17,42,-23.600593740289327,-46.66699971951797
DBR9,DBR9_T25_S18,42,-23.605048348715826,-46.670192004553364
DBR9,DBR9_T25_S19,42,-23.605048348715826,-46.670192004553364
DBR9,DBR9_T25_S20,42,-23.600593740289327,-46.66699971951797
DBR9,DBR9_T25_S21,42,-23.60087804413967,-46.66088681079423
DBR9,DBR9_T25_S22,42,-23.59111476185853,-46.672840741279366
DBR9,DBR9_T25_S23,42,-23.59724450196721,-46.67302192641475
DBR9,DBR9_T25_S24,42,-23.597529022607905,-46.6669091540078
DBR9,DBR9_T25_S25,42,-23.584984565668737,-46.67265955960039
DBR9,DBR9_T25_S26,42,-23.59724450196721,-46.67302192641475
DBR9,DBR9_T25_S27,42,-23.598919160144735,-46.6700108434505
DBR9,DBR9_T25_S28,42,-23.59920357239938,-46.66389800286891
DBR9,DBR9_T25_S29,42,-23.58972452194588,-46.66973910827627
DBR9,DBR9_T25_S30,42,-23.608112771899346,-46.67028258640085
DBR9,DBR9_T25_S31,42,-23.594464190881624,-46.6668185893615
DBR9,DBR9_T25_S32,42,-23.598919160144735,-46.6700108434505
DBR9,DBR9_T25_S33,42,-23.596138788360513,-46.663807451968616
DBR9,DBR9_T25_S34,42,-23.591399245121675,-46.6667280255791
DBR9,DBR9_T26_S01,42,-23.612282006690084,-46.67958771044164
DBR9,DBR9_T26_S02,42,-23.61367155809791,-46.6826893931377
DBR9,DBR9_T26_S03,42,-23.61367155809791,-46.6826893931377
DBR9,DBR9_T26_S04,42,-23.61367155809791,-46.6826893931377
DBR9,DBR9_T26_S05,42,-23.603373785905205,-46.673203115006636
DBR9,DBR9_T26_S06,42,-23.61506101273145,-46.68579106314482
DBR9,DBR9_T26_S07,42,-23.61506101273145,-46.68579106314482
DBR9,DBR9_T26_S08,42,-23.61506101273145,-46.68579106314482
DBR9,DBR9_T26_S09,42,-23.615346116604425,-46.679678336978085
DBR9,DBR9_T26_S10,42,-23.610607400494377,-46.68259875285878
DBR9,DBR9_T26_S11,42,-23.616735601600524,-46.682780034281144
DBR9,DBR9_T26_S12,42,-23.616735601600524,-46.682780034281144
DBR9,DBR9_T26_S13,42,-23.601699145055278,-46.67621418447407
DBR9,DBR9_T26_S14,42,-23.601699145055278,-46.67621418447407
DBR9,DBR9_T26_S15,42,-23.606972543733836,-46.69473320724195
DBR9,DBR9_T26_S16,42,-23.600024426180337,-46.67922521293989
DBR9,DBR9_T26_S17,42,-23.600024426180337,-46.67922521293989
DBR9,DBR9_T26_S18,42,-23.600024426180337,-46.67922521293989
DBR9,DBR9_T26_S19,42,-23.6064382567822,-46.67329371059879
DBR9,DBR9_T26_S20,42,-23.615346116604425,-46.679678336978085
DBR9,DBR9_T26_S21,42,-23.6047636636154,-46.676304793810026
DBR9,DBR9_T26_S22,42,-23.610607400494377,-46.68259875285878
DBR9,DBR9_T26_S23,42,-23.61171160087518,-46.69181299769347
DBR9,DBR9_T26_S24,42,-23.61032220695488,-46.68871138232825
DBR9,DBR9_T26_S25,42,-23.6047636636154,-46.676304793810026
DBR9,DBR9_T26_S26,42,-23.608647414346944,-46.6917223153276
DBR9,DBR9_T26_S27,42,-23.601414243190064,-46.68232683720917
DBR9,DBR9_T26_S28,42,-23.616735601600524,-46.682780034281144
DBR9,DBR9_T26_S29,42,-23.613386345818235,-46.68880205095419
DBR9,DBR9_T26_S30,42,-23.60725795400396,-46.688620714567065
DBR9,DBR9_T26_S31,42,-23.61003677791658,-46.69482390334686
DBR9,DBR9_T26_S32,42,-23.618124989814206,-46.68588171889462
DBR9,DBR9_T26_S33,42,-23.603088992413262,-46.679315836018745
DBR9,DBR9_T26_S34,42,-23.60950261358296,-46.67338430705511
DBR9,DBR9_T27_S01,42,-23.627802376527068,-46.741255267290626
DBR9,DBR9_T27_S02,42,-23.627802376527068,-46.741255267290626
DBR9,DBR9_T27_S03,42,-23.627802376527068,-46.741255267290626
DBR9,DBR9_T27_S04,42,-23.6372791191786,-46.73541604279431
DBR9,DBR9_T27_S05,42,-23.609707763224538,-46.73459807752703
DBR9,DBR9_T27_S06,42,-23.64034203243692,-46.73550693215691
DBR9,DBR9_T27_S07,42,-23.59271053141435,-46.737154038954195
DBR9,DBR9_T27_S08,42,-23.620287449829423,-46.73797208877441
DBR9,DBR9_T27_S09,42,-23.62473902557461,-46.741164353072364
DBR9,DBR9_T27_S10,42,-23.64034203243692,-46.73550693215691
DBR9,DBR9_T27_S11,42,-23.632828120016686,-46.7322237043714
DBR9,DBR9_T27_S12,42,-23.623638153149976,-46.73195108786959
DBR9,DBR9_T27_S13,42,-23.62976491187436,-46.73213283133767
DBR9,DBR9_T27_S14,42,-23.631440051398933,-46.729122241466634
DBR9,DBR9_T27_S15,42,-23.626414398947873,-46.73815388715631
DBR9,DBR9_T27_S16,42,-23.63421609174323,-46.73532515429833
DBR9,DBR9_T27_S17,42,-23.630865613338138,-46.741346182375686
DBR9,DBR9_T27_S18,42,-23.611096170320206,-46.73769939770149
DBR9,DBR9_T27_S19,42,-23.59912655402691,-46.731224148653936
DBR9,DBR9_T27_S20,42,-23.583516172621735,-46.736881371279175
DBR9,DBR9_T27_S21,42,-23.57767291757414,-46.73058812232359
DBR9,DBR9_T27_S22,42,-23.618899242300756,-46.73487072481717
DBR9,DBR9_T27_S23,42,-23.628376776723687,-46.7290313830292
DBR9,DBR9_T27_S24,42,-23.574607656436275,-46.73049726488439
DBR9,DBR9_T27_S25,42,-23.634503211917217,-46.729213100770416
DBR9,DBR9_T27_S26,42,-23.628089694385903,-46.73514337990616
DBR9,DBR9_T27_S27,42,-23.62196284045415,-46.73496160898028
DBR9,DBR9_T27_S28,42,-23.571542281349465,-46.73040640831146
DBR9,DBR9_T27_S29,42,-23.594673224128144,-46.728031997393494
DBR9,DBR9_T27_S30,42,-23.625313387902608,-46.72894052545812
DBR9,DBR9_T27_S31,42,-23.60080216942411,-46.72821369607634
DBR9,DBR9_T27_S32,42,-23.608032182306733,-46.737608502410446
DBR9,DBR9_T27_S33,42,-23.59271053141435,-46.737154038954195
DBR9,DBR9_T27_S34,42,-23.611383266254826,-46.73158761133061
DGO2,DGO2_T01_S01,42,-16.650624258214325,-49.22479354831929
DGO2,DGO2_T01_S02,42,-16.650624258214325,-49.22479354831929
DGO2,DGO2_T01_S03,42,-16.650624258214325,-49.22479354831929
DGO2,DGO2_T01_S04,42,-16.616709624611918,-49.24775035075829
DGO2,DGO2_T01_S05,42,-16.650624258214325,-49.22479354831929
DGO2,DGO2_T01_S06,42,-16.616709624611918,-49.24775035075829
DGO2,DGO2_T01_S07,42,-16.608792819289974,-49.30451183834263
DGO2,DGO2_T01_S08,42,-16.650624258214325,-49.22479354831929
DGO2,DGO2_T01_S09,42,-16.608792819289974,-49.30451183834263
DGO2,DGO2_T01_S10,42,-16.616709624611918,-49.24775035075829
DGO2,DGO2_T01_S11,42,-16.650624258214325,-49.22479354831929
DGO2,DGO2_T01_S12,42,-16.678412423187712,-49.255665825245636
DGO2,DGO2_T01_S13,42,-16.608792819289974,-49.30451183834263
DGO2,DGO2_T01_S14,42,-16.697155002534565,-49.24124188340245
DGO2,DGO2_T01_S15,42,-16.616709624611918,-49.24775035075829
DGO2,DGO2_T01_S16,42,-16.650624258214325,-49.22479354831929
DGO2,DGO2_T01_S17,42,-16.668303812785197,-49.26135389398564
DGO2,DGO2_T01_S18,42,-16.65799214127874,-49.24002749418416
DGO2,DGO2_T01_S19,42,-16.689038213646157,-49.271000037736776
DGO2,DGO2_T01_S20,42,-16.684302735576125,-49.267852181783205
DGO2,DGO2_T01_S21,42,-16.678412423187712,-49.255665825245636
DGO2,DGO2_T01_S22,42,-16.665788302974928,-49.216259383408755
DGO2,DGO2_T01_S23,42,-16.652937315611542,-49.2428717907599
DGO2,DGO2_T01_S24,42,-16.608792819289974,-49.30451183834263
DGO2,DGO2_T01_S25,42,-16.688634632922984,-49.2169670359437
DGO2,DGO2_T01_S26,42,-16.616709624611918,-49.24775035075829
DGO2,DGO2_T01_S27,42,-16.677575034524406,-49.24063467195075
DGO2,DGO2_T01_S28,42,-16.679566977259153,-49.264704327117634
DGO2,DGO2_T01_S29,42,-16.69862762747415,-49.24428875604919
DGO2,DGO2_T01_S30,42,-16.690510451540213,-49.27404654632441
DGO2,DGO2_T01_S31,42,-16.690510451540213,-49.27404654632441
DGO2,DGO2_T01_S32,42,-16.690510451540213,-49.27404654632441
DGO2,DGO2_T01_S33,42,-16.650624258214325,-49.22479354831929
DGO2,DGO2_T01_S34,42,-16.668303812785197,-49.26135389398564
DGO2,DGO2_T01_S35,42,-16.687565895491737,-49.267953502215924
DGO2,DGO2_T01_S36,42,-16.687565895491737,-49.267953502215924
DGO2,DGO2_T01_S37,42,-16.69082897409989,-49.26805482358526
DGO2,DGO2_T01_S38,42,-16.66452009714445,-49.2402298830304
DGO2,DGO2_T01_S39,42,-16.65799214127874,-49.24002749418416
DGO2,DGO2_T01_S40,42,-16.690510451540213,-49.27404654632441
DGO2,DGO2_T01_S41,42,-16.69082897409989,-49.26805482358526
DGO2,DGO2_T01_S42,42,-16.694410366475054,-49.26216423555265
DGO2,DGO2_T01_S43,42,-16.6872474103718,-49.27394519862628
DGO2,DGO2_T01_S44,42,-16.621851294695375,-49.30491772558532
DGO2,DGO2_T01_S45,42,-16.68283027781381,-49.264805632979936
DGO2,DGO2_T01_S46,42,-16.679248668131223,-49.27069603834936
DGO2,DGO2_T01_S47,42,-16.678412423187712,-49.255665825245636
DGO2,DGO2_T01_S48,42,-16.665788302974928,-49.216259383408755
DGO2,DGO2_T01_S49,42,-16.68251193125439,-49.27079737054181
DGO2,DGO2_T01_S50,42,-16.672520827598085,-49.24347903913935
DGO2,DGO2_T01_S51,42,-16.652937315611542,-49.2428717907599
DGO2,DGO2_T01_S52,42,-16.688634632922984,-49.2169670359437
DGO2,DGO2_T01_S53,42,-16.681039494371223,-49.26775086228707
DGO2,DGO2_T01_S54,42,-16.681039494371223,-49.26775086228707
DGO2,DGO2_T01_S55,42,-16.639245322849042,-49.25445070755964
DGO2,DGO2_T01_S56,42,-16.676101973578888,-49.2375878543843
DGO2,DGO2_T01_S57,42,-16.635980870624895,-49.254349453837015
DGO2,DGO2_T01_S58,42,-16.608792819289974,-49.30451183834263
DGO2,DGO2_T01_S59,42,-16.684621018441376,-49.26186035044204
DGO2,DGO2_T01_S60,42,-16.652302321160196,-49.25485573181062
DGO2,DGO2_T01_S61,42,-16.679885121609697,-49.258712454694276
DGO2,DGO2_T01_S62,42,-16.69536456210519,-49.244187538160034
DGO2,DGO2_T01_S63,42,-16.69810752152836,-49.22326345870093
DGO2,DGO2_T01_S64,42,-16.671047728274825,-49.24043227561924
DGO2,DGO2_T01_S65,42,-16.67693964456565,-49.25261916894895
DGO2,DGO2_T01_S66,42,-16.689356635060086,-49.265008247514025
DGO2,DGO2_T01_S67,42,-16.69114733178621,-49.26206293957936
DGO2,DGO2_T01_S68,42,-16.69409197138244,-49.26815614589122
DGO2,DGO2_T01_S69,42,-16.68083856577345,-49.24073587152006
DGO2,DGO2_T01_S70,42,-16.616709624611918,-49.24775035075829
DGO2,DGO2_T01_S71,42,-16.67272189812116,-49.27049337677448
DGO2,DGO2_T01_S72,42,-16.676101973578888,-49.2375878543843
DGO2,DGO2_T01_S73,42,-16.678930194248306,-49.27668758826489
DGO2,DGO2_T01_S74,42,-16.687057954847244,-49.153879134470706
DGO2,DGO2_T01_S75,42,-16.67073019033435,-49.246424551836775
DGO2,DGO2_T01_S76,42,-16.699580449914226,-49.22631053265446
DGO2,DGO2_T01_S77,42,-16.65472804161559,-49.23992630116449
DGO2,DGO2_T01_S78,42,-16.692937985652485,-49.25911757842603
DGO2,DGO2_T01_S79,42,-16.685456564294437,-49.27689030623963
DGO2,DGO2_T01_S80,42,-16.685775113098757,-49.27089870367093
DGO2,DGO2_T01_S81,42,-16.651348595410536,-49.27283043577316
DGO2,DGO2_T01_S82,42,-16.654093174393733,-49.2519104293744
DGO2,DGO2_T01_S83,42,-16.68609349708684,-49.26490693977872
DGO2,DGO2_T01_S84,42,-16.673993846760926,-49.24652577587893
DGO2,DGO2_T01_S85,42,-16.65767475263598,-49.24601966502669
DGO2,DGO2_T01_S86,42,-16.69536456210519,-49.244187538160034
DGO2,DGO2_T01_S87,42,-16.667985717022006,-49.26734559366832
DGO2,DGO2_T01_S88,42,-16.689155848002763,-49.237992603709245
DGO2,DGO2_T01_S89,42,-16.650624258214325,-49.22479354831929
DGO2,DGO2_T01_S90,42,-16.668303812785197,-49.26135389398564
DGO2,DGO2_T01_S91,42,-16.683148459565228,-49.25881373422275
DGO2,DGO2_T01_S92,42,-16.673358201917996,-49.258509898446185
DGO2,DGO2_T01_S93,42,-16.645019430992143,-49.299637585962266
DGO2,DGO2_T01_S94,42,-16.69230123287844,-49.27110137273933
DGO2,DGO2_T01_S95,42,-16.695882667034596,-49.265210865794195
DGO2,DGO2_T01_S96,42,-16.695882667034596,-49.265210865794195
DGO2,DGO2_T01_S97,42,-16.677892482260734,-49.234642182354946
DGO2,DGO2_T01_S98,42,-16.678094379928076,-49.261657765050344
DGO2,DGO2_T01_S99,42,-16.675985323747422,-49.27059470709358
DGO2,DGO2_T01_S100,42,-16.670930985323547,-49.273438474187415
DGO2,DGO2_T01_S101,42,-16.671249283202403,-49.267446909418176
DGO2,DGO2_T01_S102,42,-16.6565187248407,-49.236980758464476
DGO2,DGO2_T01_S103,42,-16.6327163373786,-49.25424820105042
DGO2,DGO2_T01_S104,42,-16.671365101440443,-49.23443983871942
DGO2,DGO2_T01_S105,42,-16.66452009714445,-49.2402298830304
DGO2,DGO2_T01_S106,42,-16.674311422018796,-49.24053347331716
DGO2,DGO2_T01_S107,42,-16.678611555632806,-49.282678976739724
DGO2,DGO2_T01_S108,42,-16.713167251001103,-49.154685709077995
DGO2,DGO2_T01_S109,42,-16.654410690304303,-49.24591844566374
DGO2,DGO2_T01_S110,42,-16.644502320506085,-49.278618956608874
DGO2,DGO2_T01_S111,42,-16.680520915889215,-49.24672822677089
DGO2,DGO2_T01_S112,42,-16.66368102959943,-49.22519805690124
DGO2,DGO2_T01_S113,42,-16.602174672178705,-49.244299063117545
DGO2,DGO2_T01_S114,42,-16.675148944648534,-49.255564560289734
DGO2,DGO2_T01_S115,42,-16.62134720253504,-49.19087262982511
DGO2,DGO2_T01_S116,42,-16.681373521803273,-49.1687142269494
DGO2,DGO2_T01_S117,42,-16.67451276816619,-49.26754822610458
DGO2,DGO2_T01_S118,42,-16.60702234352536,-49.214439915797904
DGO2,DGO2_T01_S119,42,-16.685257089645983,-49.2498762044797
DGO2,DGO2_T01_S120,42,-16.650193617592617,-49.26379261649726
DGO2,DGO2_T01_S121,42,-16.62271604859551,-49.22693017851248
DGO2,DGO2_T01_S122,42,-16.6345073216166,-49.251302974814585
DGO2,DGO2_T01_S123,42,-16.621851294695375,-49.30491772558532
DGO2,DGO2_T01_S124,42,-16.64629347145697,-49.27567405460144
DGO2,DGO2_T01_S125,42,-16.621131159495164,-49.2568895832754
DGO2,DGO2_T01_S126,42,-16.68020310116051,-49.25272042120384
DGO2,DGO2_T02_S01,42,-16.704908714583006,-49.31050103122358
DGO2,DGO2_T02_S02,42,-16.704908714583006,-49.31050103122358
DGO2,DGO2_T02_S03,42,-16.704908714583006,-49.31050103122358
DGO2,DGO2_T02_S04,42,-16.704908714583006,-49.31050103122358
DGO2,DGO2_T02_S05,42,-16.704908714583006,-49.31050103122358
DGO2,DGO2_T02_S06,42,-16.704908714583006,-49.31050103122358
DGO2,DGO2_T02_S07,42,-16.698508328711792,-49.27729575343194
DGO2,DGO2_T02_S08,42,-16.68033738674259,-49.372733905792984
DGO2,DGO2_T02_S09,42,-16.701006487324896,-49.32238074986305
DGO2,DGO2_T02_S10,42,-16.704908714583006,-49.31050103122358
DGO2,DGO2_T02_S11,42,-16.698508328711792,-49.27729575343194
DGO2,DGO2_T02_S12,42,-16.68033738674259,-49.372733905792984
DGO2,DGO2_T02_S13,42,-16.70356180280445,-49.27445194648524
DGO2,DGO2_T02_S14,42,-16.71111334918527,-49.316694829118134
DGO2,DGO2_T02_S15,42,-16.701006487324896,-49.32238074986305
DGO2,DGO2_T02_S16,42,-16.689747628478305,-49.31903008679854
DGO2,DGO2_T02_S17,42,-16.704964606499757,-49.37050270680451
DGO2,DGO2_T02_S18,42,-16.704908714583006,-49.31050103122358
DGO2,DGO2_T02_S19,42,-16.69671752754766,-49.28024085852983
DGO2,DGO2_T02_S20,42,-16.69671752754766,-49.28024085852983
DGO2,DGO2_T02_S21,42,-16.69671752754766,-49.28024085852983
DGO2,DGO2_T02_S22,42,-16.69019176412958,-49.28003810767226
DGO2,DGO2_T02_S23,42,-16.688719627385375,-49.27699166663233
DGO2,DGO2_T02_S24,42,-16.688719627385375,-49.27699166663233
DGO2,DGO2_T02_S25,42,-16.75396378949241,-49.27901907125341
DGO2,DGO2_T02_S26,42,-16.71111334918527,-49.316694829118134
DGO2,DGO2_T02_S27,42,-16.650782377438244,-49.34481634980024
DGO2,DGO2_T02_S28,42,-16.68033738674259,-49.372733905792984
DGO2,DGO2_T02_S29,42,-16.69671752754766,-49.28024085852983
DGO2,DGO2_T02_S30,42,-16.678113949077673,-49.47462410171585
DGO2,DGO2_T02_S31,42,-16.689747628478305,-49.31903008679854
DGO2,DGO2_T02_S32,42,-16.70356180280445,-49.27445194648524
DGO2,DGO2_T02_S33,42,-16.79511985419989,-49.36431679307313
DGO2,DGO2_T02_S34,42,-16.7002990870361,-49.27435059503976
DGO2,DGO2_T02_S35,42,-16.7002990870361,-49.27435059503976
DGO2,DGO2_T02_S36,42,-16.7002990870361,-49.27435059503976
DGO2,DGO2_T02_S37,42,-16.701006487324896,-49.32238074986305
DGO2,DGO2_T02_S38,42,-16.705033722792543,-49.277498482649726
DGO2,DGO2_T02_S39,42,-16.704964606499757,-49.37050270680451
DGO2,DGO2_T02_S40,42,-16.751403157310172,-49.326950489676726
DGO2,DGO2_T02_S41,42,-16.798841024764965,-49.3254280447716
DGO2,DGO2_T02_S42,42,-16.704908714583006,-49.31050103122358
DGO2,DGO2_T02_S43,42,-16.705547948497777,-49.298519101070106
DGO2,DGO2_T02_S44,42,-16.695245509612207,-49.27719439022847
DGO2,DGO2_T02_S45,42,-16.755305434043006,-49.31507014568636
DGO2,DGO2_T02_S46,42,-16.73004406508309,-49.32928545723909
DGO2,DGO2_T02_S47,42,-16.695245509612207,-49.27719439022847
DGO2,DGO2_T02_S48,42,-16.744560061917475,-49.33273795599248
DGO2,DGO2_T02_S49,42,-16.70177106644462,-49.27739711757235
DGO2,DGO2_T02_S50,42,-16.70177106644462,-49.27739711757235
DGO2,DGO2_T02_S51,42,-16.70177106644462,-49.27739711757235
DGO2,DGO2_T02_S52,42,-16.731964561290674,-49.29333937761608
DGO2,DGO2_T02_S53,42,-16.72632613341796,-49.368169554806634
DGO2,DGO2_T02_S54,42,-16.691982609164015,-49.277093027961946
DGO2,DGO2_T02_S55,42,-16.75396378949241,-49.27901907125341
DGO2,DGO2_T02_S56,42,-16.708296297737427,-49.27759984866406
DGO2,DGO2_T02_S57,42,-16.693454686507675,-49.28013948263253
DGO2,DGO2_T02_S58,42,-16.693454686507675,-49.28013948263253
DGO2,DGO2_T02_S59,42,-16.735545892094958,-49.28744921074231
DGO2,DGO2_T02_S60,42,-16.733755248165902,-49.29039432086115
DGO2,DGO2_T02_S61,42,-16.735226349905147,-49.29344081740325
DGO2,DGO2_T02_S62,42,-16.650782377438244,-49.34481634980024
DGO2,DGO2_T02_S63,42,-16.783045899358502,-49.34593883035987
DGO2,DGO2_T02_S64,42,-16.71111334918527,-49.316694829118134
DGO2,DGO2_T02_S65,42,-16.706824437177403,-49.27455329886759
DGO2,DGO2_T02_S66,42,-16.68033738674259,-49.372733905792984
DGO2,DGO2_T02_S67,42,-16.678113949077673,-49.47462410171585
DGO2,DGO2_T02_S68,42,-16.686540801536708,-49.37892636253985
DGO2,DGO2_T02_S69,42,-16.734074689003375,-49.284402646499956
DGO2,DGO2_T02_S70,42,-16.697036289890523,-49.27424924453114
DGO2,DGO2_T02_S71,42,-16.689747628478305,-49.31903008679854
DGO2,DGO2_T02_S72,42,-16.64847853847705,-49.326745821468876
DGO2,DGO2_T02_S73,42,-16.696079508215075,-49.29222360183324
DGO2,DGO2_T02_S74,42,-16.703756979239337,-49.30146390883509
DGO2,DGO2_T02_S75,42,-16.79511985419989,-49.36431679307313
DGO2,DGO2_T02_S76,42,-16.710472975397405,-49.32867589115484
DGO2,DGO2_T02_S77,42,-16.702285464133283,-49.29841764340543
DGO2,DGO2_T02_S78,42,-16.701006487324896,-49.32238074986305
DGO2,DGO2_T02_S79,42,-16.735226349905147,-49.29344081740325
DGO2,DGO2_T02_S80,42,-16.740598215535655,-49.28460544898465
DGO2,DGO2_T02_S81,42,-16.66837867615565,-49.32136517259198
DGO2,DGO2_T02_S82,42,-16.704964606499757,-49.37050270680451
DGO2,DGO2_T02_S83,42,-16.751403157310172,-49.326950489676726
DGO2,DGO2_T02_S84,42,-16.71661185174252,-49.27485736163593
DGO2,DGO2_T02_S85,42,-16.730493400023665,-49.29029289470249
DGO2,DGO2_T02_S86,42,-16.798841024764965,-49.3254280447716
DGO2,DGO2_T02_S87,42,-16.73292257975052,-49.27536415165499
DGO2,DGO2_T02_S88,42,-16.755305434043006,-49.31507014568636
DGO2,DGO2_T02_S89,42,-16.743540303156955,-49.29069860496197
DGO2,DGO2_T02_S90,42,-16.7411099522847,-49.30562653279999
DGO2,DGO2_T02_S91,42,-16.6667116876033,-49.29131077874319
DGO2,DGO2_T02_S92,42,-16.664282390473513,-49.306236962735724
DGO2,DGO2_T02_S93,42,-16.704908714583006,-49.31050103122358
DGO2,DGO2_T02_S94,42,-16.679319406152484,-49.33070585302951
DGO2,DGO2_T02_S95,42,-16.74385985641145,-49.28470685163295
DGO2,DGO2_T02_S96,42,-16.712264176252948,-49.32573147586711
DGO2,DGO2_T02_S97,42,-16.70881035146007,-49.29862055967242
DGO2,DGO2_T02_S98,42,-16.73004406508309,-49.32928545723909
DGO2,DGO2_T02_S99,42,-16.730812803383127,-49.284301246663524
DGO2,DGO2_T02_S100,42,-16.708681731824665,-49.33162025289531
DGO2,DGO2_T02_S101,42,-16.71303051204063,-49.280747752072074
DGO2,DGO2_T02_S102,42,-16.669017740823026,-49.30938446969135
DGO2,DGO2_T02_S103,42,-16.689234713016184,-49.29801182212301
DGO2,DGO2_T02_S104,42,-16.713349461664574,-49.274756006442914
DGO2,DGO2_T02_S105,42,-16.722817325517816,-49.281051899442474
DGO2,DGO2_T02_S106,42,-16.712711397373912,-49.286739336159705
DGO2,DGO2_T02_S107,42,-16.704395680881113,-49.28948151918056
DGO2,DGO2_T02_S108,42,-16.686928760431535,-49.279936733648995
DGO2,DGO2_T02_S109,42,-16.71744519221175,-49.28988719944229
DGO2,DGO2_T02_S110,42,-16.743220584602884,-49.2966901965278
DGO2,DGO2_T02_S111,42,-16.771152423976066,-49.354568470346464
DGO2,DGO2_T02_S112,42,-16.731132041542818,-49.27830943700057
DGO2,DGO2_T02_S113,42,-16.707977321789134,-49.28359147405112
DGO2,DGO2_T02_S114,42,-16.607391030469216,-49.361461397567574
DGO2,DGO2_T02_S115,42,-16.66664418103234,-49.38430409911475
DGO2,DGO2_T02_S116,42,-16.744560061917475,-49.33273795599248
DGO2,DGO2_T02_S117,42,-16.650270152860838,-49.32380164706284
DGO2,DGO2_T02_S118,42,-16.710339479953465,-49.36167132460684
DGO2,DGO2_T02_S119,42,-16.81904162664491,-49.31405448220719
DGO2,DGO2_T02_S120,42,-16.705739871811517,-49.32552832003912
DGO2,DGO2_T02_S121,42,-16.716034974241083,-49.34684960755169
DGO2,DGO2_T02_S122,42,-16.660380234759824,-49.318116210929624
DGO2,DGO2_T02_S123,42,-16.757736615304356,-49.30014255123381
DGO2,DGO2_T02_S124,42,-16.798841024764965,-49.3254280447716
DGO2,DGO2_T02_S125,42,-16.702285464133283,-49.29841764340543
DGO2,DGO2_T03_S01,42,-16.76080582083446,-49.27322962419576
DGO2,DGO2_T03_S02,42,-16.715458809875205,-49.265818743112206
DGO2,DGO2_T03_S03,42,-16.718721215333538,-49.26592005927663
DGO2,DGO2_T03_S04,42,-16.718721215333538,-49.26592005927663
DGO2,DGO2_T03_S05,42,-16.718721215333538,-49.26592005927663
DGO2,DGO2_T03_S06,42,-16.76080582083446,-49.27322962419576
DGO2,DGO2_T03_S07,42,-16.718721215333538,-49.26592005927663
DGO2,DGO2_T03_S08,42,-16.703998753714092,-49.235451594318164
DGO2,DGO2_T03_S09,42,-16.7382939363428,-49.266527975932924
DGO2,DGO2_T03_S10,42,-16.71693067371839,-49.268865428259424
DGO2,DGO2_T03_S11,42,-16.71693067371839,-49.268865428259424
DGO2,DGO2_T03_S12,42,-16.71693067371839,-49.268865428259424
DGO2,DGO2_T03_S13,42,-16.7119969966662,-49.238700951050625
DGO2,DGO2_T03_S14,42,-16.76080582083446,-49.27322962419576
DGO2,DGO2_T03_S15,42,-16.699782133442906,-49.25332795439163
DGO2,DGO2_T03_S16,42,-16.70041804586282,-49.2413430885862
DGO2,DGO2_T03_S17,42,-16.70041804586282,-49.2413430885862
DGO2,DGO2_T03_S18,42,-16.71693067371839,-49.268865428259424
DGO2,DGO2_T03_S19,42,-16.70041804586282,-49.2413430885862
DGO2,DGO2_T03_S20,42,-16.71219632295376,-49.26571742788439
DGO2,DGO2_T03_S21,42,-16.698827027325006,-49.27130404555462
DGO2,DGO2_T03_S22,42,-16.703998753714092,-49.235451594318164
DGO2,DGO2_T03_S23,42,-16.702408373592064,-49.26541348782055
DGO2,DGO2_T03_S24,42,-16.82697425913049,-49.257277741721495
DGO2,DGO2_T03_S25,42,-16.71525969225458,-49.2388021472708
DGO2,DGO2_T03_S26,42,-16.71525969225458,-49.2388021472708
DGO2,DGO2_T03_S27,42,-16.71525969225458,-49.2388021472708
DGO2,DGO2_T03_S28,42,-16.707261671515468,-49.23555277502364
DGO2,DGO2_T03_S29,42,-16.707261671515468,-49.23555277502364
DGO2,DGO2_T03_S30,42,-16.715777365480072,-49.25982658100617
DGO2,DGO2_T03_S31,42,-16.711877639637997,-49.271709402426325
DGO2,DGO2_T03_S32,42,-16.70388047509484,-49.268460118428955
DGO2,DGO2_T03_S33,42,-16.70388047509484,-49.268460118428955
DGO2,DGO2_T03_S34,42,-16.75901550257647,-49.27617506440896
DGO2,DGO2_T03_S35,42,-16.75901550257647,-49.27617506440896
DGO2,DGO2_T03_S36,42,-16.713668246223325,-49.268764099396755
DGO2,DGO2_T03_S37,42,-16.713668246223325,-49.268764099396755
DGO2,DGO2_T03_S38,42,-16.713668246223325,-49.268764099396755
DGO2,DGO2_T03_S39,42,-16.713668246223325,-49.268764099396755
DGO2,DGO2_T03_S40,42,-16.713668246223325,-49.268764099396755
DGO2,DGO2_T03_S41,42,-16.7382939363428,-49.266527975932924
DGO2,DGO2_T03_S42,42,-16.78836378998517,-49.27708741294383
DGO2,DGO2_T03_S43,42,-16.70220842128199,-49.23839736800447
DGO2,DGO2_T03_S44,42,-16.70220842128199,-49.23839736800447
DGO2,DGO2_T03_S45,42,-16.711042736359705,-49.256678526297
DGO2,DGO2_T03_S46,42,-16.699782133442906,-49.25332795439163
DGO2,DGO2_T03_S47,42,-16.703681007807386,-49.24144429470572
DGO2,DGO2_T03_S48,42,-16.703681007807386,-49.24144429470572
DGO2,DGO2_T03_S49,42,-16.720193019742684,-49.26896675805881
DGO2,DGO2_T03_S50,42,-16.707261671515468,-49.23555277502364
DGO2,DGO2_T03_S51,42,-16.719039808308217,-49.259927870834666
DGO2,DGO2_T03_S52,42,-16.719039808308217,-49.259927870834666
DGO2,DGO2_T03_S53,42,-16.708933754587324,-49.26561611359319
DGO2,DGO2_T03_S54,42,-16.704517324665794,-49.25647597859663
DGO2,DGO2_T03_S55,42,-16.701254496703967,-49.256374706150886
DGO2,DGO2_T03_S56,42,-16.701254496703967,-49.256374706150886
DGO2,DGO2_T03_S57,42,-16.718402457214122,-49.271912086482935
DGO2,DGO2_T03_S58,42,-16.82697425913049,-49.257277741721495
DGO2,DGO2_T03_S59,42,-16.71724933057604,-49.262873333586796
DGO2,DGO2_T03_S60,42,-16.700617721898062,-49.268358793313055
DGO2,DGO2_T03_S61,42,-16.700617721898062,-49.268358793313055
DGO2,DGO2_T03_S62,42,-16.712514841185985,-49.25972529211412
DGO2,DGO2_T03_S63,42,-16.721983539310614,-49.2660213763777
DGO2,DGO2_T03_S64,42,-16.70578904314151,-49.232505767541404
DGO2,DGO2_T03_S65,42,-16.713469405157475,-49.241747918679124
DGO2,DGO2_T03_S66,42,-16.713469405157475,-49.241747918679124
DGO2,DGO2_T03_S67,42,-16.713787262831655,-49.23575513924147
DGO2,DGO2_T03_S68,42,-16.715140089156204,-49.27181074398622
DGO2,DGO2_T03_S69,42,-16.715140089156204,-49.27181074398622
DGO2,DGO2_T03_S70,42,-16.715140089156204,-49.27181074398622
DGO2,DGO2_T03_S71,42,-16.712514841185985,-49.25972529211412
DGO2,DGO2_T03_S72,42,-16.70535249629325,-49.271506722116925
DGO2,DGO2_T03_S73,42,-16.703681007807386,-49.24144429470572
DGO2,DGO2_T03_S74,42,-16.710405737275618,-49.2686627714708
DGO2,DGO2_T03_S75,42,-16.707461691582996,-49.26256942881037
DGO2,DGO2_T03_S76,42,-16.780691416950496,-49.267845244374975
DGO2,DGO2_T03_S77,42,-16.697354887321204,-49.268257469133815
DGO2,DGO2_T03_S78,42,-16.71724933057604,-49.262873333586796
DGO2,DGO2_T03_S79,42,-16.705671104794053,-49.26551480023858
DGO2,DGO2_T03_S80,42,-16.73471307496482,-49.27241881301911
DGO2,DGO2_T03_S81,42,-16.713986865694444,-49.26277203105814
DGO2,DGO2_T03_S82,42,-16.717567822293038,-49.256881077742605
DGO2,DGO2_T03_S83,42,-16.75901550257647,-49.27617506440896
DGO2,DGO2_T03_S84,42,-16.734834154348455,-49.2394093442428
DGO2,DGO2_T03_S85,42,-16.702089802502993,-49.271405383367394
DGO2,DGO2_T03_S86,42,-16.702089802502993,-49.271405383367394
DGO2,DGO2_T03_S87,42,-16.702089802502993,-49.271405383367394
DGO2,DGO2_T03_S88,42,-16.78836378998517,-49.27708741294383
DGO2,DGO2_T03_S89,42,-16.724926948876558,-49.27211477428684
DGO2,DGO2_T03_S90,42,-16.7382939363428,-49.266527975932924
DGO2,DGO2_T03_S91,42,-16.699145560999543,-49.26531217633909
DGO2,DGO2_T03_S92,42,-16.70578904314151,-49.232505767541404
DGO2,DGO2_T03_S93,42,-16.697673319817312,-49.26226553246238
DGO2,DGO2_T03_S94,42,-16.703045020772688,-49.25342921319945
DGO2,DGO2_T03_S95,42,-16.710206687472855,-49.24164670975218
DGO2,DGO2_T03_S96,42,-16.714623609284153,-49.25078741100185
DGO2,DGO2_T03_S97,42,-16.75901550257647,-49.27617506440896
DGO2,DGO2_T03_S98,42,-16.714305320055523,-49.256779801551644
DGO2,DGO2_T03_S99,42,-16.705471361161763,-49.23849856141749
DGO2,DGO2_T03_S100,42,-16.737778059602775,-49.245503443720835
DGO2,DGO2_T03_S101,42,-16.7166405454281,-49.18181291203213
DGO2,DGO2_T03_S102,42,-16.726717467306447,-49.26916942046782
DGO2,DGO2_T03_S103,42,-16.719157802984757,-49.22691738530965
DGO2,DGO2_T03_S104,42,-16.70630782670628,-49.25353047294347
DGO2,DGO2_T03_S105,42,-16.709252235444083,-49.259624004158475
DGO2,DGO2_T03_S106,42,-16.75283778590977,-49.083840229284434
DGO2,DGO2_T03_S107,42,-16.75977548380193,-49.23117848454566
DGO2,DGO2_T03_S108,42,-16.71442248257144,-49.22376909867508
DGO2,DGO2_T03_S109,42,-16.757348871720808,-49.24611083810055
DGO2,DGO2_T03_S110,42,-16.69799158735642,-49.256273434641415
DGO2,DGO2_T03_S111,42,-16.744848224623595,-49.17367901841214
DGO2,DGO2_T03_S112,42,-16.73379433303033,-49.19735374207939
DGO2,DGO2_T03_S113,42,-16.69556417077744,-49.2712027086786
DGO2,DGO2_T03_S114,42,-16.72137683378606,-49.18496148160193
DGO2,DGO2_T03_S115,42,-16.721664743793617,-49.27201342991647
DGO2,DGO2_T03_S116,42,-16.70694388835011,-49.24154550176104
DGO2,DGO2_T03_S117,42,-16.736503527168118,-49.269473421107044
DGO2,DGO2_T03_S118,42,-16.704198982389425,-49.26246812909124
DGO2,DGO2_T03_S119,42,-16.733160193040767,-49.20934151454625
DGO2,DGO2_T03_S120,42,-16.717163975662046,-49.20284250400193
DGO2,DGO2_T03_S121,42,-16.7354700230542,-49.227423121578134
DGO2,DGO2_T03_S122,42,-16.82697425913049,-49.257277741721495
DGO2,DGO2_T03_S123,42,-16.73295476698203,-49.18231765234096
DGO2,DGO2_T03_S124,42,-16.72484526338662,-49.212085653712066
DGO2,DGO2_T03_S125,42,-16.720511713984028,-49.26297463705198
DCE3,DCE3_T01_S01,42,-3.740691257442779,-38.55186626590272
DCE3,DCE3_T01_S02,42,-3.740691257442779,-38.55186626590272
DCE3,DCE3_T01_S03,42,-3.740691257442779,-38.55186626590272
DCE3,DCE3_T01_S04,42,-3.7320512507700725,-38.55472045313444
DCE3,DCE3_T01_S05,42,-3.7318689280967066,-38.56663435076193
DCE3,DCE3_T01_S06,42,-3.740691257442779,-38.55186626590272
DCE3,DCE3_T01_S07,42,-3.716626889574117,-38.55151839727576
DCE3,DCE3_T01_S08,42,-3.6973080771981497,-38.578050300816805
DCE3,DCE3_T01_S09,42,-3.7181176751645486,-38.56643528099692
DCE3,DCE3_T01_S10,42,-3.7213728652986577,-38.578399063241946
DCE3,DCE3_T01_S11,42,-3.7148624103499155,-38.5544719067279
DCE3,DCE3_T01_S12,42,-3.7078043011345327,-38.56628598370049
DCE3,DCE3_T01_S13,42,-3.734270619339796,-38.52198352247072
DCE3,DCE3_T01_S14,42,-3.7148624103499155,-38.5544719067279
DCE3,DCE3_T01_S15,42,-3.718208941169326,-38.56047841150369
DCE3,DCE3_T01_S16,42,-3.72061093371972,-38.515828987542506
DCE3,DCE3_T01_S17,42,-3.7325972259979334,-38.51898052036617
DCE3,DCE3_T01_S18,42,-3.725175695939057,-38.55462103313706
DCE3,DCE3_T01_S19,42,-3.728704590622056,-38.54871393273284
DCE3,DCE3_T01_S20,42,-3.735762147892396,-38.53689977960339
DCE3,DCE3_T01_S21,42,-3.7320512507700725,-38.55472045313444
DCE3,DCE3_T01_S22,42,-3.737162383707949,-38.55777348811764
DCE3,DCE3_T01_S23,42,-3.7318689280967066,-38.56663435076193
DCE3,DCE3_T01_S24,42,-3.724993289204705,-38.566534814921816
DCE3,DCE3_T01_S25,42,-3.7319601101149003,-38.5606773654278
DCE3,DCE3_T01_S26,42,-3.7356711524796657,-38.54285650097223
DCE3,DCE3_T01_S27,42,-3.726849001385393,-38.55762431324491
DCE3,DCE3_T01_S28,42,-3.7236846136369475,-38.53970439910186
DCE3,DCE3_T01_S29,42,-3.737526488756525,-38.53394625134567
DCE3,DCE3_T01_S30,42,-3.730832952092602,-38.52193397128652
DCE3,DCE3_T01_S31,42,-3.7181176751645486,-38.56643528099692
DCE3,DCE3_T01_S32,42,-3.735944014499406,-38.52498655764337
DCE3,DCE3_T01_S33,42,-3.6973080771981497,-38.578050300816805
DCE3,DCE3_T01_S34,42,-3.7376174114600262,-38.52798962586819
DCE3,DCE3_T01_S35,42,-3.727395291020414,-38.52188442057909
DCE3,DCE3_T01_S36,42,-3.7219202115806915,-38.54265789266876
DCE3,DCE3_T01_S37,42,-3.728795669654642,-38.54275719586505
DCE3,DCE3_T01_S38,42,-3.732142350060795,-38.548763614009296
DCE3,DCE3_T01_S39,42,-3.726940152936895,-38.5516674809614
DCE3,DCE3_T01_S40,42,-3.73399778762971,-38.53985331188665
DCE3,DCE3_T01_S41,42,-3.7289777037274217,-38.530843942527106
DCE3,DCE3_T01_S42,42,-3.7339067609514873,-38.54581005550164
DCE3,DCE3_T01_S43,42,-3.7254489963582698,-38.536750909545496
DCE3,DCE3_T01_S44,42,-3.7285223085716046,-38.56062762622898
DCE3,DCE3_T02_S01,42,-3.72590367114267,-38.50696884294804
DCE3,DCE3_T02_S02,42,-3.725994482199715,-38.50101265168323
DCE3,DCE3_T02_S03,42,-3.729522813905003,-38.49510595486621
DCE3,DCE3_T02_S04,42,-3.72590367114267,-38.50696884294804
DCE3,DCE3_T02_S05,42,-3.7277586577935793,-38.49805930115898
DCE3,DCE3_T02_S06,42,-3.7277586577935793,-38.49805930115898
DCE3,DCE3_T02_S07,42,-3.7277586577935793,-38.49805930115898
DCE3,DCE3_T02_S08,42,-3.7277586577935793,-38.49805930115898
DCE3,DCE3_T02_S09,42,-3.7277586577935793,-38.49805930115898
DCE3,DCE3_T02_S10,42,-3.7277586577935793,-38.49805930115898
DCE3,DCE3_T02_S11,42,-3.7277586577935793,-38.49805930115898
DCE3,DCE3_T02_S12,42,-3.7277586577935793,-38.49805930115898
DCE3,DCE3_T02_S13,42,-3.7241394447585443,-38.50992222031624
DCE3,DCE3_T02_S14,42,-3.7241394447585443,-38.50992222031624
DCE3,DCE3_T02_S15,42,-3.7241394447585443,-38.50992222031624
DCE3,DCE3_T02_S16,42,-3.731105475219585,-38.50406493358078
DCE3,DCE3_T02_S17,42,-3.7328696550962666,-38.50111155035249
DCE3,DCE3_T02_S18,42,-3.7328696550962666,-38.50111155035249
DCE3,DCE3_T02_S19,42,-3.7328696550962666,-38.50111155035249
DCE3,DCE3_T02_S20,42,-3.7241394447585443,-38.50992222031624
DCE3,DCE3_T02_S21,42,-3.729432065554503,-38.501062100779954
DCE3,DCE3_T02_S22,42,-3.729432065554503,-38.501062100779954
DCE3,DCE3_T02_S23,42,-3.729432065554503,-38.501062100779954
DCE3,DCE3_T02_S24,42,-3.729432065554503,-38.501062100779954
DCE3,DCE3_T02_S25,42,-3.729432065554503,-38.501062100779954
DCE3,DCE3_T02_S26,42,-3.7276678780803794,-38.504015469764056
DCE3,DCE3_T02_S27,42,-3.7276678780803794,-38.504015469764056
DCE3,DCE3_T02_S28,42,-3.7276678780803794,-38.504015469764056
DCE3,DCE3_T02_S29,42,-3.7311962335478723,-38.49810873601143
DCE3,DCE3_T02_S30,42,-3.729341275863836,-38.50701832100873
DCE3,DCE3_T02_S31,42,-3.7329603820433213,-38.49515537547417
DCE3,DCE3_T02_S32,42,-3.7329603820433213,-38.49515537547417
DCE3,DCE3_T02_S33,42,-3.727849396184391,-38.492103206932796
DCE3,DCE3_T02_S34,42,-3.727849396184391,-38.492103206932796
DCE3,DCE3_T02_S35,42,-3.727849396184391,-38.492103206932796
DCE3,DCE3_T02_S36,42,-3.729341275863836,-38.50701832100873
DCE3,DCE3_T02_S37,42,-3.736307250800269,-38.50116100040084
DCE3,DCE3_T02_S38,42,-3.736307250800269,-38.50116100040084
DCE3,DCE3_T02_S39,42,-3.727849396184391,-38.492103206932796
DCE3,DCE3_T02_S40,42,-3.720701838695158,-38.50987272848802
DCE3,DCE3_T02_S41,42,-3.7242302871405766,-38.503966006423276
DCE3,DCE3_T02_S42,42,-3.7242302871405766,-38.503966006423276
DCE3,DCE3_T02_S43,42,-3.727849396184391,-38.492103206932796
DCE3,DCE3_T02_S44,42,-3.7242302871405766,-38.503966006423276
DCE3,DCE3_T03_S01,42,-3.7245025665768803,-38.48609781076509
DCE3,DCE3_T03_S02,42,-3.7261759804027728,-38.4891004922271
DCE3,DCE3_T03_S03,42,-3.7261759804027728,-38.4891004922271
DCE3,DCE3_T03_S04,42,-3.7261759804027728,-38.4891004922271
DCE3,DCE3_T03_S05,42,-3.743544862598397,-38.47743530198539
DCE3,DCE3_T03_S06,42,-3.731286950516818,-38.49215261282062
DCE3,DCE3_T03_S07,42,-3.7261759804027728,-38.4891004922271
DCE3,DCE3_T03_S08,42,-3.736488620471789,-38.48924866715616
DCE3,DCE3_T03_S09,42,-3.729613520913942,-38.48914988339486
DCE3,DCE3_T03_S10,42,-3.729613520913942,-38.48914988339486
DCE3,DCE3_T03_S11,42,-3.729613520913942,-38.48914988339486
DCE3,DCE3_T03_S12,42,-3.729613520913942,-38.48914988339486
DCE3,DCE3_T03_S13,42,-3.729613520913942,-38.48914988339486
DCE3,DCE3_T03_S14,42,-3.734815165172965,-38.48624594153366
DCE3,DCE3_T03_S15,42,-3.734815165172965,-38.48624594153366
DCE3,DCE3_T03_S16,42,-3.734815165172965,-38.48624594153366
DCE3,DCE3_T03_S17,42,-3.7347245110236797,-38.49220201918385
DCE3,DCE3_T03_S18,42,-3.7330510676118607,-38.489199275037876
DCE3,DCE3_T03_S19,42,-3.7330510676118607,-38.489199275037876
DCE3,DCE3_T03_S20,42,-3.7330510676118607,-38.489199275037876
DCE3,DCE3_T03_S21,42,-3.7384338514415307,-38.47438333020018
DCE3,DCE3_T03_S22,42,-3.740197858802874,-38.47143003257004
DCE3,DCE3_T03_S23,42,-3.7330510676118607,-38.489199275037876
DCE3,DCE3_T03_S24,42,-3.740197858802874,-38.47143003257004
DCE3,DCE3_T03_S25,42,-3.740016780702583,-38.483341975951404
DCE3,DCE3_T03_S26,42,-3.7330510676118607,-38.489199275037876
DCE3,DCE3_T03_S27,42,-3.7228291547234478,-38.48309516256269
DCE3,DCE3_T03_S28,42,-3.727940093251429,-38.486147187212815
DCE3,DCE3_T03_S29,42,-3.740107340481002,-38.47738596684907
DCE3,DCE3_T03_S30,42,-3.7383433016247003,-38.480339287423575
DCE3,DCE3_T03_S31,42,-3.7418713597347164,-38.47443265061584
DCE3,DCE3_T03_S32,42,-3.729704186579939,-38.48319388649319
DCE3,DCE3_T03_S33,42,-3.731558853253755,-38.47428469079265
DCE3,DCE3_T03_S34,42,-3.7367603643492644,-38.471380726874976
DCE3,DCE3_T03_S35,42,-3.7349057779231836,-38.48028993851631
DCE3,DCE3_T03_S36,42,-3.728030748993304,-38.48019124212637
DCE3,DCE3_T03_S37,42,-3.7402883356668295,-38.46547417324161
DCE3,DCE3_T03_S38,42,-3.7211557448592054,-38.48009254763584
DCE3,DCE3_T03_S39,42,-3.7417808314509444,-38.48038863680571
DCE3,DCE3_T03_S40,42,-3.7417808314509444,-38.48038863680571
DCE3,DCE3_T03_S41,42,-3.7245932438144136,-38.48014189464369
DCE3,DCE3_T03_S42,42,-3.736579243182966,-38.483292612323666
DCE3,DCE3_T03_S43,42,-3.7350868792209346,-38.46837815688939
DCE3,DCE3_T03_S44,42,-3.7331417118005024,-38.48324324917093
DCE3,DCE3_T04_S01,42,-3.729341275863836,-38.50701832100873
DCE3,DCE3_T04_S02,42,-3.729341275863836,-38.50701832100873
DCE3,DCE3_T04_S03,42,-3.734543078533454,-38.504114397873444
DCE3,DCE3_T04_S04,42,-3.7343614804635994,-38.516027073566384
DCE3,DCE3_T04_S05,42,-3.737980687997246,-38.50416386264208
DCE3,DCE3_T04_S06,42,-3.737980687997246,-38.50416386264208
DCE3,DCE3_T04_S07,42,-3.734452300195285,-38.510070698658176
DCE3,DCE3_T04_S08,42,-3.7275770570461875,-38.50997171262066
DCE3,DCE3_T04_S09,42,-3.7275770570461875,-38.50997171262066
DCE3,DCE3_T04_S10,42,-3.7275770570461875,-38.50997171262066
DCE3,DCE3_T04_S11,42,-3.7275770570461875,-38.50997171262066
DCE3,DCE3_T04_S12,42,-3.7413275679445266,-38.51016968660061
DCE3,DCE3_T04_S13,42,-3.7413275679445266,-38.51016968660061
DCE3,DCE3_T04_S14,42,-3.7292504448343933,-38.51297461542519
DCE3,DCE3_T04_S15,42,-3.7292504448343933,-38.51297461542519
DCE3,DCE3_T04_S16,42,-3.7310146755333475,-38.510021205401316
DCE3,DCE3_T04_S17,42,-3.7310146755333475,-38.510021205401316
DCE3,DCE3_T04_S18,42,-3.7310146755333475,-38.510021205401316
DCE3,DCE3_T04_S19,42,-3.7413275679445266,-38.51016968660061
DCE3,DCE3_T04_S20,42,-3.7327788867720906,-38.507067799545496
DCE3,DCE3_T04_S21,42,-3.7327788867720906,-38.507067799545496
DCE3,DCE3_T04_S22,42,-3.743001010661359,-38.51317264828601
DCE3,DCE3_T04_S23,42,-3.7362165038426953,-38.507117278558354
DCE3,DCE3_T04_S24,42,-3.732688077072179,-38.51302412292584
DCE3,DCE3_T04_S25,42,-3.732688077072179,-38.51302412292584
DCE3,DCE3_T04_S26,42,-3.7362165038426953,-38.507117278558354
DCE3,DCE3_T04_S27,42,-3.7360348856908674,-38.51903005730699
DCE3,DCE3_T04_S28,42,-3.743001010661359,-38.51317264828601
DCE3,DCE3_T04_S29,42,-3.7258128187838104,-38.51292510840089
DCE3,DCE3_T04_S30,42,-3.739563360010403,-38.513123139356246
DCE3,DCE3_T04_S31,42,-3.736125715472429,-38.513073630902866
DCE3,DCE3_T04_S32,42,-3.736125715472429,-38.513073630902866
DCE3,DCE3_T04_S33,42,-3.7377991325867934,-38.5160765962636
DCE3,DCE3_T04_S34,42,-3.7223751989451705,-38.51287560185295
DCE3,DCE3_T04_S35,42,-3.7309238344905524,-38.51597755134568
DCE3,DCE3_T04_S36,42,-3.7377991325867934,-38.5160765962636
DCE3,DCE3_T04_S37,42,-3.7223751989451705,-38.51287560185295
DCE3,DCE3_T04_S38,42,-3.7378899310072575,-38.51012019239128
DCE3,DCE3_T04_S39,42,-3.7325972259979334,-38.51898052036617
DCE3,DCE3_T04_S40,42,-3.744674455184667,-38.51617564308757
DCE3,DCE3_T04_S41,42,-3.739472551521638,-38.51907959472445
DCE3,DCE3_T04_S42,42,-3.727486194692398,-38.51592802960146
DCE3,DCE3_T04_S43,42,-3.7412367908353965,-38.51612611943733
DCE3,DCE3_T04_S44,42,-3.739654127050911,-38.50716675804731
DCE3,DCE3_T05_S01,42,-3.745218367377185,-38.48043798666273
DCE3,DCE3_T05_S02,42,-3.745218367377185,-38.48043798666273
DCE3,DCE3_T05_S03,42,-3.741508997759095,-38.49825704342287
DCE3,DCE3_T05_S04,42,-3.7450372293434966,-38.49235024112604
DCE3,DCE3_T05_S05,42,-3.7434543243346203,-38.48339134005417
DCE3,DCE3_T05_S06,42,-3.7434543243346203,-38.48339134005417
DCE3,DCE3_T05_S07,42,-3.7434543243346203,-38.48339134005417
DCE3,DCE3_T05_S08,42,-3.7434543243346203,-38.48339134005417
DCE3,DCE3_T05_S09,42,-3.741508997759095,-38.49825704342287
DCE3,DCE3_T05_S10,42,-3.7415996504617595,-38.49230083333655
DCE3,DCE3_T05_S11,42,-3.7415996504617595,-38.49230083333655
DCE3,DCE3_T05_S12,42,-3.7415996504617595,-38.49230083333655
DCE3,DCE3_T05_S13,42,-3.7434543243346203,-38.48339134005417
DCE3,DCE3_T05_S14,42,-3.7415996504617595,-38.49230083333655
DCE3,DCE3_T05_S15,42,-3.7363979563437635,-38.49520479655766
DCE3,DCE3_T05_S16,42,-3.7363979563437635,-38.49520479655766
DCE3,DCE3_T05_S17,42,-3.7363979563437635,-38.49520479655766
DCE3,DCE3_T05_S18,42,-3.739835536781588,-38.495254218116706
DCE3,DCE3_T05_S19,42,-3.739835536781588,-38.495254218116706
DCE3,DCE3_T05_S20,42,-3.739835536781588,-38.495254218116706
DCE3,DCE3_T05_S21,42,-3.739835536781588,-38.495254218116706
DCE3,DCE3_T05_S22,42,-3.739835536781588,-38.495254218116706
DCE3,DCE3_T05_S23,42,-3.739835536781588,-38.495254218116706
DCE3,DCE3_T05_S24,42,-3.739835536781588,-38.495254218116706
DCE3,DCE3_T05_S25,42,-3.7468918740543407,-38.48344070463194
DCE3,DCE3_T05_S26,42,-3.7468918740543407,-38.48344070463194
DCE3,DCE3_T05_S27,42,-3.738162077680242,-38.492251426022484
DCE3,DCE3_T05_S28,42,-3.738162077680242,-38.492251426022484
DCE3,DCE3_T05_S29,42,-3.7397448526417674,-38.501210450925015
DCE3,DCE3_T05_S30,42,-3.7397448526417674,-38.501210450925015
DCE3,DCE3_T05_S31,42,-3.7397448526417674,-38.501210450925015
DCE3,DCE3_T05_S32,42,-3.7397448526417674,-38.501210450925015
DCE3,DCE3_T05_S33,42,-3.743363744578718,-38.489347452818585
DCE3,DCE3_T05_S34,42,-3.741418303586223,-38.504213327886674
DCE3,DCE3_T05_S35,42,-3.7416902616928343,-38.48634469775506
DCE3,DCE3_T05_S36,42,-3.7416902616928343,-38.48634469775506
DCE3,DCE3_T05_S37,42,-3.738162077680242,-38.492251426022484
DCE3,DCE3_T05_S38,42,-3.738162077680242,-38.492251426022484
DCE3,DCE3_T05_S39,42,-3.7380714035553697,-38.498207607143364
DCE3,DCE3_T05_S40,42,-3.7380714035553697,-38.498207607143364
DCE3,DCE3_T05_S41,42,-3.7380714035553697,-38.498207607143364
DCE3,DCE3_T05_S42,42,-3.743273123332059,-38.495303640151306
DCE3,DCE3_T05_S43,42,-3.7416902616928343,-38.48634469775506
DCE3,DCE3_T05_S44,42,-3.738162077680242,-38.492251426022484
DCE3,DCE3_T06_S01,42,-3.7492402452714475,-38.5549690114978
DCE3,DCE3_T06_S02,42,-3.740691257442779,-38.55186626590272
DCE3,DCE3_T06_S03,42,-3.7492402452714475,-38.5549690114978
DCE3,DCE3_T06_S04,42,-3.740691257442779,-38.55186626590272
DCE3,DCE3_T06_S05,42,-3.7492402452714475,-38.5549690114978
DCE3,DCE3_T06_S06,42,-3.7492402452714475,-38.5549690114978
DCE3,DCE3_T06_S07,42,-3.740964210717349,-38.533995861410425
DCE3,DCE3_T06_S08,42,-3.7492402452714475,-38.5549690114978
DCE3,DCE3_T06_S09,42,-3.740691257442779,-38.55186626590272
DCE3,DCE3_T06_S10,42,-3.740964210717349,-38.533995861410425
DCE3,DCE3_T06_S11,42,-3.7492402452714475,-38.5549690114978
DCE3,DCE3_T06_S12,42,-3.7480213495837673,-38.52218173197535
DCE3,DCE3_T06_S13,42,-3.746075354670062,-38.537048653958436
DCE3,DCE3_T06_S14,42,-3.746166245131073,-38.53109191924986
DCE3,DCE3_T06_S15,42,-3.742546659857821,-38.542955807990346
DCE3,DCE3_T06_S16,42,-3.7496947994260843,-38.525184826029665
DCE3,DCE3_T06_S17,42,-3.7496947994260843,-38.525184826029665
DCE3,DCE3_T06_S18,42,-3.7496947994260843,-38.525184826029665
DCE3,DCE3_T06_S19,42,-3.7392908102049196,-38.53099272712918
DCE3,DCE3_T06_S20,42,-3.7392908102049196,-38.53099272712918
DCE3,DCE3_T06_S21,42,-3.7477487722796377,-38.54005186895274
DCE3,DCE3_T06_S22,42,-3.751459047334852,-38.5222312855435
DCE3,DCE3_T06_S23,42,-3.7477487722796377,-38.54005186895274
DCE3,DCE3_T06_S24,42,-3.7462570940740894,-38.52513525821769
DCE3,DCE3_T06_S25,42,-3.741145972260223,-38.52208262626945
DCE3,DCE3_T06_S26,42,-3.74449281908168,-38.52808878854811
DCE3,DCE3_T06_S27,42,-3.74449281908168,-38.52808878854811
DCE3,DCE3_T06_S28,42,-3.7492402452714475,-38.5549690114978
DCE3,DCE3_T06_S29,42,-3.7513682510079254,-38.528187953136324
DCE3,DCE3_T06_S30,42,-3.7427285246237085,-38.53104232295092
DCE3,DCE3_T06_S31,42,-3.7427285246237085,-38.53104232295092
DCE3,DCE3_T06_S32,42,-3.742910223465501,-38.519129132618566
DCE3,DCE3_T06_S33,42,-3.751459047334852,-38.5222312855435
DCE3,DCE3_T06_S34,42,-3.7410551122204083,-38.528039206969616
DCE3,DCE3_T06_S35,42,-3.742546659857821,-38.542955807990346
DCE3,DCE3_T06_S36,42,-3.742819394785819,-38.52508569088266
DCE3,DCE3_T06_S37,42,-3.740691257442779,-38.55186626590272
DCE3,DCE3_T06_S38,42,-3.747930532019101,-38.528138370603685
DCE3,DCE3_T06_S39,42,-3.746347901497717,-38.51917867098933
DCE3,DCE3_T06_S40,42,-3.74942219159116,-38.54305511691945
DCE3,DCE3_T06_S41,42,-3.7426376129805736,-38.53699902869595
DCE3,DCE3_T06_S42,42,-3.73770829273725,-38.52203307413169
DCE3,DCE3_T06_S43,42,-3.749331239206674,-38.54901202756172
DCE3,DCE3_T06_S44,42,-3.744401938779173,-38.53404547195251
DCE3,DCE3_T07_S01,42,-3.7585158436443797,-38.510417164791086
DCE3,DCE3_T07_S02,42,-3.7585158436443797,-38.510417164791086
DCE3,DCE3_T07_S03,42,-3.7448559252756413,-38.50426279360724
DCE3,DCE3_T07_S04,42,-3.7585158436443797,-38.510417164791086
DCE3,DCE3_T07_S05,42,-3.7465293917812104,-38.50726571845355
DCE3,DCE3_T07_S06,42,-3.7465293917812104,-38.50726571845355
DCE3,DCE3_T07_S07,42,-3.7465293917812104,-38.50726571845355
DCE3,DCE3_T07_S08,42,-3.7430917563719954,-38.507216238012376
DCE3,DCE3_T07_S09,42,-3.7430917563719954,-38.507216238012376
DCE3,DCE3_T07_S10,42,-3.7431824605960244,-38.501259901925025
DCE3,DCE3_T07_S11,42,-3.746801315776242,-38.48939684636272
DCE3,DCE3_T07_S12,42,-3.76055166094947,-38.489594425292374
DCE3,DCE3_T07_S13,42,-3.76055166094947,-38.489594425292374
DCE3,DCE3_T07_S14,42,-3.7484748143007125,-38.492399649390954
DCE3,DCE3_T07_S15,42,-3.7484748143007125,-38.492399649390954
DCE3,DCE3_T07_S16,42,-3.7449465980631516,-38.49830648017807
DCE3,DCE3_T07_S17,42,-3.7585158436443797,-38.510417164791086
DCE3,DCE3_T07_S18,42,-3.7622252143895665,-38.49259728720509
DCE3,DCE3_T07_S19,42,-3.7483842044428,-38.49835591740898
DCE3,DCE3_T07_S20,42,-3.7587876053778366,-38.492547877038376
DCE3,DCE3_T07_S21,42,-3.7587876053778366,-38.492547877038376
DCE3,DCE3_T07_S22,42,-3.7482935530407646,-38.50431225980378
DCE3,DCE3_T07_S23,42,-3.7519124053086683,-38.492449058131314
DCE3,DCE3_T07_S24,42,-3.7519124053086683,-38.492449058131314
DCE3,DCE3_T07_S25,42,-3.7500576947438486,-38.50135880535256
DCE3,DCE3_T07_S26,42,-3.7500576947438486,-38.50135880535256
DCE3,DCE3_T07_S27,42,-3.746710715970436,-38.49535306266148
DCE3,DCE3_T07_S28,42,-3.744765210982352,-38.51021918128619
DCE3,DCE3_T07_S29,42,-3.749876330203247,-38.51327166757469
DCE3,DCE3_T07_S30,42,-3.748202860095991,-38.51026867644802
DCE3,DCE3_T07_S31,42,-3.751640515260704,-38.510318172086116
DCE3,DCE3_T07_S32,42,-3.7481121256098633,-38.51622516721434
DCE3,DCE3_T07_S33,42,-3.749967033253812,-38.507315199370844
DCE3,DCE3_T07_S34,42,-3.755078176451748,-38.51036766820046
DCE3,DCE3_T07_S35,42,-3.7517311868568477,-38.504361726476304
DCE3,DCE3_T07_S36,42,-3.7517311868568477,-38.504361726476304
DCE3,DCE3_T07_S37,42,-3.7464386674005525,-38.513222157692155
DCE3,DCE3_T07_S38,42,-3.7464386674005525,-38.513222157692155
DCE3,DCE3_T07_S39,42,-3.7515498020862417,-38.51627469181763
DCE3,DCE3_T07_S40,42,-3.753404680765061,-38.507364680764255
DCE3,DCE3_T07_S41,42,-3.7587876053778366,-38.492547877038376
DCE3,DCE3_T07_S42,42,-3.7533139990446998,-38.51332117793363
DCE3,DCE3_T07_S43,42,-3.7584251730935834,-38.51637374245384
DCE3,DCE3_T07_S44,42,-3.760189354744909,-38.51342020008072
DCE3,DCE3_T08_S01,42,-3.7469823908033604,-38.477484637596454
DCE3,DCE3_T08_S02,42,-3.7469823908033604,-38.477484637596454
DCE3,DCE3_T08_S03,42,-3.7469823908033604,-38.477484637596454
DCE3,DCE3_T08_S04,42,-3.747072866021935,-38.47152864538357
DCE3,DCE3_T08_S05,42,-3.7469823908033604,-38.477484637596454
DCE3,DCE3_T08_S06,42,-3.7453088741277814,-38.474481971506115
DCE3,DCE3_T08_S07,42,-3.7453088741277814,-38.474481971506115
DCE3,DCE3_T08_S08,42,-3.7453088741277814,-38.474481971506115
DCE3,DCE3_T08_S09,42,-3.7453088741277814,-38.474481971506115
DCE3,DCE3_T08_S10,42,-3.7657532903669027,-38.48669035949763
DCE3,DCE3_T08_S11,42,-3.748836838263697,-38.46857532363345
DCE3,DCE3_T08_S12,42,-3.7453088741277814,-38.474481971506115
DCE3,DCE3_T08_S13,42,-3.7468918740543407,-38.48344070463194
DCE3,DCE3_T08_S14,42,-3.75887810931143,-38.486591596623846
DCE3,DCE3_T08_S15,42,-3.75887810931143,-38.486591596623846
DCE3,DCE3_T08_S16,42,-3.760642133315232,-38.48363816769338
DCE3,DCE3_T08_S17,42,-3.760642133315232,-38.48363816769338
DCE3,DCE3_T08_S18,42,-3.7640797131022614,-38.48368753464636
DCE3,DCE3_T08_S19,42,-3.7640797131022614,-38.48368753464636
DCE3,DCE3_T08_S20,42,-3.7471632997087,-38.46557272812063
DCE3,DCE3_T08_S21,42,-3.7471632997087,-38.46557272812063
DCE3,DCE3_T08_S22,42,-3.745399339365725,-38.46852603123594
DCE3,DCE3_T08_S23,42,-3.743635359368676,-38.47147933873957
DCE3,DCE3_T08_S24,42,-3.743635359368676,-38.47147933873957
DCE3,DCE3_T08_S25,42,-3.743635359368676,-38.47147933873957
DCE3,DCE3_T08_S26,42,-3.748746394595989,-38.474531292871
DCE3,DCE3_T08_S27,42,-3.762315696863332,-38.48664097782314
DCE3,DCE3_T08_S28,42,-3.743635359368676,-38.47147933873957
DCE3,DCE3_T08_S29,42,-3.7506911613637994,-38.4596661351177
DCE3,DCE3_T08_S30,42,-3.760732564004112,-38.477681984788305
DCE3,DCE3_T08_S31,42,-3.7522743432119627,-38.46862461650532
DCE3,DCE3_T08_S32,42,-3.7468918740543407,-38.48344070463194
DCE3,DCE3_T08_S33,42,-3.7524550626416078,-38.45671284526146
DCE3,DCE3_T08_S34,42,-3.7640797131022614,-38.48368753464636
DCE3,DCE3_T08_S35,42,-3.7521839211145993,-38.474580614710504
DCE3,DCE3_T08_S36,42,-3.7557118541857792,-38.468673909851546
DCE3,DCE3_T08_S37,42,-3.7490176009448724,-38.456663610325876
DCE3,DCE3_T08_S38,42,-3.7505103787379093,-38.47157795250207
DCE3,DCE3_T08_S39,42,-3.745489763089651,-38.4625701659795
DCE3,DCE3_T08_S40,42,-3.76240613764242,-38.480684743071265
DCE3,DCE3_T08_S41,42,-3.7572045594921866,-38.483588801215454
DCE3,DCE3_T08_S42,42,-3.7543092098806157,-38.4478038102692
DCE3,DCE3_T08_S43,42,-3.7504199250711507,-38.47753397368226
DCE3,DCE3_T08_S44,42,-3.7711355809654417,-38.47187380517745
DCE3,DCE3_T09_S01,42,-3.7492402452714475,-38.5549690114978
DCE3,DCE3_T09_S02,42,-3.764209778753915,-38.587958157144996
DCE3,DCE3_T09_S03,42,-3.757607264015253,-38.56998625584386
DCE3,DCE3_T09_S04,42,-3.7492402452714475,-38.5549690114978
DCE3,DCE3_T09_S05,42,-3.764209778753915,-38.587958157144996
DCE3,DCE3_T09_S06,42,-3.757607264015253,-38.56998625584386
DCE3,DCE3_T09_S07,42,-3.771176789900692,-38.58210033371322
DCE3,DCE3_T09_S08,42,-3.764209778753915,-38.587958157144996
DCE3,DCE3_T09_S09,42,-3.757607264015253,-38.56998625584386
DCE3,DCE3_T09_S10,42,-3.771176789900692,-38.58210033371322
DCE3,DCE3_T09_S11,42,-3.764209778753915,-38.587958157144996
DCE3,DCE3_T09_S12,42,-3.757607264015253,-38.56998625584386
DCE3,DCE3_T09_S13,42,-3.771176789900692,-38.58210033371322
DCE3,DCE3_T09_S14,42,-3.7418175417796036,-38.5906126748314
DCE3,DCE3_T09_S15,42,-3.764209778753915,-38.587958157144996
DCE3,DCE3_T09_S16,42,-3.757607264015253,-38.56998625584386
DCE3,DCE3_T09_S17,42,-3.771176789900692,-38.58210033371322
DCE3,DCE3_T09_S18,42,-3.7418175417796036,-38.5906126748314
DCE3,DCE3_T09_S19,42,-3.764209778753915,-38.587958157144996
DCE3,DCE3_T09_S20,42,-3.757607264015253,-38.56998625584386
DCE3,DCE3_T09_S21,42,-3.771176789900692,-38.58210033371322
DCE3,DCE3_T09_S22,42,-3.7418175417796036,-38.5906126748314
DCE3,DCE3_T09_S23,42,-3.764209778753915,-38.587958157144996
DCE3,DCE3_T09_S24,42,-3.757607264015253,-38.56998625584386
DCE3,DCE3_T09_S25,42,-3.771176789900692,-38.58210033371322
DCE3,DCE3_T09_S26,42,-3.7418175417796036,-38.5906126748314
DCE3,DCE3_T09_S27,42,-3.7644830392201722,-38.5700858297448
DCE3,DCE3_T09_S28,42,-3.7593717282239703,-38.56703251327561
DCE3,DCE3_T09_S29,42,-3.723046116532683,-38.581402532314755
DCE3,DCE3_T09_S30,42,-3.764209778753915,-38.587958157144996
DCE3,DCE3_T09_S31,42,-3.7593717282239703,-38.56703251327561
DCE3,DCE3_T09_S32,42,-3.723046116532683,-38.581402532314755
DCE3,DCE3_T09_S33,42,-3.7586421163587245,-38.614692863572074
DCE3,DCE3_T09_S34,42,-3.758733463617853,-38.60873506682982
DCE3,DCE3_T09_S35,42,-3.7674653974178414,-38.59992333708894
DCE3,DCE3_T09_S36,42,-3.7747057641449646,-38.576192650869125
DCE3,DCE3_T09_S37,42,-3.738835731666827,-38.560776845261096
DCE3,DCE3_T09_S38,42,-3.7387445916425945,-38.566733888517305
DCE3,DCE3_T09_S39,42,-3.723046116532683,-38.581402532314755
DCE3,DCE3_T09_S40,42,-3.771176789900692,-38.58210033371322
DCE3,DCE3_T09_S41,42,-3.7418175417796036,-38.5906126748314
DCE3,DCE3_T09_S42,42,-3.7406001901008383,-38.55782321403205
DCE3,DCE3_T09_S43,42,-3.74041793104985,-38.56973732947399
DCE3,DCE3_T09_S44,42,-3.7644830392201722,-38.5700858297448
DCE3,DCE3_T10_S01,42,-3.7631733273315784,-38.54325374051085
DCE3,DCE3_T10_S02,42,-3.7631733273315784,-38.54325374051085
DCE3,DCE3_T10_S03,42,-3.7631733273315784,-38.54325374051085
DCE3,DCE3_T10_S04,42,-3.7631733273315784,-38.54325374051085
DCE3,DCE3_T10_S05,42,-3.7631733273315784,-38.54325374051085
DCE3,DCE3_T10_S06,42,-3.7631733273315784,-38.54325374051085
DCE3,DCE3_T10_S07,42,-3.794204363778141,-38.53774345777196
DCE3,DCE3_T10_S08,42,-3.7531325108170552,-38.52523439431858
DCE3,DCE3_T10_S09,42,-3.7544424595699977,-38.552065058494485
DCE3,DCE3_T10_S10,42,-3.7631733273315784,-38.54325374051085
DCE3,DCE3_T10_S11,42,-3.764846802531301,-38.54625708031758
DCE3,DCE3_T10_S12,42,-3.7582437070408177,-38.528287119632864
DCE3,DCE3_T10_S13,42,-3.7547151593232257,-38.53419430644286
DCE3,DCE3_T10_S14,42,-3.756479442937182,-38.531240711009964
DCE3,DCE3_T10_S15,42,-3.756479442937182,-38.531240711009964
DCE3,DCE3_T10_S16,42,-3.754805976023412,-38.52823753614605
DCE3,DCE3_T10_S17,42,-3.7565702282222633,-38.52528396308444
DCE3,DCE3_T10_S18,42,-3.764846802531301,-38.54625708031758
DCE3,DCE3_T10_S19,42,-3.7580620743957485,-38.5402007917673
DCE3,DCE3_T10_S20,42,-3.7733050905406165,-38.55531701329557
DCE3,DCE3_T10_S21,42,-3.7565702282222633,-38.52528396308444
DCE3,DCE3_T10_S22,42,-3.759917187551412,-38.53129030921778
DCE3,DCE3_T10_S23,42,-3.7544424595699977,-38.552065058494485
DCE3,DCE3_T10_S24,42,-3.78185433565095,-38.55841996232411
DCE3,DCE3_T10_S25,42,-3.7872380426272816,-38.543601350190926
DCE3,DCE3_T10_S26,42,-3.7905851832879427,-38.54960826884863
DCE3,DCE3_T10_S27,42,-3.792440132893616,-38.54069723219694
DCE3,DCE3_T10_S28,42,-3.753041704312552,-38.53119111327938
DCE3,DCE3_T10_S29,42,-3.7785072934305752,-38.552412963940284
DCE3,DCE3_T10_S30,42,-3.7715407192323913,-38.558270768791694
DCE3,DCE3_T10_S31,42,-3.759644645365167,-38.54916108142953
DCE3,DCE3_T10_S32,42,-3.7836186841454778,-38.55546616409836
DCE3,DCE3_T10_S33,42,-3.7598263818199995,-38.53724715978328
DCE3,DCE3_T10_S34,42,-3.7548967511124887,-38.522280839588454
DCE3,DCE3_T10_S35,42,-3.761499853755564,-38.54025043366076
DCE3,DCE3_T10_S36,42,-3.7890023008508082,-38.54064758600439
DCE3,DCE3_T10_S37,42,-3.7750694423365525,-38.55236326172768
DCE3,DCE3_T10_S38,42,-3.7666111261793707,-38.54330339760316
DCE3,DCE3_T10_S39,42,-3.785473764791811,-38.54655511836802
DCE3,DCE3_T10_S40,42,-3.7698672377052747,-38.555267297318025
DCE3,DCE3_T10_S41,42,-3.7578802751695526,-38.552114757837856
DCE3,DCE3_T10_S42,42,-3.764755924276745,-38.55221415795918
DCE3,DCE3_T10_S43,42,-3.7802716180739484,-38.5494592020728
DCE3,DCE3_T10_S44,42,-3.778416457673944,-38.558370230668146
DCE3,DCE3_T11_S01,42,-3.7778300913953915,-38.48388500720894
DCE3,DCE3_T11_S02,42,-3.7673363982612393,-38.495649607709765
DCE3,DCE3_T11_S03,42,-3.7778300913953915,-38.48388500720894
DCE3,DCE3_T11_S04,42,-3.7760661063402043,-38.48683850737231
DCE3,DCE3_T11_S05,42,-3.7760661063402043,-38.48683850737231
DCE3,DCE3_T11_S06,42,-3.76398926221486,-38.489643821213086
DCE3,DCE3_T11_S07,42,-3.76398926221486,-38.489643821213086
DCE3,DCE3_T11_S08,42,-3.8028442253065013,-38.53488892420692
DCE3,DCE3_T11_S09,42,-3.7673363982612393,-38.495649607709765
DCE3,DCE3_T11_S10,42,-3.7760661063402043,-38.48683850737231
DCE3,DCE3_T11_S11,42,-3.79130959994014,-38.50195226589127
DCE3,DCE3_T11_S12,42,-3.798184999010311,-38.502051182643804
DCE3,DCE3_T11_S13,42,-3.7691004502436187,-38.492696108964935
DCE3,DCE3_T11_S14,42,-3.7691004502436187,-38.492696108964935
DCE3,DCE3_T11_S15,42,-3.7638987696149835,-38.49560018234606
DCE3,DCE3_T11_S16,42,-3.791490284076351,-38.49003900569136
DCE3,DCE3_T11_S17,42,-3.7862886427359146,-38.49294317168556
DCE3,DCE3_T11_S18,42,-3.774482832626813,-38.477879339576646
DCE3,DCE3_T11_S19,42,-3.774302101548173,-38.48979201182725
DCE3,DCE3_T11_S20,42,-3.774302101548173,-38.48979201182725
DCE3,DCE3_T11_S21,42,-3.7725380770364567,-38.49274552055807
DCE3,DCE3_T11_S22,42,-3.7725380770364567,-38.49274552055807
DCE3,DCE3_T11_S23,42,-3.790947727613671,-38.5257796769768
DCE3,DCE3_T11_S24,42,-3.794204363778141,-38.53774345777196
DCE3,DCE3_T11_S25,42,-3.7743924879998394,-38.48383563835568
DCE3,DCE3_T11_S26,42,-3.781267700631223,-38.483934376537285
DCE3,DCE3_T11_S27,42,-3.79130959994014,-38.50195226589127
DCE3,DCE3_T11_S28,42,-3.798184999010311,-38.502051182643804
DCE3,DCE3_T11_S29,42,-3.77262849513008,-38.48678912427221
DCE3,DCE3_T11_S30,42,-3.789364635628139,-38.516819493906844
DCE3,DCE3_T11_S31,42,-3.770774032822217,-38.49569903354908
DCE3,DCE3_T11_S32,42,-3.8045178709829623,-38.53789235648102
DCE3,DCE3_T11_S33,42,-3.7795037234030335,-38.48688789094764
DCE3,DCE3_T11_S34,42,-3.798094636670433,-38.508007982209115
DCE3,DCE3_T11_S35,42,-3.773940137521754,-38.51361825009198
DCE3,DCE3_T11_S36,42,-3.7925307583933514,-38.53474006966578
DCE3,DCE3_T11_S37,42,-3.7670647343032413,-38.51351922413349
DCE3,DCE3_T11_S38,42,-3.7862886427359146,-38.49294317168556
DCE3,DCE3_T11_S39,42,-3.7691908897973976,-38.48673974164731
DCE3,DCE3_T11_S40,42,-3.7724476171386545,-38.49870199134564
DCE3,DCE3_T11_S41,42,-3.7688288809843935,-38.510565657420656
DCE3,DCE3_T11_S42,42,-3.7858363522234124,-38.52272684745065
DCE3,DCE3_T11_S43,42,-3.7878719090051214,-38.501902808228905
DCE3,DCE3_T11_S44,42,-3.775975709706848,-38.4927949326267
DCE3,DCE3_T12_S01,42,-3.791490284076351,-38.49003900569136
DCE3,DCE3_T12_S02,42,-3.791490284076351,-38.49003900569136
DCE3,DCE3_T12_S03,42,-3.791490284076351,-38.49003900569136
DCE3,DCE3_T12_S04,42,-3.791490284076351,-38.49003900569136
DCE3,DCE3_T12_S05,42,-3.822429372257776,-38.49048362459676
DCE3,DCE3_T12_S06,42,-3.810352354232788,-38.493289079466216
DCE3,DCE3_T12_S07,42,-3.810352354232788,-38.493289079466216
DCE3,DCE3_T12_S08,42,-3.803657387449439,-38.48127700689529
DCE3,DCE3_T12_S09,42,-3.810352354232788,-38.493289079466216
DCE3,DCE3_T12_S10,42,-3.8069146641477207,-38.493239662642345
DCE3,DCE3_T12_S11,42,-3.8069146641477207,-38.493239662642345
DCE3,DCE3_T12_S12,42,-3.822429372257776,-38.49048362459676
DCE3,DCE3_T12_S13,42,-3.808768781798826,-38.48432934826805
DCE3,DCE3_T12_S14,42,-3.807004867633897,-38.487282976659024
DCE3,DCE3_T12_S15,42,-3.803657387449439,-38.48127700689529
DCE3,DCE3_T12_S16,42,-3.8069146641477207,-38.493239662642345
DCE3,DCE3_T12_S17,42,-3.8225194579966684,-38.484526845536784
DCE3,DCE3_T12_S18,42,-3.8037475281192457,-38.47532049926217
DCE3,DCE3_T12_S19,42,-3.807095028944991,-38.48132636530131
DCE3,DCE3_T12_S20,42,-3.807004867633897,-38.487282976659024
DCE3,DCE3_T12_S21,42,-3.803476979692776,-38.493190246294034
DCE3,DCE3_T12_S22,42,-3.8174980416408384,-38.475517819848044
DCE3,DCE3_T12_S23,42,-3.791490284076351,-38.49003900569136
DCE3,DCE3_T12_S24,42,-3.8314284535130065,-38.46380189396296
DCE3,DCE3_T12_S25,42,-3.817407987112161,-38.48147444336945
DCE3,DCE3_T12_S26,42,-3.7983655974507315,-38.49013780656467
DCE3,DCE3_T12_S27,42,-3.837944084958916,-38.48772748444358
DCE3,DCE3_T12_S28,42,-3.791941259251476,-38.460257162280776
DCE3,DCE3_T12_S29,42,-3.7882331950880834,-38.478076701961925
DCE3,DCE3_T12_S30,42,-3.8089489985326517,-38.47241624611846
DCE3,DCE3_T12_S31,42,-3.807545202827748,-38.45154443235366
DCE3,DCE3_T12_S32,42,-3.7850661843734876,-38.460158653013686
DCE3,DCE3_T12_S33,42,-3.802073780180825,-38.47231761622166
DCE3,DCE3_T12_S34,42,-3.82622707940116,-38.46670624557771
DCE3,DCE3_T12_S35,42,-3.8600919220804197,-38.38676431532325
DCE3,DCE3_T12_S36,42,-3.8192618681289328,-38.4725641945232
DCE3,DCE3_T12_S37,42,-3.8302929239955392,-38.42506135576511
DCE3,DCE3_T12_S38,42,-3.8108028422234073,-38.46350625221939
DCE3,DCE3_T12_S39,42,-3.814150438677683,-38.469511969320145
DCE3,DCE3_T12_S40,42,-3.8234179863565423,-38.42496318377268
DCE3,DCE3_T12_S41,42,-3.7762467740780936,-38.47492588087699
DCE3,DCE3_T12_S42,42,-3.8375257579062674,-38.401335721081956
DCE3,DCE3_T12_S43,42,-3.826137142283478,-38.47266282916613
DCE3,DCE3_T12_S44,42,-3.833192183826135,-38.46084825770316
DCE3,DCE3_T13_S01,42,-3.812432572509024,-38.58269852401102
DCE3,DCE3_T13_S02,42,-3.829894663184132,-38.56507403008164
DCE3,DCE3_T13_S03,42,-3.812432572509024,-38.58269852401102
DCE3,DCE3_T13_S04,42,-3.812432572509024,-38.58269852401102
DCE3,DCE3_T13_S05,42,-3.829894663184132,-38.56507403008164
DCE3,DCE3_T13_S06,42,-3.865677224168094,-38.58645046444341
DCE3,DCE3_T13_S07,42,-3.812432572509024,-38.58269852401102
DCE3,DCE3_T13_S08,42,-3.829894663184132,-38.56507403008164
DCE3,DCE3_T13_S09,42,-3.865677224168094,-38.58645046444341
DCE3,DCE3_T13_S10,42,-3.812432572509024,-38.58269852401102
DCE3,DCE3_T13_S11,42,-3.829894663184132,-38.56507403008164
DCE3,DCE3_T13_S12,42,-3.8282209652295505,-38.562070257309216
DCE3,DCE3_T13_S13,42,-3.8282209652295505,-38.562070257309216
DCE3,DCE3_T13_S14,42,-3.7815816401487705,-38.57629228748814
DCE3,DCE3_T13_S15,42,-3.865677224168094,-38.58645046444341
DCE3,DCE3_T13_S16,42,-3.8079557180374337,-38.53794199033922
DCE3,DCE3_T13_S17,42,-3.8112124680942547,-38.54990641530961
DCE3,DCE3_T13_S18,42,-3.8057381815090747,-38.57068331338992
DCE3,DCE3_T13_S19,42,-3.8059196426298008,-38.558768097314484
DCE3,DCE3_T13_S20,42,-3.812432572509024,-38.58269852401102
DCE3,DCE3_T13_S21,42,-3.8128861208896927,-38.552910012369985
DCE3,DCE3_T13_S22,42,-3.8058289331481254,-38.56472566886765
DCE3,DCE3_T13_S23,42,-3.7972794822662,-38.561622501136874
DCE3,DCE3_T13_S24,42,-3.7869657561978856,-38.561473257695816
DCE3,DCE3_T13_S25,42,-3.811121853461032,-38.55586392062147
DCE3,DCE3_T13_S26,42,-3.8023909940418115,-38.56467590489531
DCE3,DCE3_T13_S27,42,-3.8282209652295505,-38.562070257309216
DCE3,DCE3_T13_S28,42,-3.853689158946673,-38.58329678337983
DCE3,DCE3_T13_S29,42,-3.8008988001841093,-38.54975733992751
DCE3,DCE3_T13_S30,42,-3.804064587092091,-38.56767959272798
DCE3,DCE3_T13_S31,42,-3.8027536633026564,-38.540846173640865
DCE3,DCE3_T13_S32,42,-3.804336683852271,-38.5498070312434
DCE3,DCE3_T13_S33,42,-3.7815816401487705,-38.57629228748814
DCE3,DCE3_T13_S34,42,-3.83862538079727,-38.55626170776406
DCE3,DCE3_T13_S35,42,-3.809266877885793,-38.56477543331883
DCE3,DCE3_T13_S36,42,-3.826637809545448,-38.553108845133785
DCE3,DCE3_T13_S37,42,-3.8335136868682227,-38.5532082643856
DCE3,DCE3_T13_S38,42,-3.797460922184171,-38.549707649089754
DCE3,DCE3_T13_S39,42,-3.806191518116718,-38.54089582174429
DCE3,DCE3_T13_S40,42,-3.7938415678505897,-38.56157275284452
DCE3,DCE3_T13_S41,42,-3.7988622669914207,-38.57058372799171
DCE3,DCE3_T13_S42,42,-3.80750253951213,-38.567729371423
DCE3,DCE3_T13_S43,42,-3.7956966358427184,-38.55266148217685
DCE3,DCE3_T13_S44,42,-3.865677224168094,-38.58645046444341
DCE3,DCE3_T14_S01,42,-3.868480843324798,-38.628210898044365
DCE3,DCE3_T14_S02,42,-3.798407667788309,-38.60037275102655
DCE3,DCE3_T14_S03,42,-3.7674653974178414,-38.59992333708894
DCE3,DCE3_T14_S04,42,-3.798407667788309,-38.60037275102655
DCE3,DCE3_T14_S05,42,-3.868480843324798,-38.628210898044365
DCE3,DCE3_T14_S06,42,-3.765518209843214,-38.614792872373606
DCE3,DCE3_T14_S07,42,-3.7674653974178414,-38.59992333708894
DCE3,DCE3_T14_S08,42,-3.798407667788309,-38.60037275102655
DCE3,DCE3_T14_S09,42,-3.868480843324798,-38.628210898044365
DCE3,DCE3_T14_S10,42,-3.772667994960288,-38.59701936152355
DCE3,DCE3_T14_S11,42,-3.765518209843214,-38.614792872373606
DCE3,DCE3_T14_S12,42,-3.7674653974178414,-38.59992333708894
DCE3,DCE3_T14_S13,42,-3.798407667788309,-38.60037275102655
DCE3,DCE3_T14_S14,42,-3.868480843324798,-38.628210898044365
DCE3,DCE3_T14_S15,42,-3.772667994960288,-38.59701936152355
DCE3,DCE3_T14_S16,42,-3.765518209843214,-38.614792872373606
DCE3,DCE3_T14_S17,42,-3.7674653974178414,-38.59992333708894
DCE3,DCE3_T14_S18,42,-3.798407667788309,-38.60037275102655
DCE3,DCE3_T14_S19,42,-3.868480843324798,-38.628210898044365
DCE3,DCE3_T14_S20,42,-3.772667994960288,-38.59701936152355
DCE3,DCE3_T14_S21,42,-3.765518209843214,-38.614792872373606
DCE3,DCE3_T14_S22,42,-3.883271614799918,-38.673131006561114
DCE3,DCE3_T14_S23,42,-3.7674653974178414,-38.59992333708894
DCE3,DCE3_T14_S24,42,-3.877393838402507,-38.607480118096134
DCE3,DCE3_T14_S25,42,-3.798407667788309,-38.60037275102655
DCE3,DCE3_T14_S26,42,-3.8596579667850057,-38.64298300651469
DCE3,DCE3_T14_S27,42,-3.868480843324798,-38.628210898044365
DCE3,DCE3_T14_S28,42,-3.772667994960288,-38.59701936152355
DCE3,DCE3_T14_S29,42,-3.765518209843214,-38.614792872373606
DCE3,DCE3_T14_S30,42,-3.7672828898895956,-38.61183893130905
DCE3,DCE3_T14_S31,42,-3.779544011145454,-38.59711920040362
DCE3,DCE3_T14_S32,42,-3.9140359857071374,-38.68550349278074
DCE3,DCE3_T14_S33,42,-3.7811263097502334,-38.606080948729215
DCE3,DCE3_T14_S34,42,-3.883271614799918,-38.673131006561114
DCE3,DCE3_T14_S35,42,-3.873774332752904,-38.61934767534423
DCE3,DCE3_T14_S36,42,-3.786328952847917,-38.603176925478024
DCE3,DCE3_T14_S37,42,-3.7879112669853576,-38.612138883818716
DCE3,DCE3_T14_S38,42,-3.8950786644162774,-38.68820643930003
DCE3,DCE3_T14_S39,42,-3.8968434362390716,-38.68525170399593
DCE3,DCE3_T14_S40,42,-3.8738650078865025,-38.61338887233681
DCE3,DCE3_T14_S41,42,-3.9021376336084272,-38.67638751758433
DCE3,DCE3_T14_S42,42,-3.8397554954700297,-38.595013733033106
DCE3,DCE3_T14_S43,42,-3.798407667788309,-38.60037275102655
DCE3,DCE3_T15_S01,42,-3.837583788603604,-38.511555717842015
DCE3,DCE3_T15_S02,42,-3.837583788603604,-38.511555717842015
DCE3,DCE3_T15_S03,42,-3.829304786528002,-38.49058243402772
DCE3,DCE3_T15_S04,42,-3.837583788603604,-38.511555717842015
DCE3,DCE3_T15_S05,42,-3.80515069829823,-38.496193318102506
DCE3,DCE3_T15_S06,42,-3.829304786528002,-38.49058243402772
DCE3,DCE3_T15_S07,42,-3.8085883962881057,-38.496242749174016
DCE3,DCE3_T15_S08,42,-3.8085883962881057,-38.496242749174016
DCE3,DCE3_T15_S09,42,-3.8085883962881057,-38.496242749174016
DCE3,DCE3_T15_S10,42,-3.837583788603604,-38.511555717842015
DCE3,DCE3_T15_S11,42,-3.8062820589550594,-38.53493854334221
DCE3,DCE3_T15_S12,42,-3.8062820589550594,-38.53493854334221
DCE3,DCE3_T15_S13,42,-3.8068244184878015,-38.49919642312389
DCE3,DCE3_T15_S14,42,-3.846403439507624,-38.496786522358
DCE3,DCE3_T15_S15,42,-3.829304786528002,-38.49058243402772
DCE3,DCE3_T15_S16,42,-3.80971989823446,-38.53498816295496
DCE3,DCE3_T15_S17,42,-3.80971989823446,-38.53498816295496
DCE3,DCE3_T15_S18,42,-3.837583788603604,-38.511555717842015
DCE3,DCE3_T15_S19,42,-3.812026099895782,-38.49629218072123
DCE3,DCE3_T15_S20,42,-3.8079557180374337,-38.53794199033922
DCE3,DCE3_T15_S21,42,-3.813790049923232,-38.493338496765645
DCE3,DCE3_T15_S22,42,-3.814921895773144,-38.53208394545163
DCE3,DCE3_T15_S23,42,-3.8200334496102313,-38.53513702465808
DCE3,DCE3_T15_S24,42,-3.8068244184878015,-38.49919642312389
DCE3,DCE3_T15_S25,42,-3.829304786528002,-38.49058243402772
DCE3,DCE3_T15_S26,42,-3.8303470507726463,-38.53528589065862
DCE3,DCE3_T15_S27,42,-3.8081366941826875,-38.526027551811
DCE3,DCE3_T15_S28,42,-3.8167764214423237,-38.52317289393999
DCE3,DCE3_T15_S29,42,-3.8136998471121455,-38.49929531518926
DCE3,DCE3_T15_S30,42,-3.8241031703793773,-38.493486751517366
DCE3,DCE3_T15_S31,42,-3.813790049923232,-38.493338496765645
DCE3,DCE3_T15_S32,42,-3.8189015238655575,-38.49639104524275
DCE3,DCE3_T15_S33,42,-3.837583788603604,-38.511555717842015
DCE3,DCE3_T15_S34,42,-3.822249073759171,-38.50239740627038
DCE3,DCE3_T15_S35,42,-3.8033867126085954,-38.49914697780495
DCE3,DCE3_T15_S36,42,-3.8132481993887706,-38.52908052031168
DCE3,DCE3_T15_S37,42,-3.80320605203525,-38.511060663813005
DCE3,DCE3_T15_S38,42,-3.811845588393766,-38.508205937306016
DCE3,DCE3_T15_S39,42,-3.8285829174869668,-38.53823980351837
DCE3,DCE3_T15_S40,42,-3.8148314289771856,-38.538041259488445
DCE3,DCE3_T15_S41,42,-3.806553428479013,-38.51706715028407
DCE3,DCE3_T15_S42,42,-3.8099008109748476,-38.52307376915952
DCE3,DCE3_T15_S43,42,-3.815102702591565,-38.5201695385131
DCE3,DCE3_T15_S44,42,-3.817227751194309,-38.49338791454064
DCE3,DCE3_T16_S01,42,-3.858570474284885,-38.488023844356746
DCE3,DCE3_T16_S02,42,-3.858570474284885,-38.488023844356746
DCE3,DCE3_T16_S03,42,-3.846403439507624,-38.496786522358
DCE3,DCE3_T16_S04,42,-3.858570474284885,-38.488023844356746
DCE3,DCE3_T16_S05,42,-3.8792487606796637,-38.59856708007643
DCE3,DCE3_T16_S06,42,-3.892729999959006,-38.616643382348926
DCE3,DCE3_T16_S07,42,-3.882596419484554,-38.604575709508445
DCE3,DCE3_T16_S08,42,-3.883351136898093,-38.44071372885619
DCE3,DCE3_T16_S09,42,-3.858570474284885,-38.488023844356746
DCE3,DCE3_T16_S10,42,-3.8589295732005064,-38.46419610951194
DCE3,DCE3_T16_S11,42,-3.8809607977698377,-38.48536629375307
DCE3,DCE3_T16_S12,42,-3.8947119198627362,-38.48556383094143
DCE3,DCE3_T16_S13,42,-3.8981497129451537,-38.4856132164268
DCE3,DCE3_T16_S14,42,-3.846403439507624,-38.496786522358
DCE3,DCE3_T16_S15,42,-3.8969229760837245,-38.45282415077455
DCE3,DCE3_T16_S16,42,-3.898023134503157,-38.607779989148
DCE3,DCE3_T16_S17,42,-3.877881568754631,-38.46148868811974
DCE3,DCE3_T16_S18,42,-3.898597131345903,-38.45582725657028
DCE3,DCE3_T16_S19,42,-3.905472516475624,-38.45592573916883
DCE3,DCE3_T16_S20,42,-3.860513838717259,-38.473156030860075
DCE3,DCE3_T16_S21,42,-3.8847569369390627,-38.46158722298865
DCE3,DCE3_T16_S22,42,-3.8944943980288698,-38.6136889143237
DCE3,DCE3_T16_S23,42,-3.8792487606796637,-38.59856708007643
DCE3,DCE3_T16_S24,42,-3.8860726202902205,-38.488419017529374
DCE3,DCE3_T16_S25,42,-3.9288216816790227,-38.503930962723864
DCE3,DCE3_T16_S26,42,-3.8882840910160867,-38.455679536227144
DCE3,DCE3_T16_S27,42,-3.8554021823344264,-38.4701036232667
DCE3,DCE3_T16_S28,42,-3.869152934730143,-38.470300856434164
DCE3,DCE3_T16_S29,42,-3.8780605805414563,-38.44957502749823
DCE3,DCE3_T16_S30,42,-3.8791970529288307,-38.488320221383724
DCE3,DCE3_T16_S31,42,-3.8796451725223102,-38.45853487102244
DCE3,DCE3_T16_S32,42,-3.882596419484554,-38.604575709508445
DCE3,DCE3_T16_S33,42,-3.876117944708872,-38.46444250964431
DCE3,DCE3_T16_S34,42,-3.9030151027171383,-38.39035371745051
DCE3,DCE3_T16_S35,42,-3.897101619900841,-38.440910397616676
DCE3,DCE3_T16_S36,42,-3.8913637448130696,-38.47955716204742
DCE3,DCE3_T16_S37,42,-3.980452062558188,-38.61493927574606
DCE3,DCE3_T16_S38,42,-3.8972800911336227,-38.42899694700105
DCE3,DCE3_T16_S39,42,-3.8902263683287597,-38.44081206228991
DCE3,DCE3_T16_S40,42,-3.871185319585886,-38.44947661044001
DCE3,DCE3_T16_S41,42,-3.883351136898093,-38.44071372885619
DCE3,DCE3_T16_S42,42,-4.09913588808782,-38.49744179109703
DCE3,DCE3_T16_S43,42,-4.180501962298983,-38.45986659832105
DCE3,DCE3_T16_S44,42,-3.858570474284885,-38.488023844356746
DMG2,DMG2_T01_S01,42,-19.825267104187738,-43.99861470889513
DMG2,DMG2_T01_S02,42,-19.84499952804659,-43.98074955179337
DMG2,DMG2_T01_S03,42,-19.83002699362671,-43.94370189274704
DMG2,DMG2_T01_S04,42,-19.80284960567187,-43.998072282857734
DMG2,DMG2_T01_S05,42,-19.825267104187738,-43.99861470889513
DMG2,DMG2_T01_S06,42,-19.82496523270479,-43.952751293806585
DMG2,DMG2_T01_S07,42,-19.84499952804659,-43.98074955179337
DMG2,DMG2_T01_S08,42,-19.80284960567187,-43.998072282857734
DMG2,DMG2_T01_S09,42,-19.832365672625997,-43.974329904135864
DMG2,DMG2_T01_S10,42,-19.832538768206884,-43.968219840213905
DMG2,DMG2_T01_S11,42,-19.821590365304058,-43.95878409847199
DMG2,DMG2_T01_S12,42,-19.819729969452137,-43.96791045541538
DMG2,DMG2_T01_S13,42,-19.84011028825169,-43.98368846688075
DMG2,DMG2_T01_S14,42,-19.845172865267163,-43.97463941757356
DMG2,DMG2_T01_S15,42,-19.825267104187738,-43.99861470889513
DMG2,DMG2_T01_S16,42,-19.813151937237684,-43.97386565636955
DMG2,DMG2_T01_S17,42,-19.828990334932396,-43.980362515996674
DMG2,DMG2_T01_S18,42,-19.83591361952958,-43.96218704892294
DMG2,DMG2_T01_S19,42,-19.83928818271659,-43.95615415390053
DMG2,DMG2_T02_S01,42,-19.861871093555774,-43.95058474303362
DMG2,DMG2_T02_S02,42,-19.85529607398044,-43.95654061735341
DMG2,DMG2_T02_S03,42,-19.861871093555774,-43.95058474303362
DMG2,DMG2_T02_S04,42,-19.86052894097268,-43.94138034825884
DMG2,DMG2_T02_S05,42,-19.83002699362671,-43.94370189274704
DMG2,DMG2_T02_S06,42,-19.86018426149669,-43.953601340601146
DMG2,DMG2_T02_S07,42,-19.863385401543294,-43.95367862205549
DMG2,DMG2_T02_S08,42,-19.858842235553432,-43.94439699494862
DMG2,DMG2_T02_S09,42,-19.85698302309123,-43.953524059892324
DMG2,DMG2_T02_S10,42,-19.85378168634238,-43.953446779929045
DMG2,DMG2_T02_S11,42,-19.85901436374399,-43.93828646763275
DMG2,DMG2_T02_S12,42,-19.858669900065482,-43.95050747654417
DMG2,DMG2_T02_S13,42,-19.862043437545918,-43.944474232252176
DMG2,DMG2_T02_S14,42,-19.844521680625427,-43.94099424402249
DMG2,DMG2_T02_S15,42,-19.84097535622266,-43.953137667530996
DMG2,DMG2_T02_S16,42,-19.860700969739803,-43.93526978354018
DMG2,DMG2_T02_S17,42,-19.82851196320372,-43.94060815841052
DMG2,DMG2_T02_S18,42,-19.844693667097022,-43.934883825246565
DMG2,DMG2_T03_S01,42,-19.869304240380202,-43.914075180191126
DMG2,DMG2_T03_S02,42,-19.869304240380202,-43.914075180191126
DMG2,DMG2_T03_S03,42,-19.868131121029776,-43.89875948245404
DMG2,DMG2_T03_S04,42,-19.872676314124114,-43.90804140312625
DMG2,DMG2_T03_S05,42,-19.842006602772074,-43.916475194608395
DMG2,DMG2_T03_S06,42,-19.869475356911167,-43.90796433875321
DMG2,DMG2_T03_S07,42,-19.869475356911167,-43.90796433875321
DMG2,DMG2_T03_S08,42,-19.869304240380202,-43.914075180191126
DMG2,DMG2_T03_S09,42,-19.876877676922167,-43.92954500426058
DMG2,DMG2_T03_S10,42,-19.868131121029776,-43.89875948245404
DMG2,DMG2_T03_S11,42,-19.869475356911167,-43.90796433875321
DMG2,DMG2_T03_S12,42,-19.842006602772074,-43.916475194608395
DMG2,DMG2_T03_S13,42,-19.871990569978326,-43.93248461490372
DMG2,DMG2_T03_S14,42,-19.869304240380202,-43.914075180191126
DMG2,DMG2_T03_S15,42,-19.866103193084918,-43.913998087362174
DMG2,DMG2_T03_S16,42,-19.873676896590453,-43.92946783658094
DMG2,DMG2_T03_S17,42,-19.875191395315486,-43.93256179680756
DMG2,DMG2_T03_S18,42,-19.878563886252024,-43.926528185956336
DMG2,DMG2_T03_S19,42,-19.868789646225537,-43.93240743374456
DMG2,DMG2_T04_S01,42,-19.878350302242485,-43.99072796121001
DMG2,DMG2_T04_S02,42,-19.878350302242485,-43.99072796121001
DMG2,DMG2_T04_S03,42,-19.878350302242485,-43.99072796121001
DMG2,DMG2_T04_S04,42,-19.864899628839385,-43.95677250437289
DMG2,DMG2_T04_S05,42,-19.86892193115561,-43.984385299551974
DMG2,DMG2_T04_S06,42,-19.861698542247467,-43.956695207954056
DMG2,DMG2_T04_S07,42,-19.86572103089901,-43.98430787071234
DMG2,DMG2_T04_S08,42,-19.858497357289323,-43.956617912280905
DMG2,DMG2_T04_S09,42,-19.858497357289323,-43.956617912280905
DMG2,DMG2_T04_S10,42,-19.873809882350088,-43.981446263267046
DMG2,DMG2_T04_S11,42,-19.875149705929214,-43.990650500956804
DMG2,DMG2_T04_S12,42,-19.86135281771321,-43.968915999658
DMG2,DMG2_T04_S13,42,-19.884104081834582,-43.95723629854561
DMG2,DMG2_T04_S14,42,-19.872122733010798,-43.984462729138464
DMG2,DMG2_T04_S15,42,-19.872296247465087,-43.978352370195886
DMG2,DMG2_T04_S16,42,-19.85832460723419,-43.96272830202035
DMG2,DMG2_T04_S17,42,-19.853609052747743,-43.959557148911024
DMG2,DMG2_T04_S18,42,-19.877010540909517,-43.98152367938658
DMG2,DMG2_T04_S19,42,-19.86740826997174,-43.9812914332682
DMG2,DMG2_T05_S01,42,-19.868748218023505,-43.99049558269177
DMG2,DMG2_T05_S02,42,-19.868748218023505,-43.99049558269177
DMG2,DMG2_T05_S03,42,-19.871949011184398,-43.99057304145072
DMG2,DMG2_T05_S04,42,-19.87666307117908,-43.99374439149487
DMG2,DMG2_T05_S05,42,-19.871949011184398,-43.99057304145072
DMG2,DMG2_T05_S06,42,-19.879689559201637,-43.99993218173861
DMG2,DMG2_T05_S07,42,-19.882715723843283,-44.006119984085565
DMG2,DMG2_T05_S08,42,-19.87648902520463,-43.99985467735631
DMG2,DMG2_T05_S09,42,-19.87357679970279,-44.045641453016195
DMG2,DMG2_T05_S10,42,-19.881376844751486,-43.996915775266196
DMG2,DMG2_T05_S11,42,-19.87800220155843,-44.002948562068006
DMG2,DMG2_T05_S12,42,-19.875149705929214,-43.990650500956804
DMG2,DMG2_T05_S13,42,-19.88015334936441,-44.039686925317255
DMG2,DMG2_T05_S14,42,-19.875089192026653,-44.048735261349265
DMG2,DMG2_T05_S15,42,-19.874975768016547,-43.99676079567084
DMG2,DMG2_T05_S16,42,-19.86519929568874,-44.002638492183664
DMG2,DMG2_T05_S17,42,-19.881028311716427,-44.00913634049793
DMG2,DMG2_T05_S18,42,-19.88288999474511,-44.000009686868445
DMG2,DMG2_T06_S01,42,-19.897594415739864,-43.93310209098633
DMG2,DMG2_T06_S02,42,-19.897594415739864,-43.93310209098633
DMG2,DMG2_T06_S03,42,-19.897594415739864,-43.93310209098633
DMG2,DMG2_T06_S04,42,-19.89288010168389,-43.92993085382749
DMG2,DMG2_T06_S05,42,-19.897594415739864,-43.93310209098633
DMG2,DMG2_T06_S06,42,-19.884965061523804,-43.92668249509921
DMG2,DMG2_T06_S07,42,-19.889679813702617,-43.92985368242491
DMG2,DMG2_T06_S08,42,-19.878392122221545,-43.93263897945609
DMG2,DMG2_T06_S09,42,-19.881764523119287,-43.92660534015554
DMG2,DMG2_T06_S10,42,-19.87670581335441,-43.935655760453045
DMG2,DMG2_T06_S11,42,-19.891365842882816,-43.92683680721994
DMG2,DMG2_T06_S12,42,-19.883278942252584,-43.92969934185357
DMG2,DMG2_T06_S13,42,-19.88816550145012,-43.92675965078734
DMG2,DMG2_T06_S14,42,-19.879906486823838,-43.93573295807005
DMG2,DMG2_T06_S15,42,-19.904166223368474,-43.927145440395314
DMG2,DMG2_T06_S16,42,-19.90888006353532,-43.93031672200986
DMG2,DMG2_T06_S17,42,-19.894566085806428,-43.92691396439703
DMG2,DMG2_T06_S18,42,-19.871818615329946,-43.93859530456411
DMG2,DMG2_T07_S01,42,-19.878350302242485,-43.99072796121001
DMG2,DMG2_T07_S02,42,-19.886264404003562,-43.99397681937422
DMG2,DMG2_T07_S03,42,-19.909653466726876,-44.015944785106754
DMG2,DMG2_T07_S04,42,-19.889290570409663,-44.00016469937074
DMG2,DMG2_T07_S05,42,-19.886264404003562,-43.99397681937422
DMG2,DMG2_T07_S06,42,-19.878350302242485,-43.99072796121001
DMG2,DMG2_T07_S07,42,-19.88155080010876,-43.990805422210364
DMG2,DMG2_T07_S08,42,-19.894177816557985,-43.9972257434259
DMG2,DMG2_T07_S09,42,-19.909653466726876,-44.015944785106754
DMG2,DMG2_T07_S10,42,-19.889290570409663,-44.00016469937074
DMG2,DMG2_T07_S11,42,-19.904298937141437,-43.97912641537912
DMG2,DMG2_T07_S12,42,-19.890977721352886,-43.99714825026483
DMG2,DMG2_T07_S13,42,-19.897377813239675,-43.99730323733442
DMG2,DMG2_T07_S14,42,-19.88946465132856,-43.99405429682858
DMG2,DMG2_T07_S15,42,-19.88946465132856,-43.99405429682858
DMG2,DMG2_T07_S16,42,-19.918436394578652,-43.98864091558908
DMG2,DMG2_T07_S17,42,-19.902785757127162,-43.976032375838244
DMG2,DMG2_T07_S18,42,-19.88661192588344,-43.98175593222572
DMG2,DMG2_T07_S19,42,-19.89249071049986,-44.000242206743216
DMG2,DMG2_T08_S01,42,-19.89945209690055,-43.92397419291763
DMG2,DMG2_T08_S02,42,-19.900307555252645,-43.89341848699978
DMG2,DMG2_T08_S03,42,-19.88699384823799,-43.91144370864993
DMG2,DMG2_T08_S04,42,-19.89945209690055,-43.92397419291763
DMG2,DMG2_T08_S05,42,-19.88582085209805,-43.89612755859418
DMG2,DMG2_T08_S06,42,-19.893051799724674,-43.9238199062714
DMG2,DMG2_T08_S07,42,-19.900307555252645,-43.89341848699978
DMG2,DMG2_T08_S08,42,-19.88699384823799,-43.91144370864993
DMG2,DMG2_T08_S09,42,-19.900136879044798,-43.89952971787798
DMG2,DMG2_T08_S10,42,-19.899623604015368,-43.91786314170579
DMG2,DMG2_T08_S11,42,-19.896251997578908,-43.92389704922232
DMG2,DMG2_T08_S12,42,-19.88985150335327,-43.92374276406484
DMG2,DMG2_T08_S13,42,-19.89542200111505,-43.896358589871724
DMG2,DMG2_T08_S14,42,-19.901822274510973,-43.89651261443945
DMG2,DMG2_T08_S15,42,-19.88513663480438,-43.9205715978888
DMG2,DMG2_T08_S16,42,-19.88599138741891,-43.890016436849976
DMG2,DMG2_T08_S17,42,-19.894737684213606,-43.92080297959569
DMG2,DMG2_T08_S18,42,-19.88665110848013,-43.92366562260262
DMG2,DMG2_T09_S01,42,-19.88764951094858,-43.94509215750736
DMG2,DMG2_T09_S02,42,-19.88764951094858,-43.94509215750736
DMG2,DMG2_T09_S03,42,-19.88764951094858,-43.94509215750736
DMG2,DMG2_T09_S04,42,-19.88764951094858,-43.94509215750736
DMG2,DMG2_T09_S05,42,-19.88764951094858,-43.94509215750736
DMG2,DMG2_T09_S06,42,-19.88764951094858,-43.94509215750736
DMG2,DMG2_T09_S07,42,-19.88764951094858,-43.94509215750736
DMG2,DMG2_T09_S08,42,-19.907194232428342,-43.9333336568056
DMG2,DMG2_T09_S09,42,-19.88764951094858,-43.94509215750736
DMG2,DMG2_T09_S10,42,-19.93261728984229,-43.940062442767946
DMG2,DMG2_T09_S11,42,-19.90870811577043,-43.93642777014182
DMG2,DMG2_T09_S12,42,-19.918306884637577,-43.93665938757407
DMG2,DMG2_T09_S13,42,-19.916621089118905,-43.939676327690144
DMG2,DMG2_T09_S14,42,-19.90870811577043,-43.93642777014182
DMG2,DMG2_T09_S15,42,-19.89824573189833,-43.966750276280635
DMG2,DMG2_T09_S16,42,-19.913249280904584,-43.945710130458195
DMG2,DMG2_T09_S17,42,-19.90888006353532,-43.93031672200986
DMG2,DMG2_T09_S18,42,-19.90888006353532,-43.93031672200986
DMG2,DMG2_T09_S19,42,-19.904818494183814,-43.960794184739214
DMG2,DMG2_T10_S01,42,-19.932444966982523,-43.94617364147484
DMG2,DMG2_T10_S02,42,-19.934130636680017,-43.94315666766503
DMG2,DMG2_T10_S03,42,-19.934130636680017,-43.94315666766503
DMG2,DMG2_T10_S04,42,-19.899759154493907,-43.96984430627096
DMG2,DMG2_T10_S05,42,-19.934130636680017,-43.94315666766503
DMG2,DMG2_T10_S06,42,-19.917443901795334,-43.96721438010007
DMG2,DMG2_T10_S07,42,-19.920470022988912,-43.97340262285336
DMG2,DMG2_T10_S08,42,-19.915584288308324,-43.97634195496663
DMG2,DMG2_T10_S09,42,-19.92029658649324,-43.97951346597182
DMG2,DMG2_T10_S10,42,-19.90615883164375,-43.96999903448768
DMG2,DMG2_T10_S11,42,-19.909185219908835,-43.97618716390923
DMG2,DMG2_T10_S12,42,-19.912731217756296,-43.96404292600313
DMG2,DMG2_T10_S13,42,-19.91069829270616,-43.979281233375985
DMG2,DMG2_T10_S14,42,-19.916103623895054,-43.95800934849438
DMG2,DMG2_T10_S15,42,-19.91709725385943,-43.979436054359795
DMG2,DMG2_T10_S16,42,-19.90784526049728,-43.9669823248324
DMG2,DMG2_T10_S17,42,-19.90598553780806,-43.97610976950045
DMG2,DMG2_T10_S18,42,-19.915757607973248,-43.970231132410284
DMG2,DMG2_T11_S01,42,-19.9327894047067,-43.93395119842874
DMG2,DMG2_T11_S02,42,-19.93296131156658,-43.927839908595764
DMG2,DMG2_T11_S03,42,-19.935988357213926,-43.93402839448347
DMG2,DMG2_T11_S04,42,-19.935988357213926,-43.93402839448347
DMG2,DMG2_T11_S05,42,-19.93144766743058,-43.924745670813415
DMG2,DMG2_T11_S06,42,-19.92673477576302,-43.921574300329084
DMG2,DMG2_T11_S07,42,-19.92959035349074,-43.93387400311887
DMG2,DMG2_T11_S08,42,-19.92959035349074,-43.93387400311887
DMG2,DMG2_T11_S09,42,-19.93296131156658,-43.927839908595764
DMG2,DMG2_T11_S10,42,-19.93296131156658,-43.927839908595764
DMG2,DMG2_T11_S11,42,-19.935988357213926,-43.93402839448347
DMG2,DMG2_T11_S12,42,-19.92673477576302,-43.921574300329084
DMG2,DMG2_T11_S13,42,-19.92959035349074,-43.93387400311887
DMG2,DMG2_T11_S14,42,-19.91207976018663,-43.93039389788031
DMG2,DMG2_T11_S15,42,-19.92185003194333,-43.92451421962804
DMG2,DMG2_T11_S16,42,-19.93296131156658,-43.927839908595764
DMG2,DMG2_T11_S17,42,-19.90888006353532,-43.93031672200986
DMG2,DMG2_T11_S18,42,-19.935988357213926,-43.93402839448347
DMG2,DMG2_T12_S01,42,-19.950185980996572,-44.053617572167965
DMG2,DMG2_T12_S02,42,-19.94885081816545,-44.04441284050049
DMG2,DMG2_T12_S03,42,-19.909478602112916,-44.02205521214762
DMG2,DMG2_T12_S04,42,-19.90459171068838,-44.02499396592309
DMG2,DMG2_T12_S05,42,-19.9062790348379,-44.02197759857801
DMG2,DMG2_T12_S06,42,-19.9062790348379,-44.02197759857801
DMG2,DMG2_T12_S07,42,-19.9062790348379,-44.02197759857801
DMG2,DMG2_T12_S08,42,-19.950185980996572,-44.053617572167965
DMG2,DMG2_T12_S09,42,-19.94885081816545,-44.04441284050049
DMG2,DMG2_T12_S10,42,-19.9062790348379,-44.02197759857801
DMG2,DMG2_T12_S11,42,-19.96111457523266,-44.0630556834276
DMG2,DMG2_T12_S12,42,-19.944770925091085,-44.074887370515455
DMG2,DMG2_T12_S13,42,-19.950185980996572,-44.053617572167965
DMG2,DMG2_T12_S14,42,-19.969197062591224,-44.060194896517395
DMG2,DMG2_T12_S15,42,-19.9318728114489,-44.02259852809427
DMG2,DMG2_T12_S16,42,-19.937568413151723,-44.04719604962953
DMG2,DMG2_T12_S17,42,-19.934193794677043,-44.053228734132645
DMG2,DMG2_T12_S18,42,-19.95524712694792,-44.044568292741744
DMG2,DMG2_T13_S01,42,-19.920122942167037,-43.98562426256533
DMG2,DMG2_T13_S02,42,-19.94048098138119,-44.00140490704516
DMG2,DMG2_T13_S03,42,-19.924486690515195,-44.00101732158633
DMG2,DMG2_T13_S04,42,-19.94449216157681,-44.02901971117342
DMG2,DMG2_T13_S05,42,-19.920122942167037,-43.98562426256533
DMG2,DMG2_T13_S06,42,-19.92483483656606,-43.98879582784136
DMG2,DMG2_T13_S07,42,-19.94048098138119,-44.00140490704516
DMG2,DMG2_T13_S08,42,-19.924486690515195,-44.00101732158633
DMG2,DMG2_T13_S09,42,-19.957109652493237,-44.03544109189713
DMG2,DMG2_T13_S10,42,-19.97088401347812,-44.057178449948196
DMG2,DMG2_T13_S11,42,-19.926347424658626,-43.991889954671
DMG2,DMG2_T13_S12,42,-19.92163566490017,-43.98871837134164
DMG2,DMG2_T13_S13,42,-19.942980546078196,-44.02592554865661
DMG2,DMG2_T13_S14,42,-19.92198296220235,-43.97649674901051
DMG2,DMG2_T13_S15,42,-19.98339133221409,-44.011618287674764
DMG2,DMG2_T13_S16,42,-19.98978566183091,-44.011773434810486
DMG2,DMG2_T13_S17,42,-19.98606331729953,-44.03002924192478
DMG2,DMG2_T13_S18,42,-19.972394601455147,-44.06027270003034
DMG2,DMG2_T13_S19,42,-19.99431873609359,-44.02105665045797
DBH5,DBH5_T01_S01,42,-19.92621910556906,-43.939907994501496
DBH5,DBH5_T01_S02,42,-19.92301986540898,-43.939830771485944
DBH5,DBH5_T01_S03,42,-19.92301986540898,-43.939830771485944
DBH5,DBH5_T01_S04,42,-19.92301986540898,-43.939830771485944
DBH5,DBH5_T01_S05,42,-19.92301986540898,-43.939830771485944
DBH5,DBH5_T01_S06,42,-19.924705570712813,-43.93681380292035
DBH5,DBH5_T01_S07,42,-19.924705570712813,-43.93681380292035
DBH5,DBH5_T01_S08,42,-19.924705570712813,-43.93681380292035
DBH5,DBH5_T01_S09,42,-19.924705570712813,-43.93681380292035
DBH5,DBH5_T01_S10,42,-19.924705570712813,-43.93681380292035
DBH5,DBH5_T01_S11,42,-19.929073410287284,-43.95220751151982
DBH5,DBH5_T01_S12,42,-19.9309316474656,-43.94307942818946
DBH5,DBH5_T01_S13,42,-19.927732559551274,-43.943002189459165
DBH5,DBH5_T01_S14,42,-19.927732559551274,-43.943002189459165
DBH5,DBH5_T01_S15,42,-19.927732559551274,-43.943002189459165
DBH5,DBH5_T01_S16,42,-19.924705570712813,-43.93681380292035
DBH5,DBH5_T01_S17,42,-19.932272436136607,-43.95228479441089
DBH5,DBH5_T01_S18,42,-19.932272436136607,-43.95228479441089
DBH5,DBH5_T01_S19,42,-19.932272436136607,-43.95228479441089
DBH5,DBH5_T01_S20,42,-19.937501758701835,-43.93712264255275
DBH5,DBH5_T01_S21,42,-19.937501758701835,-43.93712264255275
DBH5,DBH5_T01_S22,42,-19.937501758701835,-43.93712264255275
DBH5,DBH5_T01_S23,42,-19.937501758701835,-43.93712264255275
DBH5,DBH5_T01_S24,42,-19.937501758701835,-43.93712264255275
DBH5,DBH5_T01_S25,42,-19.92639120358146,-43.93379680855389
DBH5,DBH5_T01_S26,42,-19.92639120358146,-43.93379680855389
DBH5,DBH5_T01_S27,42,-19.92639120358146,-43.93379680855389
DBH5,DBH5_T01_S28,42,-19.929418247051956,-43.93998521826216
DBH5,DBH5_T01_S29,42,-19.929418247051956,-43.93998521826216
DBH5,DBH5_T01_S30,42,-19.929418247051956,-43.93998521826216
DBH5,DBH5_T01_S31,42,-19.926046799621144,-43.94601913482118
DBH5,DBH5_T01_S32,42,-19.929245932647746,-43.94609638777532
DBH5,DBH5_T01_S33,42,-19.929245932647746,-43.94609638777532
DBH5,DBH5_T01_S34,42,-19.929418247051956,-43.93998521826216
DBH5,DBH5_T01_S35,42,-19.932272436136607,-43.95228479441089
DBH5,DBH5_T01_S36,42,-19.937501758701835,-43.93712264255275
DBH5,DBH5_T01_S37,42,-19.929245932647746,-43.94609638777532
DBH5,DBH5_T01_S38,42,-19.927560145403323,-43.94911332150909
DBH5,DBH5_T01_S39,42,-19.927560145403323,-43.94911332150909
DBH5,DBH5_T01_S40,42,-19.92790476575335,-43.93689101171095
DBH5,DBH5_T01_S41,42,-19.92790476575335,-43.93689101171095
DBH5,DBH5_T01_S42,42,-19.92790476575335,-43.93689101171095
DBH5,DBH5_T01_S43,42,-19.92790476575335,-43.93689101171095
DBH5,DBH5_T01_S44,42,-19.937329527179145,-43.94323390788586
DBH5,DBH5_T01_S45,42,-19.937329527179145,-43.94323390788586
DBH5,DBH5_T01_S46,42,-19.937329527179145,-43.94323390788586
DBH5,DBH5_T01_S47,42,-19.937329527179145,-43.94323390788586
DBH5,DBH5_T01_S48,42,-19.930586594261328,-43.95530170483534
DBH5,DBH5_T01_S49,42,-19.930586594261328,-43.95530170483534
DBH5,DBH5_T01_S50,42,-19.930586594261328,-43.95530170483534
DBH5,DBH5_T01_S51,42,-19.930586594261328,-43.95530170483534
DBH5,DBH5_T01_S52,42,-19.930586594261328,-43.95530170483534
DBH5,DBH5_T01_S53,42,-19.93127586876669,-43.93085696874168
DBH5,DBH5_T01_S54,42,-19.922847567918122,-43.9459418826124
DBH5,DBH5_T01_S55,42,-19.922847567918122,-43.9459418826124
DBH5,DBH5_T01_S56,42,-19.94221382590387,-43.94029412075616
DBH5,DBH5_T01_S57,42,-19.931103862108625,-43.936968221246545
DBH5,DBH5_T01_S58,42,-19.931103862108625,-43.936968221246545
DBH5,DBH5_T01_S59,42,-19.931103862108625,-43.936968221246545
DBH5,DBH5_T01_S60,42,-19.931103862108625,-43.936968221246545
DBH5,DBH5_T01_S61,42,-19.924533372952457,-43.94292495147411
DBH5,DBH5_T01_S62,42,-19.924533372952457,-43.94292495147411
DBH5,DBH5_T01_S63,42,-19.929762251954916,-43.92776274248403
DBH5,DBH5_T01_S64,42,-19.929762251954916,-43.92776274248403
DBH5,DBH5_T01_S65,42,-19.929762251954916,-43.92776274248403
DBH5,DBH5_T01_S66,42,-19.924533372952457,-43.94292495147411
DBH5,DBH5_T01_S67,42,-19.933958205591054,-43.949267858100235
DBH5,DBH5_T01_S68,42,-19.933958205591054,-43.949267858100235
DBH5,DBH5_T01_S69,42,-19.931103862108625,-43.936968221246545
DBH5,DBH5_T01_S70,42,-19.927560145403323,-43.94911332150909
DBH5,DBH5_T01_S71,42,-19.93581623392464,-43.94013966801887
DBH5,DBH5_T01_S72,42,-19.93581623392464,-43.94013966801887
DBH5,DBH5_T01_S73,42,-19.921334087684542,-43.94284771423429
DBH5,DBH5_T01_S74,42,-19.93075922484676,-43.94919058943191
DBH5,DBH5_T01_S75,42,-19.93075922484676,-43.94919058943191
DBH5,DBH5_T01_S76,42,-19.915107393633686,-43.936582181018366
DBH5,DBH5_T01_S77,42,-19.921334087684542,-43.94284771423429
DBH5,DBH5_T01_S78,42,-19.93075922484676,-43.94919058943191
DBH5,DBH5_T01_S79,42,-19.930586594261328,-43.95530170483534
DBH5,DBH5_T01_S80,42,-19.929762251954916,-43.92776274248403
DBH5,DBH5_T01_S81,42,-19.92098908539987,-43.95506981573323
DBH5,DBH5_T01_S82,42,-19.919820526587127,-43.939753549215496
DBH5,DBH5_T01_S83,42,-19.93581623392464,-43.94013966801887
DBH5,DBH5_T01_S84,42,-19.918478857646914,-43.930548251855264
DBH5,DBH5_T01_S85,42,-19.925049342448908,-43.924591369278694
DBH5,DBH5_T01_S86,42,-19.926563093649168,-43.92768557711691
DBH5,DBH5_T01_S87,42,-19.9258742857469,-43.952130229374404
DBH5,DBH5_T01_S88,42,-19.921161690480627,-43.94895878789997
DBH5,DBH5_T01_S89,42,-19.913937122433527,-43.921265763104195
DBH5,DBH5_T01_S90,42,-19.909051803515535,-43.924205628469856
DBH5,DBH5_T01_S91,42,-19.915451114979707,-43.92435992256007
DBH5,DBH5_T01_S92,42,-19.918134703762938,-43.9427704777397
DBH5,DBH5_T01_S93,42,-19.915451114979707,-43.92435992256007
DBH5,DBH5_T01_S94,42,-19.905851999884288,-43.924128482541384
DBH5,DBH5_T01_S95,42,-19.922675062530868,-43.9520529479746
DBH5,DBH5_T01_S96,42,-19.922675062530868,-43.9520529479746
DBH5,DBH5_T01_S97,42,-19.91056582224823,-43.927299761450115
DBH5,DBH5_T01_S98,42,-19.919648237554092,-43.945864631148986
DBH5,DBH5_T01_S99,42,-19.912423049094592,-43.9181716071335
DBH5,DBH5_T01_S100,42,-19.92150627700242,-43.93673659487472
DBH5,DBH5_T01_S101,42,-19.92150627700242,-43.93673659487472
DBH5,DBH5_T01_S102,42,-19.92150627700242,-43.93673659487472
DBH5,DBH5_T01_S103,42,-19.912251508552487,-43.924282775142764
DBH5,DBH5_T01_S104,42,-19.927387523318686,-43.95522440772221
DBH5,DBH5_T01_S105,42,-19.928076764000355,-43.930779788402994
DBH5,DBH5_T01_S106,42,-19.9075377040003,-43.92111149895759
DBH5,DBH5_T01_S107,42,-19.915279358228968,-43.93047107449544
DBH5,DBH5_T01_S108,42,-19.90602352371425,-43.918017372931345
DBH5,DBH5_T01_S109,42,-19.910908894974646,-43.91507745466603
DBH5,DBH5_T01_S110,42,-19.90736607210146,-43.927222600550444
DBH5,DBH5_T01_S111,42,-19.92033614639553,-43.92142003022799
DBH5,DBH5_T01_S112,42,-19.924188353693065,-43.95514711135484
DBH5,DBH5_T01_S113,42,-19.916965026721414,-43.92745408548312
DBH5,DBH5_T01_S114,42,-19.917962315032174,-43.94888152221364
DBH5,DBH5_T02_S01,42,-19.920643251644762,-43.96729173334843
DBH5,DBH5_T02_S02,42,-19.920643251644762,-43.96729173334843
DBH5,DBH5_T02_S03,42,-19.920643251644762,-43.96729173334843
DBH5,DBH5_T02_S04,42,-19.920643251644762,-43.96729173334843
DBH5,DBH5_T02_S05,42,-19.937977920167228,-43.97688374718665
DBH5,DBH5_T02_S06,42,-19.920643251644762,-43.96729173334843
DBH5,DBH5_T02_S07,42,-19.937977920167228,-43.97688374718665
DBH5,DBH5_T02_S08,42,-19.920643251644762,-43.96729173334843
DBH5,DBH5_T02_S09,42,-19.9450675523155,-43.95259393343174
DBH5,DBH5_T02_S10,42,-19.937977920167228,-43.97688374718665
DBH5,DBH5_T02_S11,42,-19.943554555475227,-43.94949966857842
DBH5,DBH5_T02_S12,42,-19.943554555475227,-43.94949966857842
DBH5,DBH5_T02_S13,42,-19.943554555475227,-43.94949966857842
DBH5,DBH5_T02_S14,42,-19.93192675052319,-43.964506962416365
DBH5,DBH5_T02_S15,42,-19.94204147768203,-43.94640540704581
DBH5,DBH5_T02_S16,42,-19.94204147768203,-43.94640540704581
DBH5,DBH5_T02_S17,42,-19.949778946712705,-43.95576550317567
DBH5,DBH5_T02_S18,42,-19.946925606230913,-43.94346563302007
DBH5,DBH5_T02_S19,42,-19.93849743584921,-43.95855052783612
DBH5,DBH5_T02_S20,42,-19.920643251644762,-43.96729173334843
DBH5,DBH5_T02_S21,42,-19.94204147768203,-43.94640540704581
DBH5,DBH5_T02_S22,42,-19.937977920167228,-43.97688374718665
DBH5,DBH5_T02_S23,42,-19.939837278538945,-43.967755868510274
DBH5,DBH5_T02_S24,42,-19.936984440036095,-43.955456301298916
DBH5,DBH5_T02_S25,42,-19.936984440036095,-43.955456301298916
DBH5,DBH5_T02_S26,42,-19.948438657740454,-43.94655992115356
DBH5,DBH5_T02_S27,42,-19.946753141269085,-43.949576940228916
DBH5,DBH5_T02_S28,42,-19.94809330309044,-43.95878247302839
DBH5,DBH5_T02_S29,42,-19.94809330309044,-43.95878247302839
DBH5,DBH5_T02_S30,42,-19.95315001651323,-43.94973148576661
DBH5,DBH5_T02_S31,42,-19.946753141269085,-43.949576940228916
DBH5,DBH5_T02_S32,42,-19.93192675052319,-43.964506962416365
DBH5,DBH5_T02_S33,42,-19.950124101715033,-43.943542876222075
DBH5,DBH5_T02_S34,42,-19.94524011709562,-43.94648266372696
DBH5,DBH5_T02_S35,42,-19.94524011709562,-43.94648266372696
DBH5,DBH5_T02_S36,42,-19.943727011969983,-43.94338839056336
DBH5,DBH5_T02_S37,42,-19.946580468191133,-43.955688201587755
DBH5,DBH5_T02_S38,42,-19.946580468191133,-43.955688201587755
DBH5,DBH5_T02_S39,42,-19.933559704232394,-44.01958202081786
DBH5,DBH5_T02_S40,42,-19.93495249728352,-43.97069534840763
DBH5,DBH5_T02_S41,42,-19.936638520824324,-43.96767851078424
DBH5,DBH5_T02_S42,42,-19.936638520824324,-43.96767851078424
DBH5,DBH5_T02_S43,42,-19.9272146933066,-43.961335447959996
DBH5,DBH5_T02_S44,42,-19.943381890894248,-43.95561090074567
DBH5,DBH5_T02_S45,42,-19.928554595560712,-43.970540606756245
DBH5,DBH5_T02_S46,42,-19.949951628286886,-43.94965421262497
DBH5,DBH5_T02_S47,42,-19.920643251644762,-43.96729173334843
DBH5,DBH5_T02_S48,42,-19.936465249215793,-43.97378954620769
DBH5,DBH5_T02_S49,42,-19.936465249215793,-43.97378954620769
DBH5,DBH5_T02_S50,42,-19.927041655376307,-43.96744644208392
DBH5,DBH5_T02_S51,42,-19.94169615701993,-43.95862784215427
DBH5,DBH5_T02_S52,42,-19.9367584373564,-44.01965962616725
DBH5,DBH5_T02_S53,42,-19.9381513000733,-43.97077272035296
DBH5,DBH5_T02_S54,42,-19.958507130968936,-43.9865536103227
DBH5,DBH5_T02_S55,42,-19.936291769617874,-43.97990053523366
DBH5,DBH5_T02_S56,42,-19.94524011709562,-43.94648266372696
DBH5,DBH5_T02_S57,42,-19.93175359577419,-43.970617977208725
DBH5,DBH5_T02_S58,42,-19.936984440036095,-43.955456301298916
DBH5,DBH5_T02_S59,42,-19.93309293038353,-43.9798231198877
DBH5,DBH5_T02_S60,42,-19.94018321483745,-43.95553360064939
DBH5,DBH5_T02_S61,42,-19.93832447197038,-43.96466164718994
DBH5,DBH5_T02_S62,42,-19.93529861594202,-43.95847321426389
DBH5,DBH5_T02_S63,42,-19.948266084478682,-43.95267122005116
DBH5,DBH5_T02_S64,42,-19.93326640136255,-43.97371216004374
DBH5,DBH5_T02_S65,42,-19.93343966438209,-43.96760115380451
DBH5,DBH5_T02_S66,42,-19.940355870920683,-43.94942239767348
DBH5,DBH5_T02_S67,42,-19.95163709960116,-43.946637179325585
DBH5,DBH5_T02_S68,42,-19.941523184598125,-43.96473899069601
DBH5,DBH5_T02_S69,42,-19.956994971638718,-43.983459325096526
DBH5,DBH5_T02_S70,42,-19.928727741734523,-43.96442962114881
DBH5,DBH5_T02_S71,42,-19.93780433226147,-43.98299472755248
DBH5,DBH5_T02_S72,42,-19.956348305932757,-43.94980875965384
DBH5,DBH5_T02_S73,42,-19.935125660606946,-43.96458430443006
DBH5,DBH5_T02_S74,42,-19.935125660606946,-43.96458430443006
DBH5,DBH5_T02_S75,42,-19.934779125981002,-43.97680634605807
DBH5,DBH5_T02_S76,42,-19.940010350707116,-43.96164475764116
DBH5,DBH5_T02_S77,42,-19.940010350707116,-43.96164475764116
DBH5,DBH5_T02_S78,42,-19.94164380238204,-44.016720670314854
DBH5,DBH5_T02_S79,42,-19.935595771518695,-44.004344024592726
DBH5,DBH5_T02_S80,42,-19.948266084478682,-43.95267122005116
DBH5,DBH5_T02_S81,42,-19.939142909673418,-43.99219984798984
DBH5,DBH5_T02_S82,42,-19.930240709227615,-43.96752379757107
DBH5,DBH5_T02_S83,42,-19.953970409778375,-43.977270764030166
DBH5,DBH5_T02_S84,42,-19.92669495579818,-43.97966829143619
DBH5,DBH5_T02_S85,42,-19.935471363279486,-43.952362078047614
DBH5,DBH5_T02_S86,42,-19.935471363279486,-43.952362078047614
DBH5,DBH5_T02_S87,42,-19.954835442662347,-43.94671443824308
DBH5,DBH5_T02_S88,42,-19.930240709227615,-43.96752379757107
DBH5,DBH5_T02_S89,42,-19.942862648726347,-43.97394432077529
DBH5,DBH5_T02_S90,42,-19.930067454797843,-43.97363477462634
DBH5,DBH5_T02_S91,42,-19.93995707175175,-44.01973723226512
DBH5,DBH5_T02_S92,42,-19.935471363279486,-43.952362078047614
DBH5,DBH5_T02_S93,42,-19.944894779438798,-43.958705157218354
DBH5,DBH5_T02_S94,42,-19.954662852439547,-43.9528257955271
DBH5,DBH5_T02_S95,42,-19.939663998342184,-43.9738669331182
DBH5,DBH5_T02_S96,42,-19.957515266162996,-43.96512571941943
DBH5,DBH5_T02_S97,42,-19.932047737882687,-44.01648789689495
DBH5,DBH5_T02_S98,42,-19.95379677871694,-43.98338189030503
DBH5,DBH5_T02_S99,42,-19.944201607151463,-43.98314959041257
DBH5,DBH5_T02_S100,42,-19.925528634256324,-43.964352280627416
DBH5,DBH5_T02_S101,42,-19.939316813900113,-43.98608892299649
DBH5,DBH5_T02_S102,42,-19.94524011709562,-43.94648266372696
DBH5,DBH5_T02_S103,42,-19.95449005403051,-43.95893710688636
DBH5,DBH5_T02_S104,42,-19.950772109416747,-43.977193359168005
DBH5,DBH5_T02_S105,42,-19.946234497723772,-43.967910586201306
DBH5,DBH5_T02_S106,42,-19.943330460734032,-44.01370408212472
DBH5,DBH5_T02_S107,42,-19.949606057001734,-43.96187674773563
DBH5,DBH5_T02_S108,42,-19.94268915189295,-43.980055368166056
DBH5,DBH5_T02_S109,42,-19.953622939515636,-43.98949296996253
DBH5,DBH5_T02_S110,42,-19.942167413190763,-43.998388230541934
DBH5,DBH5_T02_S111,42,-19.957342042840157,-43.971236967700534
DBH5,DBH5_T02_S112,42,-19.943155607403046,-44.0198148391115
DBH5,DBH5_T02_S113,42,-19.95042465644306,-43.98941550673794
DBH5,DBH5_T02_S114,42,-19.935421252113795,-44.01045477955385
DBH5,DBH5_T03_S01,42,-19.934474874831597,-43.93093414982512
DBH5,DBH5_T03_S02,42,-19.94238596604063,-43.93418278882761
DBH5,DBH5_T03_S03,42,-19.936160272468765,-43.92791707545211
DBH5,DBH5_T03_S04,42,-19.936160272468765,-43.92791707545211
DBH5,DBH5_T03_S05,42,-19.936160272468765,-43.92791707545211
DBH5,DBH5_T03_S06,42,-19.95669307843475,-43.93758592435225
DBH5,DBH5_T03_S07,42,-19.936160272468765,-43.92791707545211
DBH5,DBH5_T03_S08,42,-19.93767378217972,-43.931011331653316
DBH5,DBH5_T03_S09,42,-19.93767378217972,-43.931011331653316
DBH5,DBH5_T03_S10,42,-19.93767378217972,-43.931011331653316
DBH5,DBH5_T03_S11,42,-19.93767378217972,-43.931011331653316
DBH5,DBH5_T03_S12,42,-19.93767378217972,-43.931011331653316
DBH5,DBH5_T03_S13,42,-19.93953085022162,-43.92188284946348
DBH5,DBH5_T03_S14,42,-19.952153595798894,-43.928302920903555
DBH5,DBH5_T03_S15,42,-19.94238596604063,-43.93418278882761
DBH5,DBH5_T03_S16,42,-19.93918721099703,-43.93410559128309
DBH5,DBH5_T03_S17,42,-19.93918721099703,-43.93410559128309
DBH5,DBH5_T03_S18,42,-19.93918721099703,-43.93410559128309
DBH5,DBH5_T03_S19,42,-19.93918721099703,-43.93410559128309
DBH5,DBH5_T03_S20,42,-19.92824855428312,-43.924668519673816
DBH5,DBH5_T03_S21,42,-19.95669307843475,-43.93758592435225
DBH5,DBH5_T03_S22,42,-19.950468424096446,-43.93132006641385
DBH5,DBH5_T03_S23,42,-19.950468424096446,-43.93132006641385
DBH5,DBH5_T03_S24,42,-19.955179998512307,-43.934491586454904
DBH5,DBH5_T03_S25,42,-19.955179998512307,-43.934491586454904
DBH5,DBH5_T03_S26,42,-19.943899260369303,-43.93727706683905
DBH5,DBH5_T03_S27,42,-19.943899260369303,-43.93727706683905
DBH5,DBH5_T03_S28,42,-19.945412473769974,-43.94037134824255
DBH5,DBH5_T03_S29,42,-19.945412473769974,-43.94037134824255
DBH5,DBH5_T03_S30,42,-19.945412473769974,-43.94037134824255
DBH5,DBH5_T03_S31,42,-19.950640273031347,-43.925208593285646
DBH5,DBH5_T03_S32,42,-19.937845597603626,-43.9248999753261
DBH5,DBH5_T03_S33,42,-19.937845597603626,-43.9248999753261
DBH5,DBH5_T03_S34,42,-19.937845597603626,-43.9248999753261
DBH5,DBH5_T03_S35,42,-19.942729622022217,-43.92195998860802
DBH5,DBH5_T03_S36,42,-19.934646681875876,-43.92482282269751
DBH5,DBH5_T03_S37,42,-19.934646681875876,-43.92482282269751
DBH5,DBH5_T03_S38,42,-19.95198163858055,-43.93441438593067
DBH5,DBH5_T03_S39,42,-19.95198163858055,-43.93441438593067
DBH5,DBH5_T03_S40,42,-19.95198163858055,-43.93441438593067
DBH5,DBH5_T03_S41,42,-19.953666837629783,-43.93139725196598
DBH5,DBH5_T03_S42,42,-19.953666837629783,-43.93139725196598
DBH5,DBH5_T03_S43,42,-19.94895512867492,-43.92822575032393
DBH5,DBH5_T03_S44,42,-19.958378259627658,-43.93456878772407
DBH5,DBH5_T03_S45,42,-19.947097863067416,-43.93735428009976
DBH5,DBH5_T03_S46,42,-19.947097863067416,-43.93735428009976
DBH5,DBH5_T03_S47,42,-19.94592829506642,-43.92203712849696
DBH5,DBH5_T03_S48,42,-19.94592829506642,-43.92203712849696
DBH5,DBH5_T03_S49,42,-19.94592829506642,-43.92203712849696
DBH5,DBH5_T03_S50,42,-19.94592829506642,-43.92203712849696
DBH5,DBH5_T03_S51,42,-19.94592829506642,-43.92203712849696
DBH5,DBH5_T03_S52,42,-19.94592829506642,-43.92203712849696
DBH5,DBH5_T03_S53,42,-19.94895512867492,-43.92822575032393
DBH5,DBH5_T03_S54,42,-19.941216030308173,-43.91886569788068
DBH5,DBH5_T03_S55,42,-19.941216030308173,-43.91886569788068
DBH5,DBH5_T03_S56,42,-19.934646681875876,-43.92482282269751
DBH5,DBH5_T03_S57,42,-19.934646681875876,-43.92482282269751
DBH5,DBH5_T03_S58,42,-19.94592829506642,-43.92203712849696
DBH5,DBH5_T03_S59,42,-19.948783179847773,-43.93433718615139
DBH5,DBH5_T03_S60,42,-19.947269911769396,-43.931242881606536
DBH5,DBH5_T03_S61,42,-19.947269911769396,-43.931242881606536
DBH5,DBH5_T03_S62,42,-19.947269911769396,-43.931242881606536
DBH5,DBH5_T03_S63,42,-19.906365948046076,-43.90579501846346
DBH5,DBH5_T03_S64,42,-19.95349477211552,-43.93750870885635
DBH5,DBH5_T03_S65,42,-19.939359134646075,-43.92799424305309
DBH5,DBH5_T03_S66,42,-19.939359134646075,-43.92799424305309
DBH5,DBH5_T03_S67,42,-19.939359134646075,-43.92799424305309
DBH5,DBH5_T03_S68,42,-19.93918721099703,-43.93410559128309
DBH5,DBH5_T03_S69,42,-19.944414756902866,-43.91894282279599
DBH5,DBH5_T03_S70,42,-19.944414756902866,-43.91894282279599
DBH5,DBH5_T03_S71,42,-19.950296366987953,-43.937431494105525
DBH5,DBH5_T03_S72,42,-19.94290113784874,-43.91584852059409
DBH5,DBH5_T03_S73,42,-19.944243132844903,-43.9250542828168
DBH5,DBH5_T03_S74,42,-19.956865152354027,-43.93147443826293
DBH5,DBH5_T03_S75,42,-19.956865152354027,-43.93147443826293
DBH5,DBH5_T03_S76,42,-19.934818280886937,-43.91871145028285
DBH5,DBH5_T03_S77,42,-19.945584622329335,-43.934259987117045
DBH5,DBH5_T03_S78,42,-19.94575656276454,-43.928148580488994
DBH5,DBH5_T03_S79,42,-19.923535510411288,-43.92149716490637
DBH5,DBH5_T03_S80,42,-19.929933942435312,-43.92165143649615
DBH5,DBH5_T03_S81,42,-19.930105424922807,-43.91554008529379
DBH5,DBH5_T03_S82,42,-19.94290113784874,-43.91584852059409
DBH5,DBH5_T03_S83,42,-19.94104441459843,-43.92497712869919
DBH5,DBH5_T03_S84,42,-19.923706976224782,-43.91538587210826
DBH5,DBH5_T03_S85,42,-19.939702357714506,-43.91577141065283
DBH5,DBH5_T03_S86,42,-19.922192955230106,-43.91229166326824
DBH5,DBH5_T03_S87,42,-19.956865152354027,-43.93147443826293
DBH5,DBH5_T03_S88,42,-19.953838694940547,-43.92528574963688
DBH5,DBH5_T03_S89,42,-19.944071300664,-43.93116569754402
DBH5,DBH5_T03_S90,42,-19.955007824689655,-43.94060303517283
DBH5,DBH5_T03_S91,42,-19.931619258091175,-43.9186343276003
DBH5,DBH5_T03_S92,42,-19.91730813286765,-43.915231661899035
DBH5,DBH5_T03_S93,42,-19.94861102286655,-43.940448576474125
DBH5,DBH5_T03_S94,42,-19.92067885343402,-43.909197457965874
DBH5,DBH5_T03_S95,42,-19.92522091640634,-43.91848008446789
DBH5,DBH5_T03_S96,42,-19.939359134646075,-43.92799424305309
DBH5,DBH5_T03_S97,42,-19.93179064073935,-43.91252293924089
DBH5,DBH5_T03_S98,42,-19.952325344824118,-43.922191410508056
DBH5,DBH5_T03_S99,42,-19.94138743791574,-43.91275422190931
DBH5,DBH5_T03_S100,42,-19.92539228241117,-43.912368754515164
DBH5,DBH5_T03_S101,42,-20.007216888641604,-43.84706067295579
DBH5,DBH5_T03_S102,42,-19.906365948046076,-43.90579501846346
DBH5,DBH5_T03_S103,42,-19.915794004911024,-43.912137483006205
DBH5,DBH5_T03_S104,42,-20.005533817786716,-43.85007855086599
DBH5,DBH5_T03_S105,42,-19.989547874200994,-43.84969454504125
DBH5,DBH5_T03_S106,42,-19.922364104980392,-43.906180317517304
DBH5,DBH5_T03_S107,42,-19.915965138073364,-43.90602619566478
DBH5,DBH5_T03_S108,42,-19.982983481807796,-43.855653254971365
DBH5,DBH5_T03_S109,42,-19.98281395124714,-43.86176551831641
DBH5,DBH5_T03_S110,42,-19.91293642368729,-43.899837832860925
DBH5,DBH5_T03_S111,42,-19.9925759149661,-43.855883739485506
DBH5,DBH5_T03_S112,42,-19.95249688564707,-43.91607985488275
DBH5,DBH5_T03_S113,42,-19.905022263378026,-43.89658962783817
DBH5,DBH5_T03_S114,42,-19.983152803797847,-43.84954094790162
DBH5,DBH5_T04_S01,42,-19.968621652689944,-43.96845212163007
DBH5,DBH5_T04_S02,42,-19.979078454745398,-43.93812645368655
DBH5,DBH5_T04_S03,42,-19.968621652689944,-43.96845212163007
DBH5,DBH5_T04_S04,42,-19.979078454745398,-43.93812645368655
DBH5,DBH5_T04_S05,42,-19.97181942228267,-43.96852948681974
DBH5,DBH5_T04_S06,42,-19.97181942228267,-43.96852948681974
DBH5,DBH5_T04_S07,42,-19.97181942228267,-43.96852948681974
DBH5,DBH5_T04_S08,42,-19.980591078127425,-43.94122089977686
DBH5,DBH5_T04_S09,42,-19.980591078127425,-43.94122089977686
DBH5,DBH5_T04_S10,42,-19.974195858091942,-43.941066429154304
DBH5,DBH5_T04_S11,42,-19.977393517571254,-43.94114366409294
DBH5,DBH5_T04_S12,42,-19.977393517571254,-43.94114366409294
DBH5,DBH5_T04_S13,42,-19.977393517571254,-43.94114366409294
DBH5,DBH5_T04_S14,42,-19.977393517571254,-43.94114366409294
DBH5,DBH5_T04_S15,42,-19.975017092978717,-43.96860685275583
DBH5,DBH5_T04_S16,42,-19.975017092978717,-43.96860685275583
DBH5,DBH5_T04_S17,42,-19.979250587478614,-43.93201476319735
DBH5,DBH5_T04_S18,42,-19.97804128156754,-43.97479563428
DBH5,DBH5_T04_S19,42,-19.967109329289443,-43.96535776560835
DBH5,DBH5_T04_S20,42,-19.974843718362482,-43.97471823840993
DBH5,DBH5_T04_S21,42,-19.974843718362482,-43.97471823840993
DBH5,DBH5_T04_S22,42,-19.97350487702915,-43.965512466799005
DBH5,DBH5_T04_S23,42,-19.97350487702915,-43.965512466799005
DBH5,DBH5_T04_S24,42,-19.97570850777766,-43.944160848670606
DBH5,DBH5_T04_S25,42,-19.97570850777766,-43.944160848670606
DBH5,DBH5_T04_S26,42,-19.97333161087272,-43.97162386101889
DBH5,DBH5_T04_S27,42,-19.977565750315073,-43.93503201098371
DBH5,DBH5_T04_S28,42,-19.977565750315073,-43.93503201098371
DBH5,DBH5_T04_S29,42,-19.97333161087272,-43.97162386101889
DBH5,DBH5_T04_S30,42,-19.976355744740275,-43.97781261897481
DBH5,DBH5_T04_S31,42,-19.970133895012744,-43.97154648086215
DBH5,DBH5_T04_S32,42,-19.978214664762735,-43.96868421943835
DBH5,DBH5_T04_S33,42,-19.97670250254958,-43.96558981851376
DBH5,DBH5_T04_S34,42,-19.97670250254958,-43.96558981851376
DBH5,DBH5_T04_S35,42,-19.97955325418346,-43.97789002981124
DBH5,DBH5_T04_S36,42,-19.982103620449486,-43.94431534923658
DBH5,DBH5_T04_S37,42,-19.981238745845992,-43.974873030896774
DBH5,DBH5_T04_S38,42,-19.97652922782873,-43.97170124192218
DBH5,DBH5_T04_S39,42,-19.970307152603993,-43.96543511583053
DBH5,DBH5_T04_S40,42,-19.978906113578795,-43.94423809858088
DBH5,DBH5_T04_S41,42,-19.978906113578795,-43.94423809858088
DBH5,DBH5_T04_S42,42,-19.981238745845992,-43.974873030896774
DBH5,DBH5_T04_S43,42,-19.970307152603993,-43.96543511583053
DBH5,DBH5_T04_S44,42,-20.162168593242594,-43.96396433211927
DBH5,DBH5_T04_S45,42,-19.976052964848154,-43.93193757168638
DBH5,DBH5_T04_S46,42,-19.970133895012744,-43.97154648086215
DBH5,DBH5_T04_S47,42,-19.96222581687585,-43.96829739348996
DBH5,DBH5_T04_S48,42,-19.98547338639793,-43.938280897345486
DBH5,DBH5_T04_S49,42,-19.995263880710798,-43.8742975781663
DBH5,DBH5_T04_S50,42,-19.982750664692766,-43.97796744139451
DBH5,DBH5_T04_S51,42,-19.966936080264137,-43.97146910145196
DBH5,DBH5_T04_S52,42,-19.97268312736809,-43.937972013008256
DBH5,DBH5_T04_S53,42,-20.00582275657423,-43.95406250672565
DBH5,DBH5_T04_S54,42,-19.986813435921107,-43.947487068420294
DBH5,DBH5_T04_S55,42,-19.958206077385427,-43.94068026563999
DBH5,DBH5_T04_S56,42,-19.976182053293478,-43.98392394953309
DBH5,DBH5_T04_S57,42,-19.97670250254958,-43.96558981851376
DBH5,DBH5_T04_S58,42,-19.988498337338196,-43.94446985278426
DBH5,DBH5_T04_S59,42,-19.963911407100852,-43.96528041613245
DBH5,DBH5_T04_S60,42,-19.967282370027462,-43.95924638355409
DBH5,DBH5_T04_S61,42,-19.974368082420714,-43.9349548052446
DBH5,DBH5_T04_S62,42,-20.179982117243632,-43.95521978517397
DBH5,DBH5_T04_S63,42,-19.964257263236547,-43.953057664333954
DBH5,DBH5_T04_S64,42,-19.971646056246165,-43.97464084328654
DBH5,DBH5_T04_S65,42,-20.008561323462228,-43.856267895177034
DBH5,DBH5_T04_S66,42,-19.97302715085128,-43.92574870338046
DBH5,DBH5_T04_S67,42,-19.999292031222847,-43.901917920141074
DBH5,DBH5_T04_S68,42,-19.972855243301087,-43.931860380920305
DBH5,DBH5_T04_S69,42,-19.99509369203724,-43.8804098263945
DBH5,DBH5_T04_S70,42,-20.16756206279613,-43.94268379496921
DBH5,DBH5_T04_S71,42,-19.967455202468933,-43.95313495542773
DBH5,DBH5_T04_S72,42,-19.982275970044935,-43.93820367514343
DBH5,DBH5_T04_S73,42,-19.979900029149903,-43.96566717097484
DBH5,DBH5_T04_S74,42,-19.968794801848368,-43.9623407480693
DBH5,DBH5_T04_S75,42,-19.963391060990013,-43.98361419692055
DBH5,DBH5_T04_S76,42,-19.970998099704822,-43.94098919496094
DBH5,DBH5_T04_S77,42,-19.993724671856825,-43.929306206208665
DBH5,DBH5_T04_S78,42,-19.958680879066804,-43.9804424635669
DBH5,DBH5_T04_S79,42,-19.9612318323247,-43.94686895831447
DBH5,DBH5_T04_S80,42,-19.95989128593029,-43.93766314059324
DBH5,DBH5_T04_S81,42,-19.959027750685205,-43.968220030539484
DBH5,DBH5_T04_S82,42,-19.964429878895142,-43.94694621946838
DBH5,DBH5_T04_S83,42,-19.985251856400453,-44.002490245782326
DBH5,DBH5_T04_S84,42,-19.968967742699927,-43.95622932836604
DBH5,DBH5_T04_S85,42,-19.969140475235374,-43.95011786265884
DBH5,DBH5_T04_S86,42,-19.979726745865435,-43.97177862357204
DBH5,DBH5_T04_S87,42,-19.979726745865435,-43.97177862357204
DBH5,DBH5_T04_S88,42,-19.97588084051467,-43.93804923297483
DBH5,DBH5_T04_S89,42,-19.9931573552736,-44.00573972941866
DBH5,DBH5_T04_S90,42,-19.984436111182507,-43.97495042826026
DBH5,DBH5_T04_S91,42,-19.977221076413578,-43.94725527153911
DBH5,DBH5_T04_S92,42,-20.17696385488698,-43.949029049232685
DBH5,DBH5_T04_S93,42,-20.16773468977323,-43.93657038118092
DBH5,DBH5_T04_S94,42,-19.99946296247101,-43.89580578370424
DBH5,DBH5_T04_S95,42,-19.96170517132148,-43.98663106082537
DBH5,DBH5_T04_S96,42,-19.965423784215883,-43.968374757186815
DBH5,DBH5_T04_S97,42,-19.95803368690865,-43.94679169790603
DBH5,DBH5_T04_S98,42,-19.99769059374714,-44.01502301714396
DBH5,DBH5_T04_S99,42,-19.9773456651009,-43.99924082799965
DBH5,DBH5_T04_S100,42,-20.007334652011682,-43.957157059306
DBH5,DBH5_T04_S101,42,-20.005944465508342,-44.006049918957935
DBH5,DBH5_T04_S102,42,-19.97233827039035,-43.95019514027417
DBH5,DBH5_T04_S103,42,-19.969485315321,-43.937894793786825
DBH5,DBH5_T04_S104,42,-20.083157318054035,-43.989574733667425
DBH5,DBH5_T04_S105,42,-19.993207847442992,-43.94764160340224
DBH5,DBH5_T04_S106,42,-19.999551108451,-44.005894822692184
DBH5,DBH5_T04_S107,42,-19.985077305387684,-44.008601476505454
DBH5,DBH5_T04_S108,42,-19.961531206371124,-43.99274219007085
DBH5,DBH5_T04_S109,42,-20.010651886736095,-44.00922196929849
DBH5,DBH5_T04_S110,42,-19.99743672650113,-43.91104749382655
DBH5,DBH5_T04_S111,42,-19.95937378947185,-43.955997412414455
DBH5,DBH5_T04_S112,42,-19.971472481891478,-43.98075215333158
DBH5,DBH5_T04_S113,42,-19.982228913397677,-43.996301468126035
DBH5,DBH5_T04_S114,42,-19.995712851722235,-43.97216554302018
XRJ2,XRJ2_T01_S01,42,-22.899616628613803,-43.097413155407544
XRJ2,XRJ2_T01_S02,42,-22.90109493240929,-43.10052199191939
XRJ2,XRJ2_T01_S03,42,-22.90109493240929,-43.10052199191939
XRJ2,XRJ2_T01_S04,42,-22.90109493240929,-43.10052199191939
XRJ2,XRJ2_T01_S05,42,-22.90109493240929,-43.10052199191939
XRJ2,XRJ2_T01_S06,42,-22.90109493240929,-43.10052199191939
XRJ2,XRJ2_T01_S07,42,-22.896515172214794,-43.0973396401624
XRJ2,XRJ2_T01_S08,42,-22.897993533674505,-43.10044846144214
XRJ2,XRJ2_T01_S09,42,-22.897993533674505,-43.10044846144214
XRJ2,XRJ2_T01_S10,42,-22.897993533674505,-43.10044846144214
XRJ2,XRJ2_T01_S11,42,-22.897993533674505,-43.10044846144214
XRJ2,XRJ2_T01_S12,42,-22.897993533674505,-43.10044846144214
XRJ2,XRJ2_T01_S13,42,-22.904340929225764,-43.094451329438705
XRJ2,XRJ2_T01_S14,42,-22.902717973347404,-43.09748667136841
XRJ2,XRJ2_T01_S15,42,-22.902717973347404,-43.09748667136841
XRJ2,XRJ2_T01_S16,42,-22.897993533674505,-43.10044846144214
XRJ2,XRJ2_T01_S17,42,-22.902717973347404,-43.09748667136841
XRJ2,XRJ2_T01_S18,42,-22.894892023280583,-43.10037493168073
XRJ2,XRJ2_T01_S19,42,-22.894892023280583,-43.10037493168073
XRJ2,XRJ2_T01_S20,42,-22.884397130694225,-43.08475753245774
XRJ2,XRJ2_T01_S21,42,-22.891790401239675,-43.10030140263518
XRJ2,XRJ2_T01_S22,42,-22.906683229347113,-43.06069446058661
XRJ2,XRJ2_T01_S23,42,-22.878192975477834,-43.08461062883746
XRJ2,XRJ2_T01_S24,42,-22.908305434115455,-43.05765893604455
XRJ2,XRJ2_T01_S25,42,-22.89031192446923,-43.09719261181927
XRJ2,XRJ2_T01_S26,42,-22.884063425914025,-43.03249553761246
XRJ2,XRJ2_T01_S27,42,-22.905963800031717,-43.09141596614708
XRJ2,XRJ2_T01_S28,42,-22.88410823020803,-43.097045586338915
XRJ2,XRJ2_T01_S29,42,-22.882773997916647,-43.08779282227545
XRJ2,XRJ2_T01_S30,42,-22.88730751597237,-43.026424436600905
XRJ2,XRJ2_T01_S31,42,-22.879382796849573,-43.100007293611235
XRJ2,XRJ2_T01_S32,42,-22.902388795423406,-43.04522356867433
XRJ2,XRJ2_T01_S33,42,-22.906826407399574,-43.054550081248415
XRJ2,XRJ2_T01_S34,42,-22.86239178538966,-43.09653101970102
XRJ2,XRJ2_T01_S35,42,-22.881150780121413,-43.09082809076982
XRJ2,XRJ2_T01_S36,42,-22.891747067701456,-43.035750701025776
XRJ2,XRJ2_T01_S37,42,-22.894420705359614,-43.05425685199894
XRJ2,XRJ2_T01_S38,42,-22.88587596212045,-43.087866289676256
XRJ2,XRJ2_T01_S39,42,-22.88897781471306,-43.087939757792356
XRJ2,XRJ2_T01_S40,42,-22.912310303302128,-43.08541863414971
XRJ2,XRJ2_T01_S41,42,-22.878001184033028,-43.02620492934468
XRJ2,XRJ2_T01_S42,42,-22.880390610665785,-43.056999049155046
XRJ2,XRJ2_T01_S43,42,-22.882484865356723,-43.100080819793504
XRJ2,XRJ2_T01_S44,41,-22.900421396172153,-42.99599465086823
XRJ2,XRJ2_T02_S01,42,-22.902137254687492,-43.12206317122627
XRJ2,XRJ2_T02_S02,42,-22.903615021630365,-43.12517202835997
XRJ2,XRJ2_T02_S03,42,-22.903615021630365,-43.12517202835997
XRJ2,XRJ2_T02_S04,42,-22.903615021630365,-43.12517202835997
XRJ2,XRJ2_T02_S05,42,-22.903615021630365,-43.12517202835997
XRJ2,XRJ2_T02_S06,42,-22.903615021630365,-43.12517202835997
XRJ2,XRJ2_T02_S07,42,-22.900513749474182,-43.12509837818932
XRJ2,XRJ2_T02_S08,42,-22.900513749474182,-43.12509837818932
XRJ2,XRJ2_T02_S09,42,-22.900513749474182,-43.12509837818932
XRJ2,XRJ2_T02_S10,42,-22.902282788148415,-43.115919086853935
XRJ2,XRJ2_T02_S11,42,-22.9037606749023,-43.11902794274754
XRJ2,XRJ2_T02_S12,42,-22.9037606749023,-43.11902794274754
XRJ2,XRJ2_T02_S13,42,-22.898890159275062,-43.12813356361989
XRJ2,XRJ2_T02_S14,42,-22.898890159275062,-43.12813356361989
XRJ2,XRJ2_T02_S15,42,-22.898890159275062,-43.12813356361989
XRJ2,XRJ2_T02_S16,42,-22.9037606749023,-43.11902794274754
XRJ2,XRJ2_T02_S17,42,-22.897703421305586,-43.11273664925288
XRJ2,XRJ2_T02_S18,42,-22.905238472891252,-43.122136806884846
XRJ2,XRJ2_T02_S19,42,-22.905238472891252,-43.122136806884846
XRJ2,XRJ2_T02_S20,42,-22.906570289175107,-43.131389767231596
XRJ2,XRJ2_T02_S21,42,-22.89593448326373,-43.12191590205954
XRJ2,XRJ2_T02_S22,42,-22.894456512132578,-43.11880708360994
XRJ2,XRJ2_T02_S23,42,-22.886629488769948,-43.12169500368533
XRJ2,XRJ2_T02_S24,42,-22.898890159275062,-43.12813356361989
XRJ2,XRJ2_T02_S25,42,-22.894456512132578,-43.11880708360994
XRJ2,XRJ2_T02_S26,42,-22.892832930068053,-43.12184226855136
XRJ2,XRJ2_T02_S27,42,-22.905238472891252,-43.122136806884846
XRJ2,XRJ2_T02_S28,42,-22.889731265232744,-43.12176863575997
XRJ2,XRJ2_T02_S29,42,-22.889731265232744,-43.12176863575997
XRJ2,XRJ2_T02_S30,42,-22.900367864133784,-43.131242406694106
XRJ2,XRJ2_T02_S31,42,-22.89135490123464,-43.11873346533072
XRJ2,XRJ2_T02_S32,42,-22.885151344549694,-43.11858623092219
XRJ2,XRJ2_T02_S33,42,-22.885005713888525,-43.12473013808995
XRJ2,XRJ2_T02_S34,42,-22.906570289175107,-43.131389767231596
XRJ2,XRJ2_T02_S35,42,-22.899035924807595,-43.1219895362845
XRJ2,XRJ2_T02_S36,42,-22.8819037718956,-43.12465649222079
XRJ2,XRJ2_T02_S37,42,-22.894601918312436,-43.11266305999988
XRJ2,XRJ2_T02_S38,42,-22.900367864133784,-43.131242406694106
XRJ2,XRJ2_T02_S39,42,-22.90671618210454,-43.12524567924758
XRJ2,XRJ2_T02_S40,42,-22.885296739504007,-43.112442296539136
XRJ2,XRJ2_T02_S41,42,-22.88810754427241,-43.12480378467601
XRJ2,XRJ2_T02_S42,42,-22.89918145451436,-43.11584548165445
XRJ2,XRJ2_T02_S43,40,-22.901845480213566,-43.13435125793997
XRJ2,XRJ2_T02_S44,42,-22.87126442837297,-43.115183067101896
XRJ2,XRJ2_T03_S01,42,-22.903906092304428,-43.11288382990807
XRJ2,XRJ2_T03_S02,42,-22.903906092304428,-43.11288382990807
XRJ2,XRJ2_T03_S03,42,-22.902573147484965,-43.103630836783864
XRJ2,XRJ2_T03_S04,42,-22.903906092304428,-43.11288382990807
XRJ2,XRJ2_T03_S05,42,-22.902428085749786,-43.10977497532608
XRJ2,XRJ2_T03_S06,42,-22.902428085749786,-43.10977497532608
XRJ2,XRJ2_T03_S07,42,-22.902428085749786,-43.10977497532608
XRJ2,XRJ2_T03_S08,42,-22.902428085749786,-43.10977497532608
XRJ2,XRJ2_T03_S09,42,-22.902428085749786,-43.10977497532608
XRJ2,XRJ2_T03_S10,42,-22.902428085749786,-43.10977497532608
XRJ2,XRJ2_T03_S11,42,-22.900804812640306,-43.11281023922228
XRJ2,XRJ2_T03_S12,42,-22.900804812640306,-43.11281023922228
XRJ2,XRJ2_T03_S13,42,-22.900804812640306,-43.11281023922228
XRJ2,XRJ2_T03_S14,42,-22.900804812640306,-43.11281023922228
XRJ2,XRJ2_T03_S15,42,-22.905529311433984,-43.109848551497585
XRJ2,XRJ2_T03_S16,42,-22.900804812640306,-43.11281023922228
XRJ2,XRJ2_T03_S17,42,-22.899471806424074,-43.10355729107484
XRJ2,XRJ2_T03_S18,42,-22.899326748388724,-43.10970139987086
XRJ2,XRJ2_T03_S19,42,-22.899326748388724,-43.10970139987086
XRJ2,XRJ2_T03_S20,42,-22.899326748388724,-43.10970139987086
XRJ2,XRJ2_T03_S21,42,-22.899326748388724,-43.10970139987086
XRJ2,XRJ2_T03_S22,42,-22.905529311433984,-43.109848551497585
XRJ2,XRJ2_T03_S23,42,-22.90109493240929,-43.10052199191939
XRJ2,XRJ2_T03_S24,42,-22.900949990452737,-43.10666612904225
XRJ2,XRJ2_T03_S25,42,-22.900949990452737,-43.10666612904225
XRJ2,XRJ2_T03_S26,42,-22.900949990452737,-43.10666612904225
XRJ2,XRJ2_T03_S27,42,-22.900949990452737,-43.10666612904225
XRJ2,XRJ2_T03_S28,42,-22.907007260285816,-43.112957421310284
XRJ2,XRJ2_T03_S29,42,-22.907007260285816,-43.112957421310284
XRJ2,XRJ2_T03_S30,42,-22.904051273830124,-43.10673968998269
XRJ2,XRJ2_T03_S31,42,-22.904051273830124,-43.10673968998269
XRJ2,XRJ2_T03_S32,42,-22.904051273830124,-43.10673968998269
XRJ2,XRJ2_T03_S33,42,-22.897848595404415,-43.106592568817945
XRJ2,XRJ2_T03_S34,42,-22.897848595404415,-43.106592568817945
XRJ2,XRJ2_T03_S35,42,-22.907007260285816,-43.112957421310284
XRJ2,XRJ2_T03_S36,42,-22.89637035369812,-43.10348374608182
XRJ2,XRJ2_T03_S37,42,-22.89637035369812,-43.10348374608182
XRJ2,XRJ2_T03_S38,42,-22.89637035369812,-43.10348374608182
XRJ2,XRJ2_T03_S39,42,-22.904051273830124,-43.10673968998269
XRJ2,XRJ2_T03_S40,42,-22.897703421305586,-43.11273664925288
XRJ2,XRJ2_T03_S41,42,-22.88086141551838,-43.10311603185627
XRJ2,XRJ2_T03_S42,42,-22.907007260285816,-43.112957421310284
XRJ2,XRJ2_T03_S43,42,-22.882339945524222,-43.106224778438104
XRJ2,XRJ2_T03_S44,42,-22.85914421554287,-43.10260126200949
XRJ2,XRJ2_T04_S01,42,-22.907297394852772,-43.10066905502153
XRJ2,XRJ2_T04_S02,42,-22.905674376868674,-43.10370438320889
XRJ2,XRJ2_T04_S03,42,-22.905674376868674,-43.10370438320889
XRJ2,XRJ2_T04_S04,42,-22.905674376868674,-43.10370438320889
XRJ2,XRJ2_T04_S05,42,-22.905674376868674,-43.10370438320889
XRJ2,XRJ2_T04_S06,42,-22.905674376868674,-43.10370438320889
XRJ2,XRJ2_T04_S07,42,-22.905674376868674,-43.10370438320889
XRJ2,XRJ2_T04_S08,42,-22.905674376868674,-43.10370438320889
XRJ2,XRJ2_T04_S09,42,-22.905674376868674,-43.10370438320889
XRJ2,XRJ2_T04_S10,42,-22.905674376868674,-43.10370438320889
XRJ2,XRJ2_T04_S11,42,-22.905674376868674,-43.10370438320889
XRJ2,XRJ2_T04_S12,42,-22.905674376868674,-43.10370438320889
XRJ2,XRJ2_T04_S13,42,-22.90419621947276,-43.10059552311252
XRJ2,XRJ2_T04_S14,42,-22.90419621947276,-43.10059552311252
XRJ2,XRJ2_T04_S15,42,-22.90419621947276,-43.10059552311252
XRJ2,XRJ2_T04_S16,42,-22.90419621947276,-43.10059552311252
XRJ2,XRJ2_T04_S17,42,-22.90419621947276,-43.10059552311252
XRJ2,XRJ2_T04_S18,42,-22.908630425429184,-43.10992212838537
XRJ2,XRJ2_T04_S19,42,-22.910253505523407,-43.106886814012014
XRJ2,XRJ2_T04_S20,42,-22.910253505523407,-43.106886814012014
XRJ2,XRJ2_T04_S21,42,-22.910253505523407,-43.106886814012014
XRJ2,XRJ2_T04_S22,42,-22.910253505523407,-43.106886814012014
XRJ2,XRJ2_T04_S23,42,-22.910253505523407,-43.106886814012014
XRJ2,XRJ2_T04_S24,42,-22.90419621947276,-43.10059552311252
XRJ2,XRJ2_T04_S25,42,-22.90109493240929,-43.10052199191939
XRJ2,XRJ2_T04_S26,42,-22.90109493240929,-43.10052199191939
XRJ2,XRJ2_T04_S27,42,-22.90109493240929,-43.10052199191939
XRJ2,XRJ2_T04_S28,42,-22.90109493240929,-43.10052199191939
XRJ2,XRJ2_T04_S29,42,-22.910253505523407,-43.106886814012014
XRJ2,XRJ2_T04_S30,42,-22.9071524455244,-43.106813251639274
XRJ2,XRJ2_T04_S31,42,-22.9071524455244,-43.106813251639274
XRJ2,XRJ2_T04_S32,42,-22.9071524455244,-43.106813251639274
XRJ2,XRJ2_T04_S33,42,-22.9071524455244,-43.106813251639274
XRJ2,XRJ2_T04_S34,42,-22.9071524455244,-43.106813251639274
XRJ2,XRJ2_T04_S35,42,-22.9071524455244,-43.106813251639274
XRJ2,XRJ2_T04_S36,42,-22.908775494563017,-43.10377793034995
XRJ2,XRJ2_T04_S37,42,-22.905819206403446,-43.09756018804502
XRJ2,XRJ2_T04_S38,42,-22.905819206403446,-43.09756018804502
XRJ2,XRJ2_T04_S39,42,-22.908775494563017,-43.10377793034995
XRJ2,XRJ2_T04_S40,42,-22.911731427723243,-43.10999570598945
XRJ2,XRJ2_T04_S41,42,-22.905819206403446,-43.09756018804502
XRJ2,XRJ2_T04_S42,42,-22.913644131241554,-43.09467183806399
XRJ2,XRJ2_T04_S43,42,-22.905819206403446,-43.09756018804502
XRJ2,XRJ2_T04_S44,42,-22.93491274439076,-43.11361977617048
XRJ2,XRJ2_T05_S01,42,-22.926046836455708,-43.09496585958339
XRJ2,XRJ2_T05_S02,42,-22.953331867583202,-43.05564979266614
XRJ2,XRJ2_T05_S03,42,-22.921468307943996,-43.09178341151068
XRJ2,XRJ2_T05_S04,42,-22.926046836455708,-43.09496585958339
XRJ2,XRJ2_T05_S05,42,-22.939739873631964,-43.03995802031535
XRJ2,XRJ2_T05_S06,42,-22.913932864757548,-43.08238319235363
XRJ2,XRJ2_T05_S07,42,-22.918512001998476,-43.08556555350412
XRJ2,XRJ2_T05_S08,42,-22.96320053857315,-43.03128983742814
XRJ2,XRJ2_T05_S09,42,-22.953331867583202,-43.05564979266614
XRJ2,XRJ2_T05_S10,42,-22.92456887432267,-43.09185690272996
XRJ2,XRJ2_T05_S11,42,-22.961151862284225,-43.05276063373593
XRJ2,XRJ2_T05_S12,42,-22.919990199348238,-43.08867447829595
XRJ2,XRJ2_T05_S13,42,-22.94636619914794,-43.02166990679322
XRJ2,XRJ2_T05_S14,42,-22.91836762981454,-43.09170992100694
XRJ2,XRJ2_T05_S15,42,-22.954235211030348,-43.0833380305335
XRJ2,XRJ2_T05_S16,42,-22.95452309315661,-43.07104850555117
XRJ2,XRJ2_T05_S17,42,-22.929147233367566,-43.09503936675241
XRJ2,XRJ2_T05_S18,42,-22.94121859498811,-43.043067029943714
XRJ2,XRJ2_T05_S19,42,-22.966299685984172,-43.03136304028875
XRJ2,XRJ2_T05_S20,42,-22.92346808576844,-43.00575949330822
XRJ2,XRJ2_T05_S21,42,-22.915842898183477,-43.06705892203998
XRJ2,XRJ2_T05_S22,42,-22.94446102972165,-43.036995473970066
XRJ2,XRJ2_T05_S23,42,-22.950802829934315,-43.03099703311543
XRJ2,XRJ2_T05_S24,42,-22.935780513774226,-43.07675275016658
XRJ2,XRJ2_T05_S25,42,-22.93501841197929,-43.04292051725608
XRJ2,XRJ2_T05_S26,42,-22.945511123239054,-43.05853887519734
XRJ2,XRJ2_T05_S27,42,-22.954379270268372,-43.07719328117742
XRJ2,XRJ2_T05_S28,42,-22.94460330438742,-43.030850635236774
XRJ2,XRJ2_T05_S29,42,-22.931007351851623,-43.01515937862106
XRJ2,XRJ2_T05_S30,42,-22.954953143658003,-43.052614022463224
XRJ2,XRJ2_T05_S31,42,-22.950944874981634,-43.02485210962705
XRJ2,XRJ2_T05_S32,42,-22.913107729074962,-42.9839973541842
XRJ2,XRJ2_T05_S33,42,-22.935445205638736,-43.02448626915185
XRJ2,XRJ2_T05_S34,42,-22.934446046871876,-43.067499157334794
XRJ2,XRJ2_T05_S35,42,-22.910070499265075,-43.04847895549702
XRJ2,XRJ2_T05_S36,42,-22.941075851159518,-43.049211788075375
XRJ2,XRJ2_T05_S37,42,-22.953902424919054,-43.03107023312416
XRJ2,XRJ2_T05_S38,42,-22.941787207607426,-43.01848774397983
XRJ2,XRJ2_T05_S39,42,-22.93120212330384,-43.07357034849707
XRJ2,XRJ2_T05_S40,42,-22.952468940944907,-43.09251835590407
XRJ2,XRJ2_T05_S41,42,-22.96939872147154,-43.03143624386236
XRJ2,XRJ2_T05_S42,42,-22.926427390458255,-43.01197732781984
XRJ2,XRJ2_T05_S43,42,-22.96327029806673,-42.96058393082969
XRJ2,XRJ2_T05_S44,42,-22.91746505687999,-43.06402338177099
DSA8,DSA8_T01_S01,42,-12.723983999016301,-38.31620927709344
DSA8,DSA8_T01_S02,42,-12.927261953483004,-38.406644370177304
DSA8,DSA8_T01_S03,42,-12.873669119612062,-38.3515674135744
DSA8,DSA8_T01_S04,42,-12.723983999016301,-38.31620927709344
DSA8,DSA8_T01_S05,42,-12.87222018914328,-38.30028149591006
DSA8,DSA8_T01_S06,42,-12.917252550339192,-38.388399290984516
DSA8,DSA8_T01_S07,42,-12.927261953483004,-38.406644370177304
DSA8,DSA8_T01_S08,42,-12.955584297215198,-38.46437873397311
DSA8,DSA8_T01_S09,42,-12.88562903758169,-38.312539076183356
DSA8,DSA8_T01_S10,42,-12.935660407631925,-38.4097846207899
DSA8,DSA8_T01_S11,42,-12.930145465697892,-38.50322080339558
DSA8,DSA8_T01_S12,42,-12.873669119612062,-38.3515674135744
DSA8,DSA8_T01_S13,42,-12.723983999016301,-38.31620927709344
DSA8,DSA8_T01_S14,42,-12.875585987910265,-38.30033059390093
DSA8,DSA8_T01_S15,42,-12.913502513851931,-38.466771323188716
DSA8,DSA8_T01_S16,42,-12.902235853061597,-38.36103401320575
DSA8,DSA8_T01_S17,42,-12.938878701782501,-38.439997328186806
DSA8,DSA8_T01_S18,42,-12.87397001147552,-38.28523027690892
DSA8,DSA8_T01_S19,42,-12.912190074479792,-38.391340951140805
DSA8,DSA8_T01_S20,42,-12.900678348488576,-38.33386861282565
DSA8,DSA8_T01_S21,42,-12.8888850746519,-38.33671168881578
DSA8,DSA8_T01_S22,42,-12.89530402379771,-38.40315695945332
DSA8,DSA8_T01_S23,42,-12.873943348840076,-38.29126052346895
DSA8,DSA8_T01_S24,42,-12.8806480083681,-38.297389018081965
DSA8,DSA8_T01_S25,42,-12.702242696576471,-38.28273069116021
DSA8,DSA8_T01_S26,42,-12.885574483097276,-38.32460058313491
DSA8,DSA8_T01_S27,42,-12.915046792696586,-38.493945324706964
DSA8,DSA8_T01_S28,42,-12.93545377120824,-38.452013248059785
DSA8,DSA8_T01_S29,42,-12.867076096214637,-38.321314563142295
DSA8,DSA8_T01_S30,42,-12.892360204273606,-38.312637395387114
DSA8,DSA8_T01_S31,42,-12.840389521699617,-38.266650702595896
DSA8,DSA8_T01_S32,42,-12.928415692153553,-38.512246126987975
DSA8,DSA8_T01_S33,42,-12.932118431720454,-38.4459305338621
DSA8,DSA8_T01_S34,42,-12.872193169970322,-38.306311929462915
DSA8,DSA8_T01_S35,42,-12.925081458757829,-38.50616240859165
DSA8,DSA8_T01_S36,42,-12.875666150109858,-38.282239688449145
DSA8,DSA8_T01_S37,42,-12.836970119864722,-38.27866120684764
DSA8,DSA8_T01_S38,42,-12.670629814310292,-38.53555328413374
DSA8,DSA8_T01_S39,42,-12.845345704641428,-38.287828579796134
DSA8,DSA8_T01_S40,42,-12.88573648629605,-38.28841702787851
DSA8,DSA8_T01_S41,42,-12.889048606945892,-38.300526990651655
DSA8,DSA8_T01_S42,42,-12.907326079978017,-38.352060944258604
DSA8,DSA8_T01_S43,42,-12.877255389866429,-38.30337037207561
DSA8,DSA8_T01_S44,42,-12.925266873857343,-38.4699625783089
DSA8,DSA8_T01_S45,42,-12.895698558677447,-38.31871735824466
DSA8,DSA8_T01_S46,42,-12.952128143831727,-38.48242887543718
DSA8,DSA8_T01_S47,42,-12.953916875849329,-38.46133716211444
DSA8,DSA8_T01_S48,42,-12.937091248556126,-38.461087681555824
DSA8,DSA8_T01_S49,42,-12.90370375874667,-38.40629700064168
DSA8,DSA8_T01_S50,42,-12.90352626444416,-38.44249080581186
DSA8,DSA8_T01_S51,42,-12.895643858445599,-38.330779203922745
DSA8,DSA8_T01_S52,42,-12.918863155876227,-38.403504216486226
DSA8,DSA8_T01_S53,42,-12.928478289088089,-38.500178999042674
DSA8,DSA8_T01_S54,42,-12.873916547984726,-38.29729085087053
DSA8,DSA8_T01_S55,42,-12.91535089282072,-38.433616241680454
DSA8,DSA8_T01_S56,42,-12.863845792577681,-38.29111336542286
DSA8,DSA8_T01_S57,42,-12.89720156605649,-38.35794421663683
DSA8,DSA8_T01_S58,42,-12.938908339058539,-38.4339645594272
DSA8,DSA8_T01_S59,42,-12.830263971903802,-38.27253353239164
DSA8,DSA8_T01_S60,42,-12.937121382906843,-38.45505465664288
DSA8,DSA8_T01_S61,42,-12.72222851445112,-38.331258224830925
DSA8,DSA8_T01_S62,42,-12.897421941666138,-38.30969575748099
DSA8,DSA8_T01_S63,42,-12.88059407980365,-38.309450033791876
DSA8,DSA8_T01_S64,42,-12.925417566873762,-38.4397981676633
DSA8,DSA8_T01_S65,42,-12.693637470492947,-38.32179590356781
DSA8,DSA8_T01_S66,42,-12.882344227668694,-38.294398349226256
DSA8,DSA8_T01_S67,42,-12.877146338755596,-38.32749292788301
DSA8,DSA8_T01_S68,42,-12.673966155150758,-38.54163530249026
DSA8,DSA8_T01_S69,42,-12.842006235823048,-38.28174962187818
DSA8,DSA8_T01_S70,42,-12.903496196823044,-38.4485233788204
DSA8,DSA8_T01_S71,42,-12.872273812864828,-38.288220870867505
DSA8,DSA8_T01_S72,42,-12.921747070054856,-38.5000788262691
DSA8,DSA8_T01_S73,42,-12.705499435566301,-38.306895217378305
DSA8,DSA8_T01_S74,42,-12.89909114019519,-38.312735716508186
DSA8,DSA8_T01_S75,42,-12.882397442728118,-38.28233770749757
DSA8,DSA8_T01_S76,42,-12.936876415670058,-38.503321008331675
DSA8,DSA8_T01_S77,42,-12.891967305161474,-38.397075469008485
DSA8,DSA8_T01_S78,42,-12.690210866492441,-38.333805092620906
DSA8,DSA8_T01_S79,42,-12.902122193322958,-38.38516048883252
DSA8,DSA8_T01_S80,42,-12.894029400524081,-38.315677359284905
DSA8,DSA8_T01_S81,42,-12.89728524563676,-38.33985044541875
DSA8,DSA8_T01_S82,42,-12.820110758108934,-38.28444595934545
DSA8,DSA8_T01_S83,42,-12.91564111682326,-38.373294931947335
DSA8,DSA8_T01_S84,42,-12.903585983750794,-38.430425892534565
DSA8,DSA8_T01_S85,42,-12.703686557505065,-38.33400209716902
DSA8,DSA8_T01_S86,42,-12.850461616282807,-38.272827289035455
DSA8,DSA8_T01_S87,42,-12.908966790594878,-38.361132812854926
DSA8,DSA8_T01_S88,42,-12.665524003815618,-38.54452550097837
DSA8,DSA8_T01_S89,42,-12.710481442254434,-38.322041865739614
DSA8,DSA8_T01_S90,42,-12.67900424447717,-38.54472665048727
DSA8,DSA8_T01_S91,42,-12.913471954576808,-38.472804294181735
DSA8,DSA8_T01_S92,42,-12.883822634858664,-38.339653270957264
DSA8,DSA8_T02_S01,42,-12.950817309220376,-38.4069917634192
DSA8,DSA8_T02_S02,42,-12.984258881396865,-38.4497194528636
DSA8,DSA8_T02_S03,42,-12.935803836451168,-38.379623660749196
DSA8,DSA8_T02_S04,42,-12.94075136700084,-38.400810523229794
DSA8,DSA8_T02_S05,42,-12.950817309220376,-38.4069917634192
DSA8,DSA8_T02_S06,42,-12.974224485414984,-38.43750361135701
DSA8,DSA8_T02_S07,42,-12.980894438091633,-38.44966961085787
DSA8,DSA8_T02_S08,42,-12.980894438091633,-38.44966961085787
DSA8,DSA8_T02_S09,42,-12.980894438091633,-38.44966961085787
DSA8,DSA8_T02_S10,42,-12.942419451646089,-38.40385149721759
DSA8,DSA8_T02_S11,42,-12.942419451646089,-38.40385149721759
DSA8,DSA8_T02_S12,42,-12.970859909545894,-38.43745383026539
DSA8,DSA8_T02_S13,42,-12.970859909545894,-38.43745383026539
DSA8,DSA8_T02_S14,42,-12.987682206189582,-38.437702740576746
DSA8,DSA8_T02_S15,42,-12.964159992028877,-38.43132131667508
DSA8,DSA8_T02_S16,42,-12.935803836451168,-38.379623660749196
DSA8,DSA8_T02_S17,42,-12.950817309220376,-38.4069917634192
DSA8,DSA8_T02_S18,42,-12.972556900143678,-38.43446219744267
DSA8,DSA8_T02_S19,42,-12.992684505927983,-38.446827369947634
DSA8,DSA8_T02_S20,42,-12.972556900143678,-38.43446219744267
DSA8,DSA8_T02_S21,42,-12.989349678340739,-38.44074424932132
DSA8,DSA8_T02_S22,42,-12.940722504872033,-38.40684287769828
DSA8,DSA8_T02_S23,42,-12.940722504872033,-38.40684287769828
DSA8,DSA8_T02_S24,42,-12.93905444047018,-38.403801884233516
DSA8,DSA8_T02_S25,42,-12.962579506278807,-38.410181772162595
DSA8,DSA8_T02_S26,42,-12.957546888368045,-38.40709102298572
DSA8,DSA8_T02_S27,42,-12.953946904953883,-38.4553039885761
DSA8,DSA8_T02_S28,42,-12.969308699701006,-38.410281064845805
DSA8,DSA8_T02_S29,42,-12.984288442159839,-38.44368616643992
DSA8,DSA8_T02_S30,42,-12.989320219000305,-38.44677754159188
DSA8,DSA8_T02_S31,42,-12.989349678340739,-38.44074424932132
DSA8,DSA8_T02_S32,42,-12.959243636552042,-38.40409956939343
DSA8,DSA8_T02_S33,42,-12.970889276064883,-38.431420817945785
DSA8,DSA8_T02_S34,42,-12.93905444047018,-38.403801884233516
DSA8,DSA8_T02_S35,42,-12.99438135878244,-38.443835606184194
DSA8,DSA8_T02_S36,42,-12.97258618639859,-38.42842920913887
DSA8,DSA8_T02_S37,42,-12.96582765312854,-38.43436266595841
DSA8,DSA8_T02_S38,42,-12.96922161319529,-38.42837947288292
DSA8,DSA8_T02_S39,42,-12.975892031862125,-38.44054505967226
DSA8,DSA8_T02_S40,42,-12.99438135878244,-38.443835606184194
DSA8,DSA8_T02_S41,42,-12.980894438091633,-38.44966961085787
DSA8,DSA8_T02_S42,42,-12.967524663148852,-38.43137106706792
DSA8,DSA8_T02_S43,42,-12.987652806044334,-38.44373597920237
DSA8,DSA8_T02_S44,42,-12.940865425598036,-38.376681891255004
DSA8,DSA8_T02_S45,42,-12.94587026933628,-38.38580426684264
DSA8,DSA8_T02_S46,42,-12.969192305743789,-38.43441243145795
DSA8,DSA8_T02_S47,42,-12.941032344245475,-38.34049131552879
DSA8,DSA8_T02_S48,42,-12.980864716774565,-38.45570294494828
DSA8,DSA8_T02_S49,42,-12.957604259857456,-38.39502609522055
DSA8,DSA8_T02_S50,42,-12.945841786862527,-38.39183646951208
DSA8,DSA8_T02_S51,42,-12.98601469515565,-38.43466126623331
DSA8,DSA8_T02_S52,42,-12.98598535418687,-38.44069445118083
DSA8,DSA8_T02_S53,42,-12.970918503253152,-38.4253878834197
DSA8,DSA8_T02_S54,42,-12.959068663078918,-38.44029608353384
DSA8,DSA8_T02_S55,42,-12.935803836451168,-38.379623660749196
DSA8,DSA8_T02_S56,42,-12.947706801172288,-38.35265324459916
DSA8,DSA8_T02_S57,42,-12.95090328606141,-38.38889466796286
DSA8,DSA8_T02_S58,42,-12.939168819908696,-38.37967315433721
DSA8,DSA8_T02_S59,42,-12.964276234978762,-38.407190284487704
DSA8,DSA8_T02_S60,42,-12.937694885449456,-38.33441056051065
DSA8,DSA8_T02_S61,42,-12.96079526272668,-38.43127156676726
DSA8,DSA8_T02_S62,42,-12.94069350374231,-38.412875310492296
DSA8,DSA8_T02_S63,42,-12.975921436306507,-38.43451196391255
DSA8,DSA8_T02_S64,42,-12.95095990849222,-38.376830331043934
DSA8,DSA8_T02_S65,42,-12.962314104293805,-38.46447855981376
DSA8,DSA8_T02_S66,42,-12.9359713664486,-38.34343311454141
DSA8,DSA8_T02_S67,42,-12.950817309220376,-38.4069917634192
DSA8,DSA8_T02_S68,42,-12.942361470713315,-38.4159163925
DSA8,DSA8_T02_S69,42,-12.98092401996063,-38.44363635416308
DSA8,DSA8_T02_S70,42,-12.952571433369728,-38.39193557898367
DSA8,DSA8_T02_S71,42,-12.960911590751374,-38.40714065349478
DSA8,DSA8_T02_S72,42,-12.970976539655613,-38.41332224827715
DSA8,DSA8_T02_S73,42,-12.960706554842456,-38.449370569027145
DSA8,DSA8_T02_S74,42,-12.93249523707896,-38.367510394605716
DSA8,DSA8_T02_S75,42,-12.925821039442816,-38.355348191375626
DSA8,DSA8_T02_S76,42,-12.91909072359921,-38.35524944636718
DSA8,DSA8_T02_S77,42,-12.934302658330239,-38.340392714839865
DSA8,DSA8_T02_S78,42,-12.947623263040159,-38.3707488303146
DSA8,DSA8_T02_S79,42,-12.924289604891186,-38.32215105074699
DSA8,DSA8_T02_S80,42,-12.982591470123191,-38.446677886337696
DSA8,DSA8_T02_S81,42,-12.954036157232807,-38.43720493208683
DSA8,DSA8_T02_S82,42,-12.949347553619262,-38.36172565120912
DSA8,DSA8_T02_S83,42,-12.934357273276685,-38.32832994534678
DSA8,DSA8_T02_S84,42,-12.934135480199485,-38.376582933807775
DSA8,DSA8_T02_S85,42,-12.937667530283472,-38.340442014943974
DSA8,DSA8_T02_S86,42,-12.934219694291958,-38.35848746709803
DSA8,DSA8_T02_S87,42,-12.937386337501085,-38.4007609253514
DSA8,DSA8_T02_S88,42,-12.967465748450618,-38.443437109911834
DSA8,DSA8_T02_S89,42,-12.900814242777848,-38.30371417714191
DSA8,DSA8_T02_S90,42,-12.969279810169374,-38.41631378944459
DSA8,DSA8_T02_S91,42,-12.975950701365976,-38.42847894587971
DSA8,DSA8_T02_S92,42,-12.960940324724422,-38.401108120654875
DSA8,DSA8_T03_S01,42,-13.002688053768003,-38.46507755573162
DSA8,DSA8_T03_S02,42,-12.999323878870422,-38.465027636728685
DSA8,DSA8_T03_S03,42,-12.999323878870422,-38.465027636728685
DSA8,DSA8_T03_S04,42,-12.999323878870422,-38.465027636728685
DSA8,DSA8_T03_S05,42,-12.999323878870422,-38.465027636728685
DSA8,DSA8_T03_S06,42,-12.999323878870422,-38.465027636728685
DSA8,DSA8_T03_S07,42,-12.984199341418353,-38.46178625776448
DSA8,DSA8_T03_S08,42,-12.994232475613313,-38.474003256863625
DSA8,DSA8_T03_S09,42,-12.999383369034472,-38.452960487037124
DSA8,DSA8_T03_S10,42,-12.999323878870422,-38.465027636728685
DSA8,DSA8_T03_S11,42,-13.002717847659435,-38.459043912558634
DSA8,DSA8_T03_S12,42,-13.006052170227612,-38.4651274752212
DSA8,DSA8_T03_S13,42,-12.972317593118461,-38.48272889093967
DSA8,DSA8_T03_S14,42,-12.996019177783904,-38.4529106279798
DSA8,DSA8_T03_S15,42,-12.996019177783904,-38.4529106279798
DSA8,DSA8_T03_S16,42,-12.974015165426966,-38.479737072791735
DSA8,DSA8_T03_S17,42,-12.974015165426966,-38.479737072791735
DSA8,DSA8_T03_S18,42,-12.967316023788356,-38.47360357146905
DSA8,DSA8_T03_S19,42,-12.996019177783904,-38.4529106279798
DSA8,DSA8_T03_S20,42,-13.001020893279646,-38.462035772374136
DSA8,DSA8_T03_S21,42,-13.001020893279646,-38.462035772374136
DSA8,DSA8_T03_S22,42,-13.001020893279646,-38.462035772374136
DSA8,DSA8_T03_S23,42,-13.001020893279646,-38.462035772374136
DSA8,DSA8_T03_S24,42,-12.992654928141004,-38.45286076940854
DSA8,DSA8_T03_S25,42,-12.992654928141004,-38.45286076940854
DSA8,DSA8_T03_S26,42,-12.984199341418353,-38.46178625776448
DSA8,DSA8_T03_S27,42,-13.004385028458962,-38.46208567675557
DSA8,DSA8_T03_S28,42,-13.004385028458962,-38.46208567675557
DSA8,DSA8_T03_S29,42,-13.004385028458962,-38.46208567675557
DSA8,DSA8_T03_S30,42,-13.004385028458962,-38.46208567675557
DSA8,DSA8_T03_S31,42,-12.994232475613313,-38.474003256863625
DSA8,DSA8_T03_S32,42,-12.98756376851362,-38.46183615971343
DSA8,DSA8_T03_S33,42,-12.98756376851362,-38.46183615971343
DSA8,DSA8_T03_S34,42,-12.997656699673769,-38.46198586847921
DSA8,DSA8_T03_S35,42,-12.989290620127464,-38.45281091132336
DSA8,DSA8_T03_S36,42,-12.989290620127464,-38.45281091132336
DSA8,DSA8_T03_S37,42,-12.974015165426966,-38.479737072791735
DSA8,DSA8_T03_S38,42,-12.968922268939775,-38.48871254049742
DSA8,DSA8_T03_S39,42,-12.970589340254858,-38.49175442002129
DSA8,DSA8_T03_S40,42,-12.987533810290158,-38.46786970765411
DSA8,DSA8_T03_S41,42,-12.997716071242396,-38.44991882574567
DSA8,DSA8_T03_S42,42,-12.99092813726907,-38.461886062148864
DSA8,DSA8_T03_S43,42,-13.000991019048824,-38.468069439230185
DSA8,DSA8_T03_S44,42,-12.98759358721083,-38.45580268890303
DSA8,DSA8_T03_S45,42,-12.996048734486157,-38.446877198789174
DSA8,DSA8_T03_S46,42,-12.992535221233513,-38.47699513921135
DSA8,DSA8_T03_S47,42,-13.001050627845714,-38.45600218264697
DSA8,DSA8_T03_S48,42,-12.99092813726907,-38.461886062148864
DSA8,DSA8_T03_S49,42,-12.967316023788356,-38.47360357146905
DSA8,DSA8_T03_S50,42,-12.992535221233513,-38.47699513921135
DSA8,DSA8_T03_S51,42,-12.985776061343026,-38.48292891102344
DSA8,DSA8_T03_S52,42,-13.004385028458962,-38.46208567675557
DSA8,DSA8_T03_S53,42,-12.963951205128879,-38.473553612986336
DSA8,DSA8_T03_S54,42,-12.985896494302885,-38.4587944710555
DSA8,DSA8_T03_S55,42,-12.985806378858591,-38.47689518569972
DSA8,DSA8_T03_S56,42,-12.985896494302885,-38.4587944710555
DSA8,DSA8_T03_S57,42,-12.99429244766302,-38.461935965070786
DSA8,DSA8_T03_S58,42,-13.007749105190038,-38.46213558162353
DSA8,DSA8_T03_S59,42,-12.984108985252362,-38.479887043264675
DSA8,DSA8_T03_S60,42,-12.967224517099067,-38.49170437187462
DSA8,DSA8_T03_S61,42,-12.99429244766302,-38.461935965070786
DSA8,DSA8_T03_S62,42,-13.007719272948714,-38.468169307938965
DSA8,DSA8_T03_S63,42,-12.975682297598059,-38.48277889522943
DSA8,DSA8_T03_S64,42,-12.99762680444649,-38.468019505605994
DSA8,DSA8_T03_S65,42,-12.9943518613307,-38.449868981796264
DSA8,DSA8_T03_S66,42,-12.972287052550358,-38.488762574025344
DSA8,DSA8_T03_S67,42,-12.989260881717756,-38.45884435838343
DSA8,DSA8_T03_S68,42,-12.990898200045473,-38.467919639817964
DSA8,DSA8_T03_S69,42,-13.002747501871031,-38.45301034658053
DSA8,DSA8_T03_S70,42,-12.989231003766704,-38.46487788263977
DSA8,DSA8_T03_S71,42,-12.985836556854139,-38.47086153717558
DSA8,DSA8_T03_S72,42,-13.00941622822757,-38.46517739519745
DSA8,DSA8_T03_S73,42,-12.999353693775058,-38.45899402328529
DSA8,DSA8_T03_S74,42,-12.970619960951156,-38.485720713513665
DSA8,DSA8_T03_S75,42,-12.984169362193896,-38.467819775977034
DSA8,DSA8_T03_S76,42,-12.987473475246718,-38.47993703439696
DSA8,DSA8_T03_S77,42,-12.977379830320789,-38.479787062462066
DSA8,DSA8_T03_S78,42,-12.962283918900342,-38.470511923317204
DSA8,DSA8_T03_S79,42,-12.99256535733323,-38.470961431231444
DSA8,DSA8_T03_S80,42,-12.965618452464911,-38.47659533685712
DSA8,DSA8_T03_S81,42,-12.98083485600497,-38.461736356302
DSA8,DSA8_T03_S82,42,-12.994322224292382,-38.455902434802574
DSA8,DSA8_T03_S83,42,-12.987503712536,-38.47390333259274
DSA8,DSA8_T03_S84,42,-12.994262531438142,-38.46796957246859
DSA8,DSA8_T03_S85,42,-12.97916754450964,-38.45869469785866
DSA8,DSA8_T03_S86,42,-12.975651777913678,-38.488812608040995
DSA8,DSA8_T03_S87,42,-12.9943518613307,-38.449868981796264
DSA8,DSA8_T03_S88,42,-12.957190967545584,-38.479487131749515
DSA8,DSA8_T03_S89,42,-13.004414741995088,-38.4560520572985
DSA8,DSA8_T03_S90,42,-12.987473475246718,-38.47993703439696
DSA8,DSA8_T03_S91,42,-12.969043678661894,-38.464578387600696
DSA8,DSA8_T03_S92,42,-12.960494696163401,-38.49160427704485
DSA8,DSA8_T04_S01,42,-12.994202280184101,-38.48003701812355
DSA8,DSA8_T04_S02,42,-13.00404895842952,-38.52846055214464
DSA8,DSA8_T04_S03,42,-13.002444673630182,-38.51334946424774
DSA8,DSA8_T04_S04,42,-12.999018048363395,-38.52536798778011
DSA8,DSA8_T04_S05,42,-13.009111022368833,-38.52551863808588
DSA8,DSA8_T04_S06,42,-13.000715865327319,-38.522375889893745
DSA8,DSA8_T04_S07,42,-13.000715865327319,-38.522375889893745
DSA8,DSA8_T04_S08,42,-12.995684839078589,-38.51928342360094
DSA8,DSA8_T04_S09,42,-13.002567481314934,-38.48921289772529
DSA8,DSA8_T04_S10,42,-13.002382431488344,-38.5254182040592
DSA8,DSA8_T04_S11,42,-13.002382431488344,-38.5254182040592
DSA8,DSA8_T04_S12,42,-13.002382431488344,-38.5254182040592
DSA8,DSA8_T04_S13,42,-12.994202280184101,-38.48003701812355
DSA8,DSA8_T04_S14,42,-12.995653606810889,-38.525317771990494
DSA8,DSA8_T04_S15,42,-12.997351463315264,-38.52232568872226
DSA8,DSA8_T04_S16,42,-12.997351463315264,-38.52232568872226
DSA8,DSA8_T04_S17,42,-13.000900558323364,-38.486170901248094
DSA8,DSA8_T04_S18,42,-12.992289106852512,-38.525267556690366
DSA8,DSA8_T04_S19,42,-12.999049259963098,-38.51933360966485
DSA8,DSA8_T04_S20,42,-12.999049259963098,-38.51933360966485
DSA8,DSA8_T04_S21,42,-12.997536280939421,-38.48612087843823
DSA8,DSA8_T04_S22,42,-12.997536280939421,-38.48612087843823
DSA8,DSA8_T04_S23,42,-12.98741258204513,-38.49200466807275
DSA8,DSA8_T04_S24,42,-12.990777055453561,-38.49205471914672
DSA8,DSA8_T04_S25,42,-12.995899554869043,-38.47704511669796
DSA8,DSA8_T04_S26,42,-12.995899554869043,-38.47704511669796
DSA8,DSA8_T04_S27,42,-13.00068459420632,-38.52841032075788
DSA8,DSA8_T04_S28,42,-13.00068459420632,-38.52841032075788
DSA8,DSA8_T04_S29,42,-13.010993039801885,-38.48632097260361
DSA8,DSA8_T04_S30,42,-12.993987002887058,-38.52227548804012
DSA8,DSA8_T04_S31,42,-13.002444673630182,-38.51334946424774
DSA8,DSA8_T04_S32,42,-13.004234365198789,-38.49225492832174
DSA8,DSA8_T04_S33,42,-12.972256372592005,-38.49479633364732
DSA8,DSA8_T04_S34,42,-13.005901209958257,-38.49529699302091
DSA8,DSA8_T04_S35,42,-13.009265372493498,-38.4953470616426
DSA8,DSA8_T04_S36,42,-12.990622484064389,-38.52222528784731
DSA8,DSA8_T04_S37,42,-13.005931681476554,-38.4892629361308
DSA8,DSA8_T04_S38,42,-12.994141470494831,-38.4921047707086
DSA8,DSA8_T04_S39,42,-13.009111022368833,-38.52551863808588
DSA8,DSA8_T04_S40,42,-12.997566595083743,-38.48008701071786
DSA8,DSA8_T04_S41,42,-13.005715446134188,-38.531502934133464
DSA8,DSA8_T04_S42,42,-13.007568015576668,-38.498339091806194
DSA8,DSA8_T04_S43,42,-13.000808840455653,-38.50427305266086
DSA8,DSA8_T04_S44,42,-12.98914053262108,-38.482978917263054
DSA8,DSA8_T04_S45,42,-12.973954105173666,-38.49180446865582
DSA8,DSA8_T04_S46,42,-13.005746756164053,-38.52546842082779
DSA8,DSA8_T04_S47,42,-13.007628937776275,-38.486270948330784
DSA8,DSA8_T04_S48,42,-13.000870125389133,-38.4922048752961
DSA8,DSA8_T04_S49,42,-12.98892454850996,-38.52521734187971
DSA8,DSA8_T04_S50,42,-12.992320359789323,-38.51923323802622
DSA8,DSA8_T04_S51,42,-12.997320171544153,-38.528360089860755
DSA8,DSA8_T04_S52,42,-12.997382615412352,-38.51629136338911
DSA8,DSA8_T04_S53,42,-12.997536280939421,-38.48612087843823
DSA8,DSA8_T04_S54,42,-13.00408020890153,-38.52242609155458
DSA8,DSA8_T04_S55,42,-13.012690196423506,-38.483328974590094
DSA8,DSA8_T04_S56,42,-12.990807550965,-38.486020834281405
DSA8,DSA8_T04_S57,42,-12.994141470494831,-38.4921047707086
DSA8,DSA8_T04_S58,42,-12.983924506169723,-38.51609068249776
DSA8,DSA8_T04_S59,42,-12.987443098417895,-38.485970812934426
DSA8,DSA8_T04_S60,42,-12.994171945146073,-38.486070856116
DSA8,DSA8_T04_S61,42,-12.988986956138797,-38.51314883987413
DSA8,DSA8_T04_S62,42,-13.007598546554544,-38.492304981835325
DSA8,DSA8_T04_S63,42,-12.997413627839748,-38.510257113993724
DSA8,DSA8_T04_S64,42,-12.988955822117,-38.519183052940676
DSA8,DSA8_T04_S65,42,-12.98571500773422,-38.49499659154023
DSA8,DSA8_T04_S66,42,-12.994018175670025,-38.51624119243271
DSA8,DSA8_T04_S67,42,-13.009234782037359,-38.50138122466102
DSA8,DSA8_T04_S68,42,-12.997444500601791,-38.504222940668534
DSA8,DSA8_T04_S69,42,-13.002413622421175,-38.51938379621797
DSA8,DSA8_T04_S70,42,-12.994018175670025,-38.51624119243271
DSA8,DSA8_T04_S71,42,-13.007413264192087,-38.528510784021044
DSA8,DSA8_T04_S72,42,-13.01275035709939,-38.47126112508528
DSA8,DSA8_T04_S73,42,-13.009204051801184,-38.507415463946984
DSA8,DSA8_T04_S74,42,-13.009295823173993,-38.48931297502413
DSA8,DSA8_T04_S75,42,-13.007413264192087,-38.528510784021044
DSA8,DSA8_T04_S76,42,-12.980652762635698,-38.49793843954292
DSA8,DSA8_T04_S77,42,-12.98907952073606,-38.49504665723354
DSA8,DSA8_T04_S78,42,-12.96213090274834,-38.50067989220386
DSA8,DSA8_T04_S79,42,-12.980590949025363,-38.51000641272982
DSA8,DSA8_T04_S80,42,-12.96716281594454,-38.503771954718864
DSA8,DSA8_T04_S81,42,-13.014357083331364,-38.486370997364105
DSA8,DSA8_T04_S82,42,-12.980559832984166,-38.516040513497515
DSA8,DSA8_T04_S83,42,-13.007475584062396,-38.5164418791927
DSA8,DSA8_T04_S84,42,-13.002506356894086,-38.50128102844998
DSA8,DSA8_T04_S85,42,-12.999233596240737,-38.48312893890677
DSA8,DSA8_T04_S86,42,-12.987289121027016,-38.51614085198704
DSA8,DSA8_T04_S87,42,-12.987351130650216,-38.504072607622504
DSA8,DSA8_T04_S88,42,-12.975621118804398,-38.494846397388514
DSA8,DSA8_T04_S89,42,-12.972163496331776,-38.51289807040725
DSA8,DSA8_T04_S90,42,-13.010932159276765,-38.49838917553604
DSA8,DSA8_T04_S91,42,-12.972225553239026,-38.50083016967322
DSA8,DSA8_T04_S92,42,-12.982288783068135,-38.50701445300996
DSA8,DSA8_T04_S93,42,-12.995746884654698,-38.507214954569456
XSJ1,XSJ1_T01_S01,42,-23.202924344847194,-45.87457552628754
XSJ1,XSJ1_T01_S02,42,-23.180178001591504,-45.86474249306882
XSJ1,XSJ1_T01_S03,42,-23.21783206248869,-45.88725263487752
XSJ1,XSJ1_T01_S04,42,-23.174764148556402,-45.84620456620566
XSJ1,XSJ1_T01_S05,42,-23.222581503998274,-45.88432219128293
XSJ1,XSJ1_T01_S06,42,-23.213178779097046,-45.85034900324912
XSJ1,XSJ1_T01_S07,42,-23.196254010582514,-45.88664455983099
XSJ1,XSJ1_T01_S08,42,-23.179926280220638,-45.87086384052757
XSJ1,XSJ1_T01_S09,42,-23.19317098095032,-45.88655769529747
XSJ1,XSJ1_T01_S10,42,-23.205502423389934,-45.88690515842686
XSJ1,XSJ1_T01_S11,42,-23.184929130899892,-45.86181190494687
XSJ1,XSJ1_T01_S12,42,-23.219499424637853,-45.88423533402023
XSJ1,XSJ1_T01_S13,42,-23.19509099869282,-45.877419195056795
XSJ1,XSJ1_T01_S14,42,-23.201508944213902,-45.87147138133979
XSJ1,XSJ1_T01_S15,42,-23.19792171242576,-45.88362735649099
XSJ1,XSJ1_T01_S16,42,-23.197010485221206,-45.86828044917568
XSJ1,XSJ1_T01_S17,42,-23.22899776382997,-45.87837428180725
XSJ1,XSJ1_T01_S18,42,-23.167429984268736,-45.8368054897111
XSJ1,XSJ1_T01_S19,42,-23.17734576961083,-45.85853432495112
XSJ1,XSJ1_T01_S20,42,-23.202012371270545,-45.85922819474326
XSJ1,XSJ1_T01_S21,42,-23.22484474364773,-45.829224835171765
XSJ1,XSJ1_T01_S22,42,-23.17459838801434,-45.81249113901518
XSJ1,XSJ1_T01_S23,42,-23.217927980842756,-45.847418057786264
XSJ1,XSJ1_T01_S24,42,-23.182432966408218,-45.80964633945527
XSJ1,XSJ1_T01_S25,42,-23.198598164753953,-45.791711441984624
XSJ1,XSJ1_T01_S26,42,-23.154923568269663,-45.8027458783516
XSJ1,XSJ1_T01_S27,42,-23.25257963884976,-45.83000426246698
XSJ1,XSJ1_T01_S28,42,-23.190087838656087,-45.88647083159647
XSJ1,XSJ1_T01_S29,42,-23.187760917600514,-45.86802011634469
XSJ1,XSJ1_T01_S30,42,-23.13907370535829,-45.77472103512786
XSJ1,XSJ1_T01_S31,42,-23.202419731814018,-45.88681829139567
XSJ1,XSJ1_T02_S01,42,-23.206411585258536,-45.902251647889464
XSJ1,XSJ1_T02_S02,42,-23.217073152050723,-45.90561653493043
XSJ1,XSJ1_T02_S03,42,-23.220914190403768,-45.88733950607171
XSJ1,XSJ1_T02_S04,42,-23.20807939026673,-45.899234544769094
XSJ1,XSJ1_T02_S05,42,-23.20807939026673,-45.899234544769094
XSJ1,XSJ1_T02_S06,42,-23.197669195366927,-45.8897486057429
XSJ1,XSJ1_T02_S07,42,-23.199084285638968,-45.89285264360561
XSJ1,XSJ1_T02_S08,42,-23.213990958491713,-45.90552957849797
XSJ1,XSJ1_T02_S09,42,-23.213990958491713,-45.90552957849797
XSJ1,XSJ1_T02_S10,42,-23.19433349456021,-45.89578285659583
XSJ1,XSJ1_T02_S11,42,-23.19600138436865,-45.89276574954785
XSJ1,XSJ1_T02_S12,42,-23.20807939026673,-45.899234544769094
XSJ1,XSJ1_T02_S13,42,-23.19600138436865,-45.89276574954785
XSJ1,XSJ1_T02_S14,42,-23.21783206248869,-45.88725263487752
XSJ1,XSJ1_T02_S15,42,-23.204996842791648,-45.89914761952333
XSJ1,XSJ1_T02_S16,42,-23.195748524181646,-45.89888684878437
XSJ1,XSJ1_T02_S17,42,-23.200499281389977,-45.89595667340092
XSJ1,XSJ1_T02_S18,42,-23.19291837042637,-45.892678856322874
XSJ1,XSJ1_T02_S19,42,-23.16516617663943,-45.89189685477146
XSJ1,XSJ1_T02_S20,42,-23.20216707422564,-45.892939538496165
XSJ1,XSJ1_T02_S21,42,-23.22066143873459,-45.89346092532886
XSJ1,XSJ1_T02_S22,42,-23.20474370143038,-45.90526871420055
XSJ1,XSJ1_T02_S23,42,-23.209494068512562,-45.90233858789554
XSJ1,XSJ1_T02_S24,42,-23.19458622991136,-45.88966172644697
XSJ1,XSJ1_T02_S25,42,-23.206664617465325,-45.8961304935377
XSJ1,XSJ1_T02_S26,42,-23.158997784060716,-45.89172308580858
XSJ1,XSJ1_T02_S27,42,-23.209999930285417,-45.89009613125346
XSJ1,XSJ1_T02_S28,42,-23.201914182611308,-45.89906069511064
XSJ1,XSJ1_T02_S29,42,-23.213990958491713,-45.90552957849797
XSJ1,XSJ1_T02_S30,42,-23.1713341189989,-45.89207062706502
XSJ1,XSJ1_T03_S01,42,-23.22156952922374,-45.90880756333638
XSJ1,XSJ1_T03_S02,42,-23.215405383357236,-45.908633620119204
XSJ1,XSJ1_T03_S03,42,-23.199993045885122,-45.908198776661635
XSJ1,XSJ1_T03_S04,42,-23.22156952922374,-45.90880756333638
XSJ1,XSJ1_T03_S05,42,-23.21232314130298,-45.908546649760815
XSJ1,XSJ1_T03_S06,42,-23.21232314130298,-45.908546649760815
XSJ1,XSJ1_T03_S07,42,-23.21232314130298,-45.908546649760815
XSJ1,XSJ1_T03_S08,42,-23.21848751266804,-45.90872059131106
XSJ1,XSJ1_T03_S09,42,-23.217073152050723,-45.90561653493043
XSJ1,XSJ1_T03_S10,42,-23.233134838412653,-45.927518879557994
XSJ1,XSJ1_T03_S11,42,-23.199993045885122,-45.908198776661635
XSJ1,XSJ1_T03_S12,42,-23.20924078651697,-45.90845968023588
XSJ1,XSJ1_T03_S13,42,-23.22298373098057,-45.91191162631524
XSJ1,XSJ1_T03_S14,42,-23.202710147227325,-45.95423419253873
XSJ1,XSJ1_T03_S15,42,-23.19023721446494,-45.92017944845205
XSJ1,XSJ1_T03_S16,42,-23.20307573879635,-45.9082857436863
XSJ1,XSJ1_T03_S17,42,-23.198324956001432,-45.911215755381335
XSJ1,XSJ1_T03_S18,42,-23.201041312272434,-45.95725074193772
XSJ1,XSJ1_T03_S19,42,-23.233134838412653,-45.927518879557994
XSJ1,XSJ1_T03_S20,42,-23.200785956387985,-45.963370954466164
XSJ1,XSJ1_T03_S21,42,-23.1987233629089,-45.938802442898776
XSJ1,XSJ1_T03_S22,42,-23.181130158259883,-45.95362393265796
XSJ1,XSJ1_T03_S23,42,-23.224144009063977,-45.92113673504473
XSJ1,XSJ1_T03_S24,42,-23.224397838121458,-45.91501568111464
XSJ1,XSJ1_T03_S25,42,-23.231721174131472,-45.92441484290227
XSJ1,XSJ1_T03_S26,42,-23.199882626739676,-45.94802667400581
XSJ1,XSJ1_T03_S27,42,-23.1856273559401,-45.95681476828264
XSJ1,XSJ1_T03_S28,42,-23.204378903518677,-45.95121760605098
XSJ1,XSJ1_T03_S29,42,-23.164407366748737,-45.910259019948576
XSJ1,XSJ1_T03_S30,42,-23.138062386592622,-45.91257995303196
XSJ1,XSJ1_T03_S31,42,-23.18305404546253,-45.94448721929505
XSJ1,XSJ1_T04_S01,42,-23.240059260047286,-45.90932941299188
XSJ1,XSJ1_T04_S02,42,-23.22465143301264,-45.90889453619519
XSJ1,XSJ1_T04_S03,42,-23.22465143301264,-45.90889453619519
XSJ1,XSJ1_T04_S04,42,-23.22465143301264,-45.90889453619519
XSJ1,XSJ1_T04_S05,42,-23.220155232859565,-45.90570349219623
XSJ1,XSJ1_T04_S06,42,-23.25147635710672,-45.89432997001474
XSJ1,XSJ1_T04_S07,42,-23.220155232859565,-45.90570349219623
XSJ1,XSJ1_T04_S08,42,-23.242233066325575,-45.89406924786309
XSJ1,XSJ1_T04_S09,42,-23.23965720070159,-45.88173906891778
XSJ1,XSJ1_T04_S10,42,-23.241726640536722,-45.90631221639155
XSJ1,XSJ1_T04_S11,42,-23.228239742688654,-45.89673889025478
XSJ1,XSJ1_T04_S12,42,-23.232988759921337,-45.893808533208045
XSJ1,XSJ1_T04_S13,42,-23.249809341022118,-45.89734732779016
XSJ1,XSJ1_T04_S14,42,-23.23556394524283,-45.90613829102586
XSJ1,XSJ1_T04_S15,42,-23.235817243879843,-45.9000169094705
XSJ1,XSJ1_T04_S16,42,-23.245567153125673,-45.88803450560114
XSJ1,XSJ1_T04_S17,42,-23.23839180064117,-45.912346572740894
XSJ1,XSJ1_T04_S18,42,-23.240312699423775,-45.90320803378403
XSJ1,XSJ1_T04_S19,42,-23.229907098813605,-45.893721629988896
XSJ1,XSJ1_T04_S20,42,-23.227986600468707,-45.90286024542952
XSJ1,XSJ1_T04_S21,42,-23.26571876847972,-45.88553828038071
XSJ1,XSJ1_T04_S22,42,-23.242738554638255,-45.881825917242764
XSJ1,XSJ1_T04_S23,42,-23.234149875576662,-45.903034137940196
XSJ1,XSJ1_T04_S24,42,-23.23657573392602,-45.881652221425256
XSJ1,XSJ1_T04_S25,42,-23.22399620555164,-45.88742637809853
XSJ1,XSJ1_T04_S26,42,-23.2436471628426,-45.89717348432897
XSJ1,XSJ1_T04_S27,42,-23.2519819392982,-45.88208646721262
XSJ1,XSJ1_T04_S28,42,-23.23248242835984,-45.90605132959315
XSJ1,XSJ1_T04_S29,42,-23.237737488275695,-45.89087811236722
XSJ1,XSJ1_T04_S30,42,-23.260971587241478,-45.88846890737034
XSJ1,XSJ1_T05_S01,42,-23.234802643697606,-45.92450189038458
XSJ1,XSJ1_T05_S02,42,-23.233134838412653,-45.927518879557994
XSJ1,XSJ1_T05_S03,42,-23.241473076129886,-45.91243356452697
XSJ1,XSJ1_T05_S04,42,-23.241473076129886,-45.91243356452697
XSJ1,XSJ1_T05_S05,42,-23.233134838412653,-45.927518879557994
XSJ1,XSJ1_T05_S06,42,-23.255227659406057,-45.98942313960638
XSJ1,XSJ1_T05_S07,42,-23.241473076129886,-45.91243356452697
XSJ1,XSJ1_T05_S08,42,-23.269339944873963,-45.94692731209843
XSJ1,XSJ1_T05_S09,42,-23.255210513717714,-45.91588574239796
XSJ1,XSJ1_T05_S10,42,-23.290130841854182,-45.965900844755296
XSJ1,XSJ1_T05_S11,42,-23.264847247732025,-45.94373604987245
XSJ1,XSJ1_T05_S12,42,-23.31373485930027,-45.991083038447265
XSJ1,XSJ1_T05_S13,42,-23.302958351812435,-45.954007441438705
XSJ1,XSJ1_T05_S14,42,-23.309759066537236,-45.97564965782996
XSJ1,XSJ1_T05_S15,42,-23.271262390214183,-45.937789157274466
XSJ1,XSJ1_T05_S16,42,-23.300010013900344,-45.98762950148624
XSJ1,XSJ1_T05_S17,42,-23.270752366750557,-45.950031423248646
XSJ1,XSJ1_T05_S18,42,-23.281659279589093,-45.94727595022583
XSJ1,XSJ1_T05_S19,42,-23.275499838162364,-45.94710162949187
XSJ1,XSJ1_T05_S20,42,-23.30629252482399,-45.94797326656893
XSJ1,XSJ1_T05_S21,42,-23.29911189491238,-45.972283635252424
XSJ1,XSJ1_T05_S22,42,-23.270104252769652,-45.92856368148457
XSJ1,XSJ1_T05_S23,42,-23.26651481673996,-45.94071906465989
XSJ1,XSJ1_T05_S24,42,-23.296800524386985,-45.95383305166654
XSJ1,XSJ1_T05_S25,42,-23.242886797544873,-45.91553770787906
XSJ1,XSJ1_T05_S26,42,-23.284993913948508,-45.94124184980866
XSJ1,XSJ1_T05_S27,42,-23.25597106770075,-45.897521174583765
XSJ1,XSJ1_T05_S28,42,-23.31565922349725,-45.981945312515045
XSJ1,XSJ1_T05_S29,42,-23.30244682153418,-45.96624985030386
XSJ1,XSJ1_T05_S30,42,-23.298598988365182,-45.9845254333948
XSJ1,XSJ1_T05_S31,42,-23.318223568074842,-45.99427453446625
XPB1,XPB1_T01_S01,42,-7.225122421123058,-35.882039472070524
XPB1,XPB1_T01_S02,42,-7.230368396803865,-35.86130634084826
XPB1,XPB1_T01_S03,42,-7.206340041358756,-35.878867094245884
XPB1,XPB1_T01_S04,42,-7.211484351349053,-35.87595257385687
XPB1,XPB1_T01_S05,42,-7.221704361317612,-35.88200263274288
XPB1,XPB1_T01_S06,42,-7.213176271380379,-35.878940740828064
XPB1,XPB1_T01_S07,42,-7.213210494394513,-35.873001248517006
XPB1,XPB1_T01_S08,42,-7.2200124275604045,-35.879014388839124
XPB1,XPB1_T01_S09,42,-7.202956234199794,-35.87289086682056
XPB1,XPB1_T01_S10,42,-7.2200124275604045,-35.879014388839124
XPB1,XPB1_T01_S11,42,-7.216628544238761,-35.8730380431297
XPB1,XPB1_T01_S12,42,-7.214868186167399,-35.881928955159715
XPB1,XPB1_T01_S13,42,-7.2063056659795794,-35.884806658784285
XPB1,XPB1_T01_S14,42,-7.213141970908171,-35.884880363795055
XPB1,XPB1_T01_S15,42,-7.228608571029659,-35.870197064231725
XPB1,XPB1_T01_S16,42,-7.231992540737337,-35.876173433460394
XPB1,XPB1_T01_S17,42,-7.206340041358756,-35.878867094245884
XPB1,XPB1_T01_S18,42,-7.214936594708458,-35.87004994135427
XPB1,XPB1_T01_S19,42,-7.218320488528432,-35.87602619229636
XPB1,XPB1_T01_S20,42,-7.2234986214424675,-35.86717218425202
XPB1,XPB1_T01_S21,42,-7.201195614386852,-35.88178160428171
XPB1,XPB1_T01_S22,42,-7.228574555514297,-35.87613662263374
XPB1,XPB1_T01_S23,42,-7.208066255075268,-35.87591576517275
XPB1,XPB1_T01_S24,42,-7.216696682826303,-35.861159392541694
XPB1,XPB1_T01_S25,42,-7.218354616556562,-35.87008672153843
XPB1,XPB1_T01_S26,42,-7.204682418431469,-35.86993960294259
XPB1,XPB1_T02_S01,42,-7.241903452340022,-35.93568779006537
XPB1,XPB1_T02_S02,42,-7.245321736098501,-35.9357248945108
XPB1,XPB1_T02_S03,42,-7.245321736098501,-35.9357248945108
XPB1,XPB1_T02_S04,42,-7.236793350910533,-35.93266165132981
XPB1,XPB1_T02_S05,42,-7.243629918627875,-35.932735830279775
XPB1,XPB1_T02_S06,42,-7.2351015463902515,-35.92967266376709
XPB1,XPB1_T02_S07,42,-7.230060678986773,-35.9147654333523
XPB1,XPB1_T02_S08,42,-7.21811409252367,-35.91166575761104
XPB1,XPB1_T02_S09,42,-7.218148685667836,-35.90572550439371
XPB1,XPB1_T02_S10,42,-7.209620349310569,-35.90266307506763
XPB1,XPB1_T02_S11,42,-7.207789543865691,-35.92343552554824
XPB1,XPB1_T02_S12,42,-7.218079421846171,-35.91760614080635
XPB1,XPB1_T02_S13,42,-7.226607825219554,-35.92066895397774
XPB1,XPB1_T02_S14,42,-7.216422268598486,-35.908677129660255
XPB1,XPB1_T02_S15,42,-7.243664504414373,-35.926794903530606
XPB1,XPB1_T02_S16,42,-7.223224185592116,-35.91469143259497
XPB1,XPB1_T02_S17,42,-7.2299567086522245,-35.93258747381905
XPB1,XPB1_T02_S18,42,-7.2162832012867,-35.93243912311491
XPB1,XPB1_T02_S19,42,-7.2045102544490875,-35.899637678388466
XPB1,XPB1_T02_S20,42,-7.204406027491753,-35.91745808731791
XPB1,XPB1_T02_S21,42,-7.231752520189807,-35.9177542000398
XPB1,XPB1_T02_S22,42,-7.2265035103841555,-35.93849129579841
XPB1,XPB1_T02_S23,42,-7.241972661077425,-35.92380596581876
XPB1,XPB1_T02_S24,42,-7.224881334342347,-35.92362074119155
XPB1,XPB1_T02_S25,42,-7.192563553211964,-35.896538539887516
XPB1,XPB1_T02_S26,42,-7.178394421943354,-35.979558814259754
XPB1,XPB1_T02_S27,40,-7.228368832349835,-35.911776713843345
XPB1,XPB1_T03_S01,42,-7.219875060075022,-35.90277389713367
XPB1,XPB1_T03_S02,42,-7.235376489170571,-35.88214999219774
XPB1,XPB1_T03_S03,42,-7.235308219700723,-35.89402987897372
XPB1,XPB1_T03_S04,42,-7.218183201282654,-35.899785381277795
XPB1,XPB1_T03_S05,42,-7.218183201282654,-35.899785381277795
XPB1,XPB1_T03_S06,42,-7.223396289782982,-35.88499092399249
XPB1,XPB1_T03_S07,42,-7.23189014077654,-35.89399298014041
XPB1,XPB1_T03_S08,42,-7.231958485073721,-35.88211315179795
XPB1,XPB1_T03_S09,42,-7.226814359039693,-35.88502777810666
XPB1,XPB1_T03_S10,42,-7.240452371632143,-35.8911151853677
XPB1,XPB1_T03_S11,42,-7.221601391804432,-35.89982230789565
XPB1,XPB1_T03_S12,42,-7.2216357925310115,-35.89388228578822
XPB1,XPB1_T03_S13,42,-7.2199782019927,-35.88495407023583
XPB1,XPB1_T03_S14,42,-7.211381277583872,-35.89377159465748
XPB1,XPB1_T03_S15,42,-7.23361628841451,-35.891041416202576
XPB1,XPB1_T03_S16,42,-7.228437717254752,-35.89989616220603
XPB1,XPB1_T03_S17,42,-7.233650441855686,-35.885101487407574
XPB1,XPB1_T03_S18,42,-7.2182519999402315,-35.887905525843856
XPB1,XPB1_T03_S19,42,-7.233582057294237,-35.89698147540967
XPB1,XPB1_T03_S20,42,-7.230095180440395,-35.90882501286794
XPB1,XPB1_T03_S21,42,-7.223362024098022,-35.8909307651385
XPB1,XPB1_T03_S22,42,-7.238726280005776,-35.89406677816498
XPB1,XPB1_T03_S23,42,-7.236965874135333,-35.902958607744324
XPB1,XPB1_T03_S24,42,-7.214833865682126,-35.887868658015854
XPB1,XPB1_T03_S25,42,-7.235342393283066,-35.888089870348715
XPB1,XPB1_T03_S26,42,-7.231821485825933,-35.90587332988347
XPB1,XPB1_T03_S27,42,-7.218217639372119,-35.89384538838671
XPB1,XPB1_T04_S01,42,-7.255951630846676,-35.870491327114294
XPB1,XPB1_T04_S02,42,-7.2337185157168635,-35.87322202154736
XPB1,XPB1_T04_S03,42,-7.237170337202837,-35.86731925226784
XPB1,XPB1_T04_S04,42,-7.233786278910075,-35.86134307881588
XPB1,XPB1_T04_S05,42,-7.235478310704466,-35.864331141822625
XPB1,XPB1_T04_S06,42,-7.235478310704466,-35.864331141822625
XPB1,XPB1_T04_S07,42,-7.23713645429459,-35.87325881830178
XPB1,XPB1_T04_S08,42,-7.2422124414864175,-35.882223674069515
XPB1,XPB1_T04_S09,42,-7.2387944746495325,-35.88218683295492
XPB1,XPB1_T04_S10,42,-7.240520451116255,-35.879235341446
XPB1,XPB1_T04_S11,42,-7.237102493683861,-35.8791985151184
XPB1,XPB1_T04_S12,42,-7.237102493683861,-35.8791985151184
XPB1,XPB1_T04_S13,42,-7.250841754908379,-35.86746632599072
XPB1,XPB1_T04_S14,42,-7.242246384751177,-35.876283868083036
XPB1,XPB1_T04_S15,42,-7.245630389657058,-35.88226051554151
XPB1,XPB1_T04_S16,42,-7.2525000607743735,-35.87639430591978
XPB1,XPB1_T04_S17,42,-7.23713645429459,-35.87325881830178
XPB1,XPB1_T04_S18,42,-7.250740322865553,-35.885285766916795
XPB1,XPB1_T04_S19,42,-7.250774211393627,-35.87934582257238
XPB1,XPB1_T04_S20,42,-7.255951630846676,-35.870491327114294
XPB1,XPB1_T04_S21,42,-7.242314038011537,-35.86440464839861
XPB1,XPB1_T04_S22,42,-7.243904426473379,-35.885212054040466
XPB1,XPB1_T04_S23,42,-7.249048319137264,-35.882297357370916
XPB1,XPB1_T04_S24,42,-7.249048319137264,-35.882297357370916
XPB1,XPB1_T04_S25,42,-7.240554374243263,-35.87329561541318
XPB1,XPB1_T04_S26,42,-7.25588412192969,-35.88237104210197
XPB1,XPB1_T04_S27,42,-7.2320604191147995,-35.86429438906946
XPB1,XPB1_T05_S01,42,-7.250672312247756,-35.89716604709589
XPB1,XPB1_T05_S02,42,-7.250638190149946,-35.90310638268377
XPB1,XPB1_T05_S03,42,-7.26085814253927,-35.909157771067214
XPB1,XPB1_T05_S04,42,-7.2471859019123235,-35.90900987494738
XPB1,XPB1_T05_S05,42,-7.260721010534806,-35.93292128395142
XPB1,XPB1_T05_S06,42,-7.240349669270233,-35.908935929039586
XPB1,XPB1_T05_S07,42,-7.253919104315863,-35.926906086990066
XPB1,XPB1_T05_S08,42,-7.248946247118593,-35.900117733734916
XPB1,XPB1_T05_S09,42,-7.248809061246595,-35.92388005818529
XPB1,XPB1_T05_S10,42,-7.254022059733151,-35.90908382228991
XPB1,XPB1_T05_S11,42,-7.2607554105127825,-35.92698021109407
XPB1,XPB1_T05_S12,42,-7.2489120674279794,-35.90605811981241
XPB1,XPB1_T05_S13,42,-7.252261609298948,-35.917976299662605
XPB1,XPB1_T05_S14,42,-7.248774570136255,-35.92982096394483
XPB1,XPB1_T05_S15,42,-7.243733442562361,-35.914913439174306
XPB1,XPB1_T05_S16,42,-7.243802069503671,-35.90303249449725
XPB1,XPB1_T05_S17,42,-7.2523983345510405,-35.894214378509716
XPB1,XPB1_T05_S18,42,-7.245390870509399,-35.92384301182233
XPB1,XPB1_T05_S19,42,-7.255713986250855,-35.912072612916916
XPB1,XPB1_T05_S20,42,-7.245562344661756,-35.89414057762139
XPB1,XPB1_T05_S21,42,-7.284918677338181,-35.88565435275284
XPB1,XPB1_T05_S22,42,-7.257268314571565,-35.93882536568382
XPB1,XPB1_T05_S23,42,-7.247288380229405,-35.891188955964125
XPB1,XPB1_T05_S24,42,-7.243699012391202,-35.920854106454286
XPB1,XPB1_T05_S25,42,-7.257474235880721,-35.9031802723039
XPB1,XPB1_T05_S26,42,-7.267557315835178,-35.93299546793889
XSP7,XSP7_T01_S01,42,-23.160593434553345,-46.92920965265902
XSP7,XSP7_T01_S02,42,-23.15612008716794,-46.926020115023206
XSP7,XSP7_T01_S03,42,-23.15164639904156,-46.922830593234465
XSP7,XSP7_T01_S04,42,-23.066988893594182,-46.95086998833074
XSP7,XSP7_T01_S05,42,-23.160593434553345,-46.92920965265902
XSP7,XSP7_T01_S06,42,-23.13734777901236,-46.931573646443674
XSP7,XSP7_T01_S07,42,-23.042030351449164,-46.956237941107844
XSP7,XSP7_T01_S08,42,-23.02433645376397,-46.97098791926614
XSP7,XSP7_T02_S01,42,-23.191217043550175,-46.86898755717098
XSP7,XSP7_T02_S02,42,-23.01616605893815,-46.81795011235941
XSP7,XSP7_T02_S03,42,-23.170767837878746,-46.87755077693975
XSP7,XSP7_T02_S04,42,-23.172392680539392,-46.908165842039885
XSP7,XSP7_T02_S05,42,-23.169895882391348,-46.89586518178253
XSP7,XSP7_T02_S06,42,-23.031016125011494,-46.83061516634131
XSP7,XSP7_T02_S07,42,-23.1855822294019,-46.89021818528588
XSP7,XSP7_T02_S08,42,-23.164256919609628,-46.91709320906529
XSP7,XSP7_T03_S01,42,-23.178327141954995,-47.0091958127149
XSP7,XSP7_T03_S02,42,-23.182439596576696,-46.923747502635294
XSP7,XSP7_T03_S03,42,-23.20741975850233,-47.013122146506525
XSP7,XSP7_T03_S04,42,-23.18383286288209,-46.92684546817394
XSP7,XSP7_T03_S05,42,-23.184859910222226,-46.96966403489011
XSP7,XSP7_T03_S06,42,-23.16704440271056,-46.923289037029726
XSP7,XSP7_T03_S07,42,-23.165358690643796,-46.92629522488732
XSP7,XSP7_T03_S08,42,-23.142385516394036,-47.050896408258666
XSP7,XSP7_T03_S09,42,-23.181019784141814,-47.048998984515045
XSP7,XSP7_T04_S01,42,-23.194235841181502,-46.902702527278414
XSP7,XSP7_T04_S02,42,-23.180236069373326,-46.905342632517176
XSP7,XSP7_T04_S03,42,-23.1894723544008,-46.90561746599725
XSP7,XSP7_T04_S04,42,-23.176573829622484,-46.91745986356054
XSP7,XSP7_T04_S05,42,-23.17686557179275,-46.91135549995706
XSP7,XSP7_T04_S06,42,-23.19086586513951,-46.90871558835895
XSP7,XSP7_T04_S07,42,-23.194235841181502,-46.902702527278414
XSP7,XSP7_T04_S08,42,-23.188078747703912,-46.902519329669936
XSP7,XSP7_T05_S01,42,-23.199581192646292,-46.88757760634
XSP7,XSP7_T05_S02,42,-23.190054842849225,-46.893407947463295
XSP7,XSP7_T05_S03,42,-23.205446601420324,-46.89386573868385
XSP7,XSP7_T05_S04,42,-23.19429569996877,-46.86907900083018
XSP7,XSP7_T05_S05,42,-23.22733986283371,-46.85477474336831
XSP7,XSP7_T05_S06,42,-23.196793526704724,-46.881380978537194
XSP7,XSP7_T05_S07,42,-23.21752713533315,-46.86671206077102
XSP7,XSP7_T05_S08,42,-23.211893554036724,-46.8879437352029
XSP7,XSP7_T05_S09,42,-23.19847800763985,-46.87837413117575
XCP1,XCP1_T01_S01,42,-22.750852376880975,-47.34440229697346
XCP1,XCP1_T01_S02,42,-22.75486010840168,-47.32621883635753
XCP1,XCP1_T01_S03,42,-22.764918470035422,-47.34177722917758
XCP1,XCP1_T01_S04,42,-22.721930251037996,-47.334375478693936
XCP1,XCP1_T01_S05,42,-22.767704349392094,-47.34796307593953
XCP1,XCP1_T01_S06,42,-22.718226615863976,-47.34646575921162
XCP1,XCP1_T01_S07,42,-22.73600095041673,-47.331750225230735
XCP1,XCP1_T01_S08,42,-22.75285649434659,-47.33531072528564
XCP1,XCP1_T01_S09,42,-22.757036341288266,-47.34458943984346
XCP1,XCP1_T01_S10,42,-22.7242386412091,-47.31919169520743
XCP1,XCP1_T01_S11,42,-22.743884823592207,-47.32893783464529
XCP1,XCP1_T01_S12,42,-22.74466796966713,-47.34421515765116
XCP1,XCP1_T01_S13,42,-22.781461884387852,-47.35143039687458
XCP1,XCP1_T02_S01,42,-22.776177495954506,-47.17733316393021
XCP1,XCP1_T02_S02,42,-22.729783733668434,-47.17594117186235
XCP1,XCP1_T02_S03,42,-22.76041623400357,-47.18296455386521
XCP1,XCP1_T02_S04,42,-22.780166883809553,-47.15913852473052
XCP1,XCP1_T02_S05,42,-22.74864335887858,-47.170402528704464
XCP1,XCP1_T02_S06,42,-22.757421134695008,-47.14929931989969
XCP1,XCP1_T02_S07,42,-22.720800928404152,-47.16956763319544
XCP1,XCP1_T02_S08,42,-22.784057083707314,-47.174517327515
XCP1,XCP1_T02_S09,42,-22.787448134773804,-47.16851429629347
XCP1,XCP1_T02_S10,42,-22.794923317662207,-47.20536627473504
XCP1,XCP1_T02_S11,42,-22.76041623400357,-47.18296455386521
XCP1,XCP1_T02_S12,42,-22.78684933535065,-47.18070582921388
XCP1,XCP1_T02_S13,42,-22.773982581371765,-47.158953080730065
XCP1,XCP1_T03_S01,42,-22.790084677037214,-47.30287493752133
XCP1,XCP1_T03_S02,42,-22.817841191034358,-47.242680516608935
XCP1,XCP1_T03_S03,42,-22.8219006494648,-47.28552748240625
XCP1,XCP1_T03_S04,42,-22.740311804140305,-47.30747369642063
XCP1,XCP1_T03_S05,42,-22.817538941516872,-47.248775214254614
XCP1,XCP1_T03_S06,42,-22.74013157450037,-47.28000843531231
XCP1,XCP1_T03_S07,42,-22.79287117552904,-47.309061613581044
XCP1,XCP1_T03_S08,42,-22.756502838936857,-47.26219398661475
XCP1,XCP1_T03_S09,42,-22.722967866343957,-47.282541997953736
XCP1,XCP1_T03_S10,42,-22.75067894363453,-47.31693974008891
XCP1,XCP1_T03_S11,42,-22.728244143380593,-47.30100740300752
XCP1,XCP1_T03_S12,42,-22.82759725482081,-47.26433767396483
XCP1,XCP1_T04_S01,42,-22.799612829184408,-47.141405860136096
XCP1,XCP1_T04_S02,42,-22.778653015745164,-47.09498544157314
XCP1,XCP1_T04_S03,42,-22.774877766022716,-47.140664735870516
XCP1,XCP1_T04_S04,42,-22.777671847700383,-47.146853634681115
XCP1,XCP1_T04_S05,42,-22.791528839798634,-47.11674125723534
XCP1,XCP1_T04_S06,42,-22.807490191736132,-47.1385891648074
XCP1,XCP1_T04_S07,42,-22.80389538190315,-47.11711138115854
XCP1,XCP1_T04_S08,42,-22.803002346202593,-47.13540190074374
XCP1,XCP1_T04_S09,42,-22.75941474891752,-47.140201561787144
XCP1,XCP1_T04_S10,42,-22.771785384229457,-47.14057209929497
XCP1,XCP1_T04_S11,42,-22.78593886855558,-47.10436226890785
XCP1,XCP1_T04_S12,42,-22.77009011227498,-47.143573891748105
XCP1,XCP1_T04_S13,42,-22.790338012176566,-47.14112793194022
XCP1,XCP1_T05_S01,42,-22.854126989451796,-47.22851329798163
XCP1,XCP1_T05_S02,42,-22.82552952851792,-47.212391171897394
XCP1,XCP1_T05_S03,42,-22.890699301275497,-47.20824777251642
XCP1,XCP1_T05_S04,42,-22.904853744902187,-47.17204008285017
XCP1,XCP1_T05_S05,42,-22.822627498390425,-47.2397727719949
XCP1,XCP1_T05_S06,42,-22.870963965678996,-47.232072855623386
XCP1,XCP1_T05_S07,42,-22.829712740228615,-47.22167368485287
XCP1,XCP1_T05_S08,42,-22.88022868277651,-47.2323520754442
XCP1,XCP1_T05_S09,42,-22.821233430584424,-47.23667878388413
XCP1,XCP1_T05_S10,42,-22.855822375528295,-47.22551211231946
XCP1,XCP1_T05_S11,42,-22.83031511942536,-47.20948289171256
XCP1,XCP1_T05_S12,42,-22.866482212614372,-47.228885517413126
XCP1,XCP1_T05_S13,42,-22.825717538147092,-47.23986587269048
XRJ4,XRJ4_T01_S01,42,-22.397983623479824,-43.12242210947565
XRJ4,XRJ4_T01_S02,42,-22.408535632238223,-43.13802781832183
XRJ4,XRJ4_T01_S03,42,-22.362032866580503,-43.12464542851907
XRJ4,XRJ4_T01_S04,42,-22.376581941570183,-43.10348997195957
XRJ4,XRJ4_T01_S05,42,-22.382094851669514,-43.13433227707987
XRJ4,XRJ4_T02_S01,42,-22.42115595471914,-43.132183076038366
XRJ4,XRJ4_T02_S02,42,-22.44268956597273,-43.14497762149354
XRJ4,XRJ4_T02_S03,42,-22.467626775852928,-43.14556718853763
XRJ4,XRJ4_T02_S04,42,-22.450556358820304,-43.14209204762268
XRJ4,XRJ4_T02_S05,40,-22.434234294954884,-43.1724206863196
XRJ4,XRJ4_T02_S06,41,-22.43823233654226,-43.135657814234435
XRJ4,XRJ4_T03_S01,42,-22.507251849772025,-43.183365785094075
XRJ4,XRJ4_T03_S02,42,-22.50754707305858,-43.171085747515626
XRJ4,XRJ4_T03_S03,42,-22.477873387891897,-43.17345430401096
XRJ4,XRJ4_T03_S04,42,-22.507399577576624,-43.17722578056894
XRJ4,XRJ4_T03_S05,42,-22.492713267876834,-43.20452262607895
XRJ4,XRJ4_T04_S01,42,-22.51051478359975,-43.17729963745557
XRJ4,XRJ4_T04_S02,42,-22.511998507373036,-43.180406594270686
XRJ4,XRJ4_T04_S03,42,-22.51362987950372,-43.17737349506053
XRJ4,XRJ4_T04_S04,42,-22.526531024211277,-43.159248214048894
XRJ4,XRJ4_T04_S05,42,-22.532318141720715,-43.17781665577582
XRJ4,XRJ4_T05_S01,42,-22.514371950976397,-43.21118050033493
XRJ4,XRJ4_T05_S02,42,-22.53661973415176,-43.193278112548015
XRJ4,XRJ4_T05_S03,42,-22.524162035825494,-43.19298236802191
XRJ4,XRJ4_T05_S04,42,-22.51793252556337,-43.19283450007315
XRJ4,XRJ4_T05_S05,42,-22.51407368638035,-43.22346030946994
XRJ4,XRJ4_T05_S06,42,-22.54566489620176,-43.20578050669309
XCS1,XCS1_T01_S01,42,-29.154675116030425,-51.18294181356273
XCS1,XCS1_T01_S02,42,-29.02944658119166,-51.18099388714711
XCS1,XCS1_T01_S03,42,-29.155823276712916,-51.18602505019482
XCS1,XCS1_T01_S04,42,-29.151869468188284,-51.18283000073387
XCS1,XCS1_T01_S05,42,-29.154035723059643,-51.173803644240586
XCS1,XCS1_T01_S06,42,-29.123426863661347,-51.20295703953899
XCS1,XCS1_T01_S07,42,-29.144219439119144,-51.20682319157885
XCS1,XCS1_T01_S08,42,-29.03506879453814,-51.181217449877884
XCS1,XCS1_T01_S09,42,-29.109227496223316,-51.12037666149573
XCS1,XCS1_T01_S10,42,-29.14689684175467,-51.1917439990975
XCS1,XCS1_T01_S11,42,-29.12698887975393,-51.16057606974713
XCS1,XCS1_T01_S12,42,-29.151488733865158,-51.20407602973335
XCS1,XCS1_T01_S13,42,-29.033409216337677,-51.18418826871143
XCS1,XCS1_T01_S14,42,-29.14141352073281,-51.20671127743885
XCS1,XCS1_T01_S15,42,-29.141154486089633,-51.17632808750216
XCS1,XCS1_T01_S16,42,-29.13412551353208,-51.142632943842464
XCS1,XCS1_T01_S17,42,-29.1500813663025,-51.17060847948874
XCS1,XCS1_T01_S18,42,-29.124954999215614,-51.18479501671981
XCS1,XCS1_T01_S19,42,-29.1166385919797,-51.132823619310884
XCS1,XCS1_T02_S01,42,-29.170228148697518,-51.16533546833001
XCS1,XCS1_T02_S02,42,-29.16627466199191,-51.16214012594205
XCS1,XCS1_T02_S03,42,-29.166914440675797,-51.17127905236214
XCS1,XCS1_T02_S04,42,-29.170096049316417,-51.15014034682368
XCS1,XCS1_T02_S05,42,-29.17303311554068,-51.16544720900848
XCS1,XCS1_T02_S06,42,-29.15454434168621,-51.16774854216129
XCS1,XCS1_T02_S07,42,-29.173408894641682,-51.14419593133192
XCS1,XCS1_T02_S08,42,-29.158740017882096,-51.13449756743372
XCS1,XCS1_T02_S09,42,-29.14930752599168,-51.14627491047651
XCS1,XCS1_T02_S10,42,-29.163977544955113,-51.155972804493764
XCS1,XCS1_T02_S11,42,-29.169454909851567,-51.14100035529295
XCS1,XCS1_T02_S12,42,-29.169320021589783,-51.12580327604328
XCS1,XCS1_T02_S13,42,-29.186924737149923,-51.15081041131134
XCS1,XCS1_T02_S14,42,-29.151738560600105,-51.16763679514786
XCS1,XCS1_T02_S15,42,-29.16907983384369,-51.162251852003564
XCS1,XCS1_T02_S16,42,-29.175706121689725,-51.15036369751422
XCS1,XCS1_T02_S17,42,-29.15951527771939,-51.15883306268603
XCS1,XCS1_T02_S18,42,-29.12082519519765,-51.09956837898087
XCS1,XCS1_T02_S19,42,-29.149172371029607,-51.131078797818965
XCS1,XCS1_T03_S01,42,-29.165896433527717,-51.18338907523377
XCS1,XCS1_T03_S02,42,-29.16704428375455,-51.18647236616331
XCS1,XCS1_T03_S03,42,-29.16933965205465,-51.192638831626816
XCS1,XCS1_T03_S04,42,-29.169849217022552,-51.18658419774464
XCS1,XCS1_T03_S05,42,-29.172144430082565,-51.19275069035435
XCS1,XCS1_T03_S06,42,-29.164239223084785,-51.18636053561766
XCS1,XCS1_T03_S07,42,-29.175458701334065,-51.186807864014476
XCS1,XCS1_T03_S08,42,-29.18157709235717,-51.18097658764859
XCS1,XCS1_T03_S09,42,-29.171506327886366,-51.18361271228287
XCS1,XCS1_T03_S10,42,-29.178900889105627,-51.19605762613201
XCS1,XCS1_T03_S11,42,-29.16028602956293,-51.183165442327095
XCS1,XCS1_T03_S12,42,-29.174949080703463,-51.1928625501178
XCS1,XCS1_T03_S13,42,-29.154804165547585,-51.19813384832092
XCS1,XCS1_T03_S14,42,-29.158119265968768,-51.192191407075434
XCS1,XCS1_T03_S15,42,-29.184509398016512,-51.19628137798244
XCS1,XCS1_T03_S16,42,-29.159267094539338,-51.19527452728972
XCS1,XCS1_T03_S17,42,-29.19062730080416,-51.19045040854303
XCS1,XCS1_T03_S18,42,-29.201841881160696,-51.190897828525834
XCS1,XCS1_T03_S19,42,-29.178263252367987,-51.18691969870301
XCS1,XCS1_T04_S01,42,-29.170867567446358,-51.17447430479653
XCS1,XCS1_T04_S02,42,-29.174820300874526,-51.17766954669565
XCS1,XCS1_T04_S03,42,-29.168062578558665,-51.17436252544889
XCS1,XCS1_T04_S04,42,-29.166405567027812,-51.17733416791936
XCS1,XCS1_T04_S05,42,-29.173672428918824,-51.174586085179534
XCS1,XCS1_T04_S06,42,-29.159137913399196,-51.18008213977278
XCS1,XCS1_T04_S07,42,-29.165257462260534,-51.17425074713659
XCS1,XCS1_T04_S08,42,-29.17596806210223,-51.180752969466354
XCS1,XCS1_T04_S09,42,-29.170358522165348,-51.18052935542639
XCS1,XCS1_T04_S10,42,-29.16921060572232,-51.17744595980935
XCS1,XCS1_T04_S11,42,-29.174181242078873,-51.168530800239004
XCS1,XCS1_T04_S12,42,-29.16971950716364,-51.17139081813101
XCS1,XCS1_T04_S13,42,-29.17647716297124,-51.17469786659791
XCS1,XCS1_T04_S14,42,-29.17137635282892,-51.16841904597958
XCS1,XCS1_T04_S15,42,-29.16360040092744,-51.17722237706481
XCS1,XCS1_T04_S16,42,-29.17928176959886,-51.17480964905167
XCS1,XCS1_T04_S17,42,-29.18935140469012,-51.172173207501196
XCS1,XCS1_T04_S18,42,-29.20617377499781,-51.172843867340156
XCS1,XCS1_T05_S01,42,-29.17736995334746,-51.214220236798134
XCS1,XCS1_T05_S02,42,-29.226579895305754,-51.346749637241395
XCS1,XCS1_T05_S03,42,-29.229380787561063,-51.346862173321696
XCS1,XCS1_T05_S04,42,-29.222119864539604,-51.34960575250453
XCS1,XCS1_T05_S05,42,-29.17622309962688,-51.21113729562023
XCS1,XCS1_T05_S06,42,-29.237157643603545,-51.33806825314133
XCS1,XCS1_T05_S07,42,-29.225437804160887,-51.34366838621553
XCS1,XCS1_T05_S08,42,-29.203114299869643,-51.20917362790716
XCS1,XCS1_T05_S09,42,-29.16831974279044,-51.20474747358514
XCS1,XCS1_T05_S10,42,-29.16857000793348,-51.235127463519866
XCS1,XCS1_T05_S11,42,-29.231664481871842,-51.35302458335366
XCS1,XCS1_T05_S12,42,-29.19660882813931,-51.236247934352235
XCS1,XCS1_T05_S13,42,-29.216408076890293,-51.33419943437116
XCS1,XCS1_T05_S14,42,-29.226359914750656,-51.31638495361031
XCS1,XCS1_T05_S15,42,-29.157226108330356,-51.21949019293021
XCS1,XCS1_T05_S16,42,-29.18119512729252,-51.202223940003044
XCS1,XCS1_T05_S17,42,-29.178005721114648,-51.223356833220365
XCS1,XCS1_T05_S18,42,-29.218176454087814,-51.34641203524435
XCS1,XCS1_T05_S19,42,-29.18578227483096,-51.21455610103122
XSP9,XSP9_T01_S01,42,-22.68090153424723,-47.62280123020509
XSP9,XSP9_T01_S02,42,-22.54194740589154,-47.429569058483374
XSP9,XSP9_T01_S03,42,-22.712582147271092,-47.63901200054491
XSP9,XSP9_T01_S04,42,-22.42692554524802,-47.55409111872611
XSP9,XSP9_T01_S05,42,-22.689864429273435,-47.62917160812667
XSP9,XSP9_T01_S06,42,-22.69319778803781,-47.68412882567442
XSP9,XSP9_T01_S07,42,-22.68601401495031,-47.613814505861285
XSP9,XSP9_T01_S08,42,-22.40054455849462,-47.583756682103896
XSP9,XSP9_T01_S09,42,-22.39217016174692,-47.56522063024467
XSP9,XSP9_T01_S10,42,-22.439022676905942,-47.56055392920574
XSP9,XSP9_T02_S01,42,-22.563330234927946,-47.43631516325274
XSP9,XSP9_T02_S02,42,-22.536056398984762,-47.42329275565641
XSP9,XSP9_T02_S03,42,-22.57865458673412,-47.40933790307167
XSP9,XSP9_T02_S04,42,-22.57061342400692,-47.445682803258535
XSP9,XSP9_T02_S05,42,-22.583928176980702,-47.42779277770547
XSP9,XSP9_T02_S06,42,-22.564866532800963,-47.40587106910294
XSP9,XSP9_T02_S07,42,-22.54705678494689,-47.42057709646497
XSP9,XSP9_T02_S08,42,-22.55557097411518,-47.40558959769945
XSP9,XSP9_T02_S09,42,-22.58097010667157,-47.3941614207822
XSP9,XSP9_T02_S10,42,-22.59026316187271,-47.39444274619735
XSP9,XSP9_T03_S01,42,-22.729228202913664,-47.67609507661037
XSP9,XSP9_T03_S02,42,-22.728793603665626,-47.654748564780846
XSP9,XSP9_T03_S03,42,-22.71226571633803,-47.64509775298677
XSP9,XSP9_T03_S04,42,-22.718765545112525,-47.63920183149902
XSP9,XSP9_T03_S05,42,-22.721223849725998,-47.651468290541125
XSP9,XSP9_T03_S06,42,-22.73806653370811,-47.65503353561515
XSP9,XSP9_T03_S07,42,-22.734023479910782,-47.67319506717231
XSP9,XSP9_T03_S08,42,-22.71963684090914,-47.681894879208215
XSP9,XSP9_T03_S09,42,-22.730497644354358,-47.65175321299565
XSP9,XSP9_T03_S10,42,-22.721540576520468,-47.6453825840666
XSP9,XSP9_T04_S01,42,-22.726652354947046,-47.63639613810627
XSP9,XSP9_T04_S02,42,-22.735925829136157,-47.6366808563453
XSP9,XSP9_T04_S03,42,-22.72078563845912,-47.630120314922095
XSP9,XSP9_T04_S04,42,-22.737313086000338,-47.63977134590407
XSP9,XSP9_T04_S05,42,-22.722173354963655,-47.633210783441896
XSP9,XSP9_T04_S06,42,-22.7263359303413,-47.64248208008967
XSP9,XSP9_T04_S07,42,-22.73005984661795,-47.630404944457005
XSP9,XSP9_T04_S08,42,-22.715990130972834,-47.633021006234365
XSP9,XSP9_T04_S09,42,-22.736996466266362,-47.64585732048974
XSP9,XSP9_T04_S10,42,-22.74828891323681,-47.63706049322983
XSP9,XSP9_T05_S01,42,-22.745514648921045,-47.63087934496158
XSP9,XSP9_T05_S02,42,-22.736242099293868,-47.63059470196682
XSP9,XSP9_T05_S03,42,-22.741352534394718,-47.62160748664362
XSP9,XSP9_T05_S04,42,-22.7603099829441,-47.433148146493735
XSP9,XSP9_T05_S05,42,-22.75712143704413,-47.61599503741505
XSP9,XSP9_T05_S06,42,-22.739837934997343,-47.59107891090013
XSP9,XSP9_T05_S07,42,-22.78619217884195,-47.59249950403864
XSP9,XSP9_T05_S08,42,-22.740595981963377,-47.60634356524164
XSP9,XSP9_T05_S09,42,-22.74614665461631,-47.6187064828085
XSP9,XSP9_T05_S10,42,-22.73132248697393,-47.60605926101482
XBA1,XBA1_T01_S01,42,-12.242972407524217,-38.915165419424476
XBA1,XBA1_T01_S02,42,-12.21062791139833,-38.947849069321535
XBA1,XBA1_T01_S03,42,-12.195536371012086,-38.93253301482229
XBA1,XBA1_T01_S04,42,-12.183641121548877,-38.94139884866037
XBA1,XBA1_T01_S05,42,-12.205399060993727,-38.96888511467933
XBA1,XBA1_T01_S06,42,-12.225945571976627,-38.93300247756893
XBA1,XBA1_T01_S07,42,-12.217566714976535,-38.92382338103344
XBA1,XBA1_T01_S08,42,-12.225809400906348,-38.9511005212697
XBA1,XBA1_T01_S09,42,-12.234459375000366,-38.92408398285512
XBA1,XBA1_T01_S10,42,-12.23432393621459,-38.94218194941603
XBA1,XBA1_T01_S11,42,-12.23454900725049,-38.91201900571545
XBA1,XBA1_T02_S01,42,-12.241080736359539,-38.94228637148389
XBA1,XBA1_T02_S02,42,-12.235990472248032,-38.94522444813019
XBA1,XBA1_T02_S03,42,-12.254548393401564,-38.94852818805188
XBA1,XBA1_T02_S04,42,-12.239140315944896,-38.97544166571434
XBA1,XBA1_T02_S05,42,-12.242656244053356,-38.95739475814233
XBA1,XBA1_T02_S06,42,-12.249503787821792,-38.94543335457577
XBA1,XBA1_T02_S07,42,-12.235899405696516,-38.95729018741463
XBA1,XBA1_T02_S08,42,-12.218775939449019,-38.987193531351785
XBA1,XBA1_T02_S09,42,-12.222293345433156,-38.96914681869781
XBA1,XBA1_T02_S10,42,-12.252745459633296,-38.963584735048414
XBA1,XBA1_T02_S11,42,-12.249594178719656,-38.93336764367831
XBA1,XBA1_T03_S01,42,-12.24635061729226,-38.91521749812764
XBA1,XBA1_T03_S02,42,-12.246484077979893,-38.89712012388085
XBA1,XBA1_T03_S03,42,-12.248195257985248,-38.89412994141575
XBA1,XBA1_T03_S04,42,-12.243017045161814,-38.90913292377775
XBA1,XBA1_T03_S05,42,-12.241527205732423,-38.88196156865603
XBA1,XBA1_T03_S06,42,-12.256662384608545,-38.891243683986964
XBA1,XBA1_T03_S07,42,-12.253195907576488,-38.90325655510826
XBA1,XBA1_T03_S08,42,-12.241350203386647,-38.90609068419293
XBA1,XBA1_T03_S09,40,-12.229725324603708,-38.87876385699886
XBA1,XBA1_T03_S10,42,-12.244861306012414,-38.88804569133796
XBA1,XBA1_T03_S11,42,-12.261662988129029,-38.90037033792082
XBA1,XBA1_T04_S01,42,-12.264408352962135,-38.984884638791335
XBA1,XBA1_T04_S02,42,-12.2713476601636,-38.96085583816639
XBA1,XBA1_T04_S03,42,-12.271393133297995,-38.95482259122189
XBA1,XBA1_T04_S04,42,-12.269590222487857,-38.96987965766808
XBA1,XBA1_T04_S05,42,-12.2644543922736,-38.978851187812275
XBA1,XBA1_T04_S06,42,-12.257744066896814,-38.9727130769642
XBA1,XBA1_T04_S07,42,-12.26625792213197,-38.96379400723579
XBA1,XBA1_T04_S08,42,-12.269544409094431,-38.9759130546051
XBA1,XBA1_T04_S09,42,-12.256169277460884,-38.95760390570124
XBA1,XBA1_T04_S10,42,-12.250941640102836,-38.978641620341484
XBA1,XBA1_T04_S11,42,-12.267832446017783,-38.97890358095409
XBA1,XBA1_T05_S01,42,-12.259683417768583,-38.939557062153874
XBA1,XBA1_T05_S02,42,-12.263151412072956,-38.92754344707757
XBA1,XBA1_T05_S03,42,-12.254683896890418,-38.93042948844313
XBA1,XBA1_T05_S04,42,-12.257971798671704,-38.94254743554222
XBA1,XBA1_T05_S05,42,-12.249684040751621,-38.92130219927349
XBA1,XBA1_T05_S06,42,-12.278284340337432,-38.93682762182624
XBA1,XBA1_T05_S07,42,-12.261349850147779,-38.94259964987771
XBA1,XBA1_T05_S08,42,-12.30521459874118,-38.9493118933154
XBA1,XBA1_T05_S09,42,-12.274816328836376,-38.94884165643379
XBA1,XBA1_T05_S10,42,-12.264772960504812,-38.936618875908465
XBA1,XBA1_T05_S11,42,-12.288281961013462,-38.95508397447756
XGA2,XGA2_T01_S01,42,-16.271908566581317,-48.94897750096045
XGA2,XGA2_T01_S02,42,-16.26090099662019,-48.939633482216195
XGA2,XGA2_T02_S01,42,-16.290075743481395,-48.94652843346475
XGA2,XGA2_T02_S02,42,-16.31120982799241,-48.95017578066988
XGA2,XGA2_T02_S03,42,-16.29212811315779,-48.970613400856315
XGA2,XGA2_T03_S01,42,-16.32998319507784,-48.93573254360318
XGA2,XGA2_T03_S02,42,-16.3037863830361,-48.93493416489314
XGA2,XGA2_T03_S03,42,-16.320465232901697,-48.92943595702381
XGA2,XGA2_T04_S01,42,-16.33653160492908,-48.93593214752799
XGA2,XGA2_T04_S02,42,-16.333562831695268,-48.929835051460294
XGA2,XGA2_T04_S03,42,-16.339500064062705,-48.94202914335856
XGA2,XGA2_T05_S01,42,-16.35586912136314,-48.94252830648587
XGA2,XGA2_T05_S02,42,-16.36594756404203,-48.96986420269208
XGA2,XGA2_T05_S03,42,-16.363287449305993,-48.957770699394196
