station_code,total_packages,latitude,longitude
DPE4,4282,-8.037647264470824,-34.9055301526188
DRJ3,3355,-22.94584694766387,-43.175358224102034
DBR9,3221,-23.547654225766614,-46.650133714489044
DPB3,3003,-7.119085279949439,-34.83479466822703
DBH5,4530,-19.93581623392464,-43.94013966801887
DBS5,2907,-15.831795770475917,-48.01869815069665
DBS5,2902,-15.842352112757476,-48.04008292285975
DBR9,2868,-23.569118346717044,-46.65076709520078
DCE3,2755,-3.746710715970436,-38.49535306266148
DPE4,2549,-8.133014269587184,-34.906428277219526
DCE3,2522,-3.7343614804636003,-38.516027073566384
DRJ3,2490,-22.977868201564977,-43.19764004063084
DBS5,2483,-15.745317115452096,-47.8897038728596
XRJ2,2448,-22.8931237386847,-43.10955425110918
DCE3,2417,-3.722647696213692,-38.49500711507693
DRJ3,2391,-22.956176439777273,-43.1971219878599
DGO2,2258,-16.71219632295375,-49.26571742788438
DRS5,2209,-30.03139378096462,-51.193849019724276
DBR9,2326,-23.60030920096314,-46.67311252027863
DSP5,2116,-22.902644376587524,-47.05899558828278
DPB3,2085,-7.1429651866969985,-34.83501645125194
DBS5,1991,-15.833721194427696,-47.97659381039819
DRJ3,1934,-22.93343372909259,-43.239611671110985
DRJ3,1905,-22.924146864521294,-43.17484095250763
DRJ3,1897,-22.923107281831612,-43.217848641927105
DBR9,1880,-23.557393041215875,-46.6718442848154
DBR9,1874,-23.53592658799947,-46.67121023058761
DBR9,1864,-23.580839830992765,-46.62968790334816
DRS5,1836,-30.03926201936339,-51.215463292853116
DGO2,1815,-16.689356635060083,-49.26500824751402
DPR2,1782,-25.436170892087354,-49.27511383892172
DSA8,1778,-13.001020893279646,-38.462035772374136
DPE4,1764,-8.109174318859099,-34.90620372316668
DPB3,1743,-7.095204508537007,-34.83457290026207
DBS5,1720,-15.768380561559049,-47.890369220279155
DCE3,1701,-3.7349963492729654,-38.47433401025912
DBS5,1695,-15.825069332146446,-47.91309195650758
DPE4,1676,-8.025685104782921,-34.926149904385994
DRJ3,1633,-22.967541550216147,-43.17587553093879
DBS5,1610,-15.755898114797612,-47.911093730399585
DSP4,2418,-23.602296030582192,-46.63032065250046
DPE4,1603,-8.049607030907925,-34.88491153984721
DPB3,1590,-7.107067129485634,-34.85538273967773
DSP4,1571,-23.623746640787243,-46.63095344391569
XRJ2,1568,-22.914832318303983,-43.11006928430984
DSP4,1905,-23.621758899799907,-46.673746701522234
DBS5,1543,-15.78953363514258,-47.93314935729618
DBH5,1532,-19.958206077385427,-43.94068026563999
DBH5,1528,-19.94640758700627,-43.961799416958065
DRJ3,1517,-22.988190484686346,-43.219404931663256
DGO2,1511,-16.70189061146992,-49.244389974874224
DBH5,1600,-19.947613384733096,-43.91901994845556
DBR9,1487,-23.52419513747337,-46.69228473933245
DES2,1480,-20.347875212710306,-40.28580582272535
DCE3,1464,-3.746075354670062,-38.537048653958436
DBS5,1442,-15.814496237353353,-47.89170004561263
DBH5,1431,-19.968794801848365,-43.962340748069295
DRS5,1397,-30.050748912142033,-51.19463328643407
DRJ3,1380,-22.911731211339482,-43.239092232987026
DBH5,1848,-19.92401553221245,-43.96125812240477
DSP4,1373,-23.631483222180243,-46.6954588003016
DBR9,1334,-23.545663919398613,-46.69291946677354
DPE4,1317,-8.061490808133499,-34.90575466086787
DSA8,1275,-12.98914053262108,-38.482978917263054
DPE4,1254,-8.049530294522679,-34.92637511986584
DSP4,1269,-23.592557489139153,-46.608606714679254
DCE3,1253,-3.7584251730935834,-38.51637374245384
DBR9,1315,-23.559378045862147,-46.62905519645475
DPR2,1230,-25.406284669340888,-49.25277690121612
DBH5,1224,-19.980591078127425,-43.94122089977686
DES2,1210,-20.291911643048465,-40.30617231373172
DCE3,1195,-3.770774032822217,-38.49569903354908
DPB3,1195,-7.071322880711425,-34.83435114735549
DPR2,1182,-25.415318274211263,-49.27439466501261
DGO2,1172,-16.699661322506255,-49.28633371416172
DSP4,1368,-23.612029835036054,-46.65203398351849
DBR9,1156,-23.567127122682983,-46.69355423658693
DPE4,1148,-8.037567387904256,-34.9469967126313
DCE3,1135,-3.757789313092042,-38.55807185078061
DRS5,1131,-30.0235200641844,-51.172232837921186
DBR9,1140,-23.590576884422585,-46.651400518209236
DSP4,1117,-23.641202799490827,-46.717170273647575
DMG2,1105,-19.878002201558427,-44.002948562068006
DCE3,1105,-3.7337245834412496,-38.557723762681654
DBS5,1102,-15.827921366188777,-48.10288700535002
DCE3,1091,-3.7948376382828557,-38.49604502774206
DRS5,1087,-30.058613348011406,-51.21624822645254
DBR9,1084,-23.629477702307295,-46.738244787647275
DSP2,1082,-23.551600276456053,-46.564546444125476
XRJ2,1068,-22.90346913249527,-43.131316086604244
XSJ1,1051,-23.2137375358303,-45.91165066846327
DPR2,1049,-25.427140874213684,-49.25349538860567
DRJ3,1040,-22.93447919539254,-43.196603970378895
DSP2,1040,-23.53988325274425,-46.5856295860962
XRJ2,1033,-22.904485403082575,-43.08830710910238
DSP5,1029,-22.88102439689388,-47.05834965531576
XPB1,1026,-7.2337185157168635,-35.87322202154736
DCE3,1022,-3.818901523865559,-38.49639104524275
DPR2,1014,-25.46603900140892,-49.297450839274155
DBR9,1004,-23.578853913487492,-46.6724783813777
DBS5,995,-15.8298624922491,-48.06079589697832
DES2,992,-20.358870493361913,-40.30742381017661
DRJ3,985,-22.92205613756244,-43.26085488592231
DPE4,984,-8.192576250496778,-34.92772673439866
DSP4,977,-23.643203006163155,-46.674380925112615
DBH5,1493,-19.92522091640634,-43.91848008446789
DRS5,969,-30.042878996764546,-51.17301643739725
DSP2,965,-23.485204459072968,-46.60544697294101
DSA8,962,-12.989349678340735,-38.44074424932131
DRJ3,953,-22.88896661702721,-43.28157615061226
DMG2,988,-19.891022039953526,-43.93905858230942
DSA8,938,-12.98892454850996,-38.52521734187971
DBS5,935,-15.802016003604518,-47.91242583760075
DSP2,932,-23.52231818774095,-46.499399693419015
DBR9,1050,-23.61003677791658,-46.69482390334686
DSP2,918,-23.56135152429336,-46.5862608600942
DES2,917,-20.325558278815915,-40.28538938229259
DSP2,909,-23.446138257722556,-46.51859961482176
DGO2,906,-16.679048015297816,-49.24368146275191
DBR9,895,-23.52618452542674,-46.64950037606994
XPB1,889,-7.2216357925310115,-35.89388228578822
DSP2,888,-23.530128765922207,-46.56391588690666
DPR2,887,-25.424346797813048,-49.29601107179167
DSP4,894,-23.61598130745602,-46.56643836859523
DRS5,877,-30.004154821822716,-51.171449289327995
DBH5,1053,-19.934605546708703,-43.98291729724287
DES2,871,-20.280909686783065,-40.28455658719413
DPE4,867,-8.085257496771273,-34.947448604178646
DBR9,860,-23.5533884795921,-46.75740653055205
DPE4,859,-8.097289622957993,-34.88535915714156
DPR2,855,-25.457017657025993,-49.275833060004
DSP4,855,-23.65292407243187,-46.696093739644965
DSP5,854,-22.859398965059903,-47.05770376530612
DSP4,851,-23.64913426953713,-46.54598127275327
XSJ1,845,-23.203834788230317,-45.88992236683279
DRS5,844,-30.01203234006601,-51.19306480393032
DCE3,838,-3.769503349987381,-38.579096658557866
DPR2,834,-25.445195826544104,-49.296730931927975
DRJ3,823,-22.93022794990852,-43.3686257600302
DSP2,837,-23.582814213415123,-46.58689217626708
DMG2,821,-19.880421480241914,-43.9174004658878
DMG2,1366,-19.913421553019706,-43.939599106909874
DCE3,812,-3.7590589922040785,-38.4746792598134
DES2,809,-20.303236435119725,-40.28497297044982
DSA8,807,-12.965588009442554,-38.48262888382247
DSP4,805,-23.67057548271242,-46.54661136557822
DRJ3,802,-22.940532348168976,-43.39038900786932
DSP2,797,-23.58477705423488,-46.54409124692865
DSP2,800,-23.549633013632263,-46.60734269134957
DGO2,789,-16.709962074245553,-49.307657856909216
DSP2,788,-23.465680787818073,-46.562024468006555
DES2,784,-20.314236168929956,-40.30658945057506
DMG2,784,-19.912211284597735,-43.98237530598934
XCS1,783,-29.16194325669029,-51.180193942132924
DES2,780,-20.2475702685573,-40.262526466994565
DPR2,776,-25.477858565964034,-49.27655232826385
DSP2,774,-23.54184430259405,-46.54283144021344
DES2,772,-20.381180281605868,-40.30784103294063
DBR9,763,-23.608032182306733,-46.737608502410446
DPE4,762,-8.025763952950017,-34.88468775402624
DRS5,761,-30.027770944480185,-51.23629010224672
DPE4,757,-8.16873829657687,-34.92750142700997
DSA8,755,-12.977470312295152,-38.46168645532599
DRJ3,753,-23.01478356717923,-43.456734345854514
DPB3,751,-7.166692886083476,-34.87664158594166
DSA8,750,-12.965798185198288,-38.440395672532865
DPE4,745,-7.978153209387457,-34.842788356760394
DSP2,745,-23.434414853632276,-46.539682659942336
DBS5,744,-15.812588070920743,-47.93381611686888
DBR9,728,-23.533930986180113,-46.713992635659935
DPB3,726,-7.130948538263196,-34.85560522796123
DPB3,720,-7.16684422052976,-34.835238249338296
DMG2,715,-19.868617700017126,-43.93851809421389
DBR9,711,-23.52219424648074,-46.735063786062476
DCE3,707,-3.794204363778141,-38.53774345777196
XSJ1,703,-23.23531041232244,-45.91225958178847
DPB3,699,-7.118929677286723,-34.876195153343595
DSP4,697,-23.664641516226503,-46.675015191053866
DMG2,697,-19.856810380948293,-43.95963445805653
XPB1,692,-7.245562344661756,-35.89414057762139
DBR9,1092,-23.494959215778703,-46.62715732928694
DCE3,680,-3.807185148079673,-38.47536982869653
DBH5,674,-19.979379554113297,-43.9840013895539
DPR2,671,-25.51050714302466,-49.25636980957212
DSP2,668,-23.573066206125542,-46.56517704347713
DBR9,666,-23.57685646746873,-46.71526356359639
DPB3,661,-7.178708740844249,-34.856050249857226
DRJ3,657,-22.941618399964366,-43.34738593685541
DPB3,656,-7.190573172504371,-34.876864824979805
DSA8,649,-13.000808840455653,-38.50427305266086
DSP5,648,-22.9242589000398,-47.0596415642113
DMG2,648,-19.943965404409003,-44.047351525781664
DCE3,646,-3.7701397149012004,-38.537396044165725
DMG2,922,-19.902823613146914,-43.9179402569465
DCE3,644,-3.8059196426298008,-38.558768097314484
DSP2,633,-23.532083605441773,-46.52111585457274
DPE4,632,-8.073374298711615,-34.92660035065994
DRS5,630,-30.019904381057692,-51.21467841020249
DES2,622,-20.19155375054698,-40.28289133998415
XSJ1,617,-23.225410812523574,-45.89053055687785
DRJ3,616,-22.962225856724288,-43.3909135898663
XPB1,616,-7.20979242609048,-35.87296445426126
DSP4,615,-23.680312006839756,-46.56833067237043
DMG2,612,-19.86740826997174,-43.9812914332682
DPR2,604,-25.429923117204982,-49.21097160069745
DRS5,604,-30.105148419943294,-51.23943260480643
DSA8,600,-13.012475230081007,-38.52556885583347
DMG2,600,-19.83439901921615,-43.95909330969897
DRS5,600,-29.915130537199637,-51.18914448853517
DSP5,598,-23.258767702169777,-47.28349459162617
DBH5,601,-19.956994971638707,-43.983459325096526
DRS5,593,-30.015640869343216,-51.15061475334534
DRJ3,592,-23.006683181208473,-43.348955428743565
DGO2,587,-16.666512962587657,-49.26429911303317
DBS5,578,-15.823156469144262,-47.95520544310059
XSP7,576,-23.191448604913617,-46.896506154653885
DGO2,576,-16.65620143717899,-49.24297299648381
DPE4,575,-8.121129120715025,-34.885582988618026
DMG2,575,-19.901618642745582,-43.960716864405825
DBS5,572,-15.80487690792289,-48.102214912705826
DSA8,570,-12.942448233586257,-38.39781916709745
DSP2,569,-23.49692997781206,-46.58436716460859
DSP5,567,-22.825916010943118,-47.078078589279144
DPR2,564,-25.50770777731122,-49.298890795613794
DPR2,558,-25.442388594524065,-49.339239790198434
DSP5,558,-22.912415669470377,-47.08066490171037
DGO2,557,-16.72249809842464,-49.2870435624997
DBR9,552,-23.588584743471273,-46.694189048776664
DPE4,550,-8.09721710917876,-34.92682559676984
DRJ3,550,-23.00775835334759,-43.305946403179526
DMG2,549,-19.822585970120233,-43.980207706904224
DBS5,549,-15.88744342641493,-47.80943716661091
DES2,546,-20.269904132058894,-40.26294206809371
DRJ3,545,-22.902441304944457,-43.17432371615203
DSP2,544,-23.506686217611218,-46.60607883687117
DCE3,543,-3.8299852255398235,-38.559116255754084
DSP4,541,-23.692011093553404,-46.54724150051833
DSP4,540,-23.639389762547026,-46.52426210038584
DPR2,538,-25.483429626022236,-49.19149812872322
DBR9,535,-23.4832284020418,-46.64823382609334
DBS5,534,-15.791440271049455,-47.891034611195465
DBR9,534,-23.494652030596495,-46.862728330055745
DSA8,533,-12.977257235569189,-38.50392227897267
DCE3,532,-3.8182692928129693,-38.53809089477948
DSP2,523,-23.52036955589758,-46.542201599993994
DBR9,521,-23.504709249561134,-46.6488670799394
DSP2,520,-23.47544498217371,-46.583736017110816
DRJ3,519,-22.899288503963863,-43.30333803313331
DGO2,517,-16.735032020043864,-49.26642665414851
XSJ1,515,-23.246981310411062,-45.891138787728806
DSA8,514,-13.012690196423502,-38.483328974590094
DRS5,514,-29.68551013179244,-51.137312687289054
DCE3,509,-3.78185433565095,-38.55841996232411
DRJ3,508,-22.931308103872713,-43.325622614313104
DRJ3,508,-22.996381458372483,-43.32718987145841
DSP4,507,-23.65887403916549,-46.56769986229353
DPR2,507,-25.54592505837288,-49.19364825363803
DSP2,506,-23.489122071522953,-46.519857650616274
DMG2,503,-19.900403496087215,-44.00349121315068
DCE3,502,-3.783121927968287,-38.47502453262509
DBR9,500,-23.50072081782238,-46.73442771310486
DSP4,500,-23.62768745784633,-46.54535122203939
DPB3,498,-7.083184860052024,-34.85516026650184
DBS5,497,-15.780860877115908,-47.86964244355389
DBR9,496,-23.514454557697754,-46.67057621869027
DSP2,493,-23.56331346999322,-46.54346132252364
DPE4,492,-8.001996508976138,-34.84301068296161
DSP4,491,-23.633477194718548,-46.652667491132625
DPR2,489,-25.388202222524846,-49.20953732668362
DSP5,486,-22.89286840900097,-47.03732554766758
DSP4,482,-23.674359324849327,-46.69672872138104
DRJ3,482,-22.91277647256258,-43.196085988184265
DRJ3,481,-22.966501566951987,-43.21888613308158
DBS5,479,-15.722249939305506,-47.889038568932726
XSP9,478,-22.7331510282403,-47.63049982276325
XSP9,478,-22.721223849725998,-47.651468290541125
DRJ3,477,-22.97682232553703,-43.2406506534962
DPR2,476,-25.385422615538467,-49.252058460958565
DPR2,476,-25.36455471588949,-49.25134006782859
DPE4,474,-8.001919697931068,-34.88446398342067
DRJ3,467,-22.910674394394903,-43.282097008514704
DSP4,464,-23.645191657773054,-46.631586277597954
DSP5,463,-23.07884914950433,-47.21392029256724
DRJ3,463,-22.8926711935942,-43.56132374165772
DPE4,462,-8.12023535094334,-35.30058880513281
DSP2,458,-23.418710360199338,-46.41065294261772
DSP4,452,-23.701744370638192,-46.568961524604596
DGO2,450,-16.676820559380875,-49.28562391174852
DBR9,450,-23.51245987910646,-46.713357235308735
DRJ3,448,-22.80418082763486,-43.193496606383825
DCE3,445,-3.806553428479013,-38.51706715028407
DMG2,451,-19.89222171661702,-43.896281578702684
DRJ3,443,-23.025064670154432,-43.478500346784486
XPB1,441,-7.233478897818662,-35.91480243426938
DGO2,440,-16.757863720112873,-49.26713592631062
XPB1,440,-7.245321736098501,-35.9357248945108
DMG2,447,-19.978157819538637,-44.02677959421409
DSP2,439,-23.45591187875044,-46.54031233183945
DPE4,433,-8.156853006339716,-34.9066528465434
DRJ3,431,-22.89603177694752,-43.432338476765
XCS1,430,-29.181577092357163,-51.18097658764859
DSP2,432,-23.59452655107475,-46.565807684965684
DSP5,427,-22.890798931410483,-47.08001825910919
DBR9,427,-23.504366278684003,-46.88442744165508
DMG2,426,-19.966351761952033,-44.04789571592918
DSP5,419,-23.10041351079716,-47.214571447598416
DSP4,419,-23.637430471429962,-46.56706909436981
DGO2,417,-16.645885986556873,-49.22164556788793
DMG2,416,-19.91099083637753,-44.025149222225124
DRJ3,416,-22.914374613759325,-43.561854059051356
DPE4,414,-8.21641296987743,-34.92795205711095
XCS1,414,-29.17354152488209,-51.159391625079365
DSP2,414,-23.59648406373295,-46.52300347588223
DBR9,513,-23.473475127080327,-46.62652479138822
DES2,412,-20.335883389603246,-40.392647173174424
DPB3,410,-7.214599636460293,-34.83568189070148
DPB3,409,-7.047440404726202,-34.8341294095058
XSP7,408,-23.179652776081365,-46.91755152936486
DBS5,408,-15.806816460459965,-48.06012512498796
DMG2,408,-19.844999528046586,-43.98074955179337
DBR9,406,-23.598310833973542,-46.715899091189826
DSP5,404,-22.9360984780032,-47.03861612263335
DBS5,403,-15.808748176089566,-48.01802870050918
DCE3,402,-3.8651333766125737,-38.62220198277213
DSP4,400,-23.614011347065734,-46.609238789673526
DGO2,399,-16.745330880915528,-49.28775345676667
DBR9,399,-23.541648777561957,-46.77847497187166
DRJ3,399,-22.918833359789613,-43.389864461571364
DSP2,398,-23.463717132020843,-46.60481515121147
DBS5,397,-15.877879690568479,-48.02003718224816
DBS5,397,-15.732833567671374,-47.91042774209706
DRJ3,395,-23.004498065653816,-43.43496865149122
DBS5,395,-15.821235747738402,-47.99731240216559
DPR2,392,-25.55215510427519,-49.257807302962085
XRJ2,391,-22.92619133572528,-43.08882143098107
DSA8,390,-12.884040386982905,-38.29140768581968
DBS5,389,-16.014095079616872,-48.066163649885084
DSP2,388,-23.477403340094877,-46.540942045811065
DSP5,388,-23.20602285016839,-47.260517987197595
DBR9,385,-23.531923880195997,-46.75676970031751
DRJ3,384,-23.018061601201765,-43.32771236164455
DBS5,382,-15.656797607629128,-47.802810009687725
DCE3,380,-3.7571514126792946,-38.5997735410903
DPB3,379,-7.154979617384643,-34.81442882843626
DRJ3,379,-22.985000407692922,-43.34843222916698
DBS5,378,-15.810672048376912,-47.97592568315894
DPR2,376,-25.52509911411681,-49.19293149828225
DBS5,376,-15.8548396108174,-48.019367644608266
DPB3,376,-7.15482907813278,-34.85582773135389
DPB3,375,-7.190722373199616,-34.83546006248763
DBR9,508,-23.537910679041737,-46.62842253181613
XRJ2,372,-22.938545363161666,-43.0245594358216
DSP5,371,-22.91448617284859,-47.03797081368814
DRJ3,370,-22.88681878281274,-43.36757819211423
DCE3,366,-3.8917217661110604,-38.45572877586758
XRJ2,364,-22.882773997916644,-43.08779282227545
DMG2,365,-19.811982844007503,-43.958552197881325
DPR2,361,-25.43895971324821,-49.232593434685796
DGO2,361,-16.724729219466244,-49.24509853285498
DBR9,361,-23.502720780770726,-46.69165005425955
DSP5,360,-22.945867963157955,-47.060287583105435
DSP5,360,-23.090689910091378,-47.19290237644924
XSP7,358,-23.15809779026001,-46.91690988705074
DBS5,357,-15.800104676229967,-47.95453799957062
DSP4,357,-23.629640520915306,-46.502542351409915
DCE3,357,-3.7473440424813704,-38.453661118953676
XSP7,356,-23.20324071152451,-46.8754587162802
XPB1,355,-7.257405907229867,-35.91506145073969
DPR2,354,-25.397245984882716,-49.23115778642981
DRS5,352,-29.763351646904834,-51.14044126430039
DPE4,352,-8.08533316231914,-34.90597918438331
DBR9,700,-23.57109804337887,-46.60797468190596
XSJ1,352,-23.193927408677755,-45.86819367073354
DSA8,350,-12.895725701091564,-38.312686555707984
DRJ3,350,-22.86510599292455,-43.36705446162495
DRS5,349,-30.07795836566258,-51.21703321100541
XRJ2,348,-22.948896848062223,-43.04632259428895
DBR9,345,-23.58658107288125,-46.73697225963764
DPE4,343,-8.073448923633515,-34.885135340885135
DSP2,343,-23.51840940262774,-46.584998354269025
DRS5,342,-29.926630781701416,-51.16831560369063
DRJ3,341,-22.84446695876089,-43.323533435951035
DSP5,339,-22.900568791372685,-47.1016861297863
DCE3,339,-3.7688649385630595,-38.62080083300842
DCE3,339,-3.7220112915720334,-38.53670128714775
DRS5,338,-29.67756086818343,-51.11570405543196
DMG2,337,-19.846208538509767,-43.93797764261969
DSP5,337,-23.088571310826,-47.235587883766634
DBS5,336,-15.817370755300608,-48.08150656193538
DMG2,335,-19.823794560738882,-43.93743722752321
DSA8,333,-12.966001535966727,-38.39816626342655
DPR2,332,-25.459807797757353,-49.23331132946761
XCP1,330,-22.748370828466584,-47.33212427331542
DPR2,329,-25.4006873516045,-49.337797468607086
DSP5,328,-22.849616521623247,-47.03603514438381
DSP5,328,-23.203881552216455,-47.3032021736833
DRJ3,328,-22.876504298838817,-43.34581676543876
DPE4,326,-8.013634416081828,-34.98824327846482
DRS5,323,-30.085813518131065,-51.23864690268467
DES2,321,-20.347549684870604,-40.328625051132285
XSJ1,321,-23.29821224101836,-45.95693726401119
DSP5,320,-22.959766655826932,-46.99655894863466
DRJ3,319,-22.897128895741908,-43.38933995096887
DPB3,318,-7.202587518149307,-34.85627278347279
XBA1,318,-12.254638861332511,-38.93646232180087
DPE4,318,-8.01388036582917,-34.863847929128404
DSP2,317,-23.575022828464007,-46.52237422672367
DCE3,317,-3.7096601551861217,-38.557375698024885
DSP2,313,-23.543793822127974,-46.50002814098804
DES2,313,-20.358198985704096,-40.393067324005436
XPB1,311,-7.257643693704692,-35.87347960632493
DRS5,311,-30.07009773225597,-51.19541760406439
DRJ3,311,-22.901401922749148,-43.21732994934724
DSP5,310,-22.804277482402455,-47.07743211864654
DCE3,310,-3.8676581473195375,-38.45538410833705
DSP5,309,-22.9674715618575,-47.060933644969325
DRS5,308,-30.062231618217776,-51.17380008776084
DCE3,305,-3.781217459612817,-38.60012307181258
DRS5,304,-29.899332013280002,-51.145918229636415
DCE3,304,-3.83061797425975,-38.51741388923152
DPE4,302,-7.990036585937222,-34.86362488078403
DRJ3,302,-22.97252301016168,-43.412677907789174
DGO2,302,-16.687124224163476,-49.3069473868446
DGO2,299,-16.72695224232803,-49.20314562376643
DGO2,299,-16.618586797200123,-49.30481625236825
DCE3,298,-3.865767715635962,-38.580492131118014
DBS5,298,-15.863453740657306,-48.08284951452099
DRJ3,297,-22.814525806870407,-43.215255532261395
DES2,296,-20.336555787420227,-40.307006616055716
DCE3,296,-3.8774844070017696,-38.60152143012896
DPR2,296,-25.486876319348365,-49.29817079383463
DGO2,295,-16.6104963600536,-49.241556201493324
DBS5,295,-15.605590028044787,-47.65369689024344
DMG2,527,-19.933384669433487,-44.02569264286561
DPB3,293,-7.130632039417606,-34.93842243424105
DBS5,293,-15.899911760956691,-47.78869944642293
DSP5,292,-22.981369045662845,-46.997202965537944
XSJ1,290,-23.192159135240047,-45.911041795983266
DES2,290,-20.269582214941348,-40.305755205522814
DGO2,289,-16.6915809673663,-49.22306120925768
DGO2,288,-16.720258886894037,-49.328980669972914
XBA1,288,-12.26630348892373,-38.957760771711236
DSA8,288,-12.930770420524642,-38.37653345580776
DBS5,287,-15.646193165521641,-47.78141687862397
DMG2,289,-19.92279996149614,-44.00403390087201
DPB3,285,-7.142811718260817,-34.87641836206343
DMG2,285,-19.833185146328734,-44.00186336980413
XCS1,284,-29.169977201557142,-51.201776340173204
DRS5,284,-30.054360023861157,-51.15218066799723
DSP4,284,-23.66264039084279,-46.71780592852007
XSJ1,284,-23.30809160002055,-45.97866651295211
DSP5,283,-22.871245190557403,-47.03668032456749
DRJ3,283,-23.005596417781838,-43.391962860971546
DPR2,282,-25.41810577459959,-49.23187558700799
DPB3,281,-7.059301738216095,-34.854937808432055
DCE3,281,-3.8176349894046697,-38.57979434784363
DGO2,280,-16.697423953547105,-49.328269532538286
DPR2,279,-25.46323043853735,-49.33996102190996
DSP5,277,-23.067004731376986,-47.234936063811794
DSP2,277,-23.55355600774823,-46.52174501962187
DBR9,277,-23.492976954178424,-46.66994224911927
DCE3,276,-3.805283791001994,-38.60047262607523
DCE3,275,-3.8312486440517115,-38.47571514803002
DRS5,274,-30.11299428655111,-51.26104504159354
DES2,274,-20.191872096924016,-40.24008430544282
DSA8,272,-12.930145465697889,-38.50322080339558
DSP4,272,-23.688064896788745,-46.632852071779894
DBH5,427,-19.98996033017819,-44.00566218390395
DSP2,270,-23.46763294766434,-46.51922861170081
XSP7,270,-23.181690255935862,-46.87481841315897
DSP4,268,-23.699770823776152,-46.611767511941906
DSP4,268,-23.656902284069446,-46.61050306634131
DSP4,268,-23.72317112675453,-46.56959241900011
DMG2,267,-19.88981219058847,-43.98183335133232
XSJ1,267,-23.266769570200232,-45.93459788308535
DSP4,336,-23.617939709707166,-46.523632767101596
XSP9,264,-22.754786202994307,-47.63116399603268
DPR2,264,-25.358280584936498,-49.18719914894908
DBS5,264,-15.793339055469206,-47.84891340527759
DPR2,264,-25.433370238472722,-49.317626115527936
XSP9,263,-22.57075616587971,-47.41214784417386
DMG2,262,-19.869816967637643,-43.8957425213284
DRS5,262,-29.91873258470366,-51.14670085650606
DMG2,261,-19.888592171693176,-44.024605838269
XPB1,261,-7.209550976556512,-35.91454343538741
DBR9,261,-23.484933043968955,-46.84102854567459
DSP5,260,-22.92218228491936,-47.10233348178829
DCE3,260,-3.900281936302222,-38.68530206078393
DBH5,365,-19.94519159249855,-44.004576625235586
DCE3,257,-3.7454379590576625,-38.57874784915485
DBS5,256,-15.628685857231112,-47.65435464990231
DSA8,256,-12.930568909152857,-38.41875876175241
DBH5,386,-19.91462163847039,-43.89682067249379
DCE3,255,-3.879376429628756,-38.476405856492505
DSP4,255,-23.711472902056823,-46.59068095920518
DMG2,255,-19.80016760150806,-43.979665898597155
DRS5,255,-30.135955539343367,-51.219388470431404
DGO2,254,-16.668735466617008,-49.222353365663366
DRS5,254,-30.11662946265113,-51.21860333299018
DPE4,253,-8.025602093386317,-34.967619433914706
DSP4,252,-23.64716874774093,-46.5887863778758
XGA2,251,-16.328193313139362,-48.93868121234195
XRJ2,251,-22.88175790933112,-43.130800342294265
DSA8,250,-12.872166012582932,-38.312342443527506
DPB3,250,-7.131101217598513,-34.814207750648535
DSP5,250,-23.11013240080727,-47.23623974703019
DPB3,248,-7.023557088836604,-34.83390768671145
DRJ3,247,-22.845534656992548,-43.280534541190576
DPR2,247,-25.403491918282807,-49.2952912588608
DMG2,247,-19.876777316433426,-44.04571917572654
DSP5,247,-22.934026949647535,-47.08131158731401
DRS5,247,-29.849005894438523,-51.16518273180618
DPE4,247,-8.025514916672753,-35.009096301122696
DBS5,247,-15.865393294261473,-48.04075309973341
DBS5,246,-15.87399901864419,-48.10423132224262
DSA8,243,-12.953916875849329,-38.46133716211444
DSA8,243,-12.930965127065365,-38.33431202024447
DES2,243,-20.31390474140788,-40.34940736490662
DBR9,242,-23.461741986748997,-46.64760061452767
XBA1,241,-12.242972407524217,-38.915165419424476
DES2,240,-20.180539349636902,-40.26127983487169
DSP5,240,-23.069122280315884,-47.19225192988757
DRS5,240,-29.6970344790709,-51.116485456159026
DGO2,239,-16.653975815276272,-49.28491415525586
DSP5,238,-22.93194422021161,-47.12400132235573
DCE3,238,-3.8892011442397183,-38.62255232919554
DSP2,239,-23.52816240375506,-46.60671074300599
DMG2,238,-19.858014522986586,-43.91686071128821
DSP4,237,-23.713441098249536,-46.54787167757767
DPR2,236,-25.421540897857483,-49.338518605765614
DPE4,236,-8.049449382996364,-34.967846079322804
DSP5,236,-23.057279300335264,-47.213269180804105
XSP7,235,-23.011106928082686,-46.82696995893284
DBS5,235,-15.747212858516352,-47.84758531930403
DBH5,235,-19.98298348180779,-43.855653254971365
DPE4,234,-8.001838737665771,-34.92592470421886
DRS5,232,-30.007756196768195,-51.128994771901425
DRJ3,231,-22.834140899139467,-43.30177343724978
DRJ3,231,-22.90035098828093,-43.260334737800775
DSP4,231,-23.660834218421197,-46.524891475739025
DSA8,231,-12.89553279623634,-38.35490385400042
XCP1,230,-22.768692891610222,-47.14047946359889
DRJ3,230,-22.99530060645161,-43.37019737930096
XBA1,230,-12.242656244053356,-38.95739475814233
DSP2,229,-23.440215592294784,-46.4112783925883
DSP2,229,-23.510605625409106,-46.52048673157223
DBR9,229,-23.609590216898447,-46.93039335637841
XSJ1,229,-23.276656735918344,-45.956326822857015
DMG2,229,-19.835602746684376,-43.916320993144105
XCS1,229,-29.226062881189577,-51.35279945815025
DES2,228,-20.32523229558191,-40.32820713204938
DGO2,227,-16.643665311768487,-49.26359002443759
DCE3,227,-3.782489158594406,-38.51672043469229
DRJ3,227,-22.953004705568905,-43.32614499779623
DRJ3,227,-22.822743008764125,-43.323011230235394
XCS1,226,-29.150340926878233,-51.2009930803629
DES2,226,-20.64714996140059,-40.48422075473414
DPR2,226,-25.45421567591474,-49.318346661598575
DRJ3,226,-23.003388127463136,-43.477972751941394
DBS5,226,-15.67799559873314,-47.845593515988234
XCP1,251,-22.758123602357163,-47.35377439096209
DSA8,224,-12.942645815104763,-38.35559506232108
DBS5,224,-15.796258485487607,-48.03874270039409
DBR9,281,-23.61975961259237,-46.716534661205515
DRS5,223,-30.047124779066827,-51.23707565140948
DBS5,223,-15.757798536785414,-47.868977737335605
DSP4,222,-23.66860906871931,-46.58941786278897
DSP5,221,-22.969539016232385,-47.01823326686767
DGO2,220,-16.732795934496245,-49.30836837293382
DSP2,220,-23.48716901772658,-46.56265489885128
DSP5,220,-22.837768085194924,-47.05705791824974
DRJ3,220,-22.973615205683267,-43.36967347055306
DSP4,218,-23.690043788094716,-46.59004938989741
DBR9,218,-23.47317587148487,-46.862088142513464
DSP5,217,-22.971595245557815,-46.975527226919105
DPR2,217,-25.462586088271067,-49.19078151451116
DBS5,217,-15.690477173743389,-47.82486543006077
DSP5,216,-22.94793439828802,-47.01758858232415
DMG2,216,-19.84378036860998,-44.02351918039533
XSP9,215,-22.742861156053745,-47.652133122174924
DCE3,215,-3.7213728652986577,-38.578399063241946
DBS5,215,-15.856766585674725,-47.977261981290056
XBA1,215,-12.254951332722417,-38.89423389340272
DBR9,215,-23.555396516920617,-46.714628078421114
DBS5,215,-15.87594328944109,-48.06213757234975
DGO2,214,-16.7556257986993,-49.30907893492266
DBS5,214,-15.841344219829228,-47.80811138837377
DMG2,214,-19.86618868067107,-44.02406249099361
DGO2,214,-16.664282390473513,-49.306236962735724
DBS5,214,-15.835638757696442,-47.934482920018404
DSP5,213,-22.84754909803769,-47.07872510289769
DBS5,213,-15.8643957052905,-47.80877425580795
DBS5,213,-15.734732462755899,-47.86831307457604
DBR9,213,-23.461414923532075,-46.88314568276764
DPR2,212,-25.48065002506365,-49.234029271357855
DES2,212,-20.302909996154916,-40.32778924165405
XSP9,212,-22.711510435616656,-47.62983569346263
DSP2,211,-23.508651678388226,-46.56328537181662
XSP7,211,-23.215029090909223,-46.854409219621544
DSP4,211,-23.73486549299854,-46.54850189676031
DRJ3,211,-22.994208169165425,-43.413203269970026
XBA1,210,-12.254319908680204,-38.97869401144473
DMG2,209,-19.879216923892518,-43.96017564295761
DPE4,209,-7.9899566414013155,-34.90508118191361
DBR9,208,-23.48289338386271,-46.88378654085224
XRJ2,208,-22.960243334322275,-43.02507162246417
XSJ1,208,-23.25687776071594,-45.91286853596283
DPR2,208,-25.409065594928826,-49.210254440159154
DCE3,208,-3.8429656810829425,-38.49673708605348
DSP5,208,-22.9499896174048,-46.974883920783185
DSP5,206,-22.94379031894598,-47.102980876833655
XSJ1,206,-23.18225324153612,-45.8893142175897
XCP1,206,-22.738613382015355,-47.310473351596755
DMG2,205,-19.954542162428456,-44.06901054343146
XSP7,205,-23.169895882391348,-46.89586518178253
DES2,205,-20.34721370865175,-40.37144607482275
XSP9,205,-22.410165685463326,-47.57795642318376
DRS5,205,-30.097297070984457,-51.21781824651639
DMG2,206,-19.955773665578604,-44.026236100194055
XSP9,204,-22.4221161795802,-47.55699176829099
DRS5,204,-29.7827963000469,-51.141223535514754
DSP4,204,-23.69578897561879,-46.697363745513954
DSA8,203,-12.883850338090125,-38.333622292182895
DMG2,202,-19.847407396831706,-43.89520350036734
DBR9,202,-23.547295356308,-46.885709371431965
XSP9,201,-22.38844316451823,-47.577294313301095
DRJ3,201,-22.93607255900484,-43.56238441250341
XSP7,201,-23.212995815436567,-46.897147170227356
DBS5,201,-15.761575859936139,-47.78472648697997
DSP2,202,-23.45198547218064,-46.62589229572798
DPR2,200,-25.52231689585411,-49.23546529648131
XSP9,200,-22.400395758126937,-47.55633031713352
DMG2,199,-19.81076939624204,-44.001320828615704
DGO2,199,-16.65174213438154,-49.32684739563754
DCE3,199,-4.180501962298984,-38.45986659832105
DES2,198,-20.169829820219583,-40.19686588051032
DSP2,198,-23.500836977202848,-46.498771287856414
DSP2,198,-23.405070193228912,-46.47454494299867
XSP7,198,-23.03637929313694,-46.977457402250245
DPR2,197,-25.475055258565583,-49.31906725491573
DRJ3,197,-22.856924277931824,-43.25929454780916
DPE4,195,-8.275838821359816,-35.03224055289054
XRJ2,195,-22.871409688688114,-43.10903925300448
DPE4,195,-8.121058717755611,-34.92705085819711
DPB3,195,-7.1426545301606525,-34.91782768335962
XRJ2,194,-22.905490114439885,-43.04529683205407
DRJ3,194,-22.88124731299036,-43.58255421080607
XCP1,194,-22.77847143758639,-47.16214013823232
XSP7,202,-23.014790087488276,-46.97681396764853
DBS5,193,-15.84620451015361,-47.955872930245306
DPE4,193,-8.097140396440444,-34.96829941637526
DGO2,193,-16.672341446765703,-49.369485008119504
DSA8,193,-12.954324619982453,-38.37687981193843
DGO2,192,-16.714422482571432,-49.22376909867508
DPR2,192,-25.51952280362524,-49.277991006333934
DRS5,192,-30.03500360219578,-51.15139768524404
DRS5,192,-29.829583925684958,-51.16439964094903
DPE4,191,-8.109022991846112,-34.9891527821971
DSP5,191,-22.938158798325126,-46.995914974586206
DBS5,191,-15.778958928966277,-47.91175976223278
DBR9,191,-23.56512437786926,-46.73633605932477
DES2,191,-20.14716577198703,-40.23925480979718
DPR2,191,-25.394459806468852,-49.27367553827225
DSP5,191,-22.883087769448174,-47.01565478602806
XRJ4,190,-22.510809550384153,-43.16501948358336
DRS5,190,-29.907234010845915,-51.16753230944183
DSA8,189,-12.977676557328381,-38.41945441111269
DES2,189,-20.225231513525063,-40.262110894426435
DBS5,189,-15.631832192881525,-47.8442658641598
DCE3,189,-3.867030101447048,-38.49708315017657
XCS1,189,-29.15390388698947,-51.158609644972756
DGO2,189,-16.63335088334975,-49.242264576065686
DPE4,188,-7.954227689407233,-34.88401648784957
DBR9,188,-23.49098319956713,-46.712721877363435
DSP2,188,-23.534026915877188,-46.47831069283944
DGO2,188,-16.737260006006323,-49.2244770339198
DSP5,188,-22.97723312000809,-47.08260508754517
DSP4,187,-23.678339355493126,-46.61113526802296
DRJ3,187,-22.919919174037755,-43.34686284411331
XSJ1,186,-23.17409876559665,-45.8247351200874
XSP9,186,-22.558836615353318,-47.43312996890794
DSP2,186,-23.45000630130919,-46.43299535704467
DSP5,185,-22.955632767853494,-47.08195831592423
DPR2,185,-25.484066426838375,-49.34068230090462
DSA8,185,-12.895126626300145,-38.439350084878214
DSP2,185,-23.414856451203864,-46.496258085589325
XSJ1,184,-23.190379400837305,-45.95388546759578
DPR2,184,-25.516070269344013,-49.17130355215416
DRS5,184,-29.946021249602197,-51.16909894879897
XSP9,184,-22.730932574279166,-47.67309999362343
XSJ1,183,-23.184015400141234,-45.84646458640501
DSA8,183,-12.695278801266658,-38.33086432113948
DBS5,182,-15.644315958192756,-47.82353906153107
DSA8,182,-12.918686651727478,-38.439698590313725
XSJ1,182,-23.268546277896295,-45.89174705938966
DES2,182,-20.324895874118422,-40.371026677432916
DRS5,182,-29.887830938421107,-51.16674906604794
XSP9,182,-22.709293140128647,-47.67243450394873
XSP7,181,-23.1873500028843,-46.98196264393737
DSP2,181,-23.453954419597494,-46.58310491177165
DPE4,181,-8.180690520955533,-34.90687743113986
DPB3,180,-7.154674814119876,-34.897234065517516
XSP9,180,-22.549066688369603,-47.41149088240937
XPB1,180,-7.221393358527263,-35.93546517095152
DSP5,180,-22.818192064139883,-47.01372137564716
DGO2,180,-16.69517851230841,-49.37019738732987
DPR2,179,-25.447991227081715,-49.254213923131644
DGO2,179,-16.674585033967443,-49.32755844109458
DGO2,178,-16.74756383306499,-49.24580713669843
DRS5,178,-29.704979943054173,-51.13809475537427
DBR9,177,-23.599898548690046,-46.90869275729707
DES2,177,-20.658092042288477,-40.505856117831904
XSP9,176,-22.582672177100143,-47.39116352719506
DBS5,176,-15.848118908033182,-47.91375811895734
XRJ4,176,-22.521195430757295,-43.186768338642715
DRS5,175,-29.95391017256533,-51.19071246199696
XSP7,175,-23.19348090588552,-46.853769586557334
DES2,174,-20.358539966479174,-40.35024468146649
DBR9,174,-23.479241819013843,-46.7337916825908
DSA8,174,-12.930360591387517,-38.46098789273707
DSP4,174,-23.68407238283037,-46.71844162582711
DSA8,173,-12.942243840511304,-38.44004711953114
DRS5,173,-29.83317362807959,-51.12195668229177
DSA8,173,-12.670596105284746,-38.541585029961425
DCE3,173,-3.8527813798051875,-38.642882710550076
DBS5,173,-15.654915748005335,-47.84492966837187
DSA8,172,-12.895333105162917,-38.3971250454977
DPB3,171,-6.975787970374099,-34.833464286282684
DRJ3,171,-22.98713871188831,-43.262415542832265
XSP9,171,-22.745074670475475,-47.609529105869136
DBS5,170,-15.912377920093602,-47.767959483984654
XBA1,170,-12.23099075256593,-38.936097046651035
XRJ2,170,-22.937546180421702,-43.06757253238463
DPB3,169,-7.1665378200165595,-34.91805233330338
DBS5,169,-15.8307607073574,-47.78671277173222
DRS5,169,-30.066472304062458,-51.23786125155391
DES2,169,-20.23624149687496,-40.28372390643237
XCP1,169,-22.817538941516872,-47.248775214254614
XSJ1,168,-23.172342718843286,-45.86758624492862
DPR2,167,-25.53133405728073,-49.25708853268786
XCP1,166,-22.726722380052625,-47.33146969847462
DGO2,165,-16.74308982778903,-49.329691853402686
DES2,165,-20.202887872152182,-40.26169535038645
XRJ2,164,-22.961231099018494,-42.98205583861741
DRS5,164,-29.973290534507488,-51.19149652507134
DBS5,164,-15.819307174316718,-48.03941278974801
DCE3,164,-3.81953168209994,-38.45469484293681
DSP4,164,-23.744592271390722,-46.57022335556103
XSP7,164,-23.22478565272806,-46.87609906206628
DSP2,163,-23.461715262376597,-46.411903884388146
DSP5,163,-22.95770532037603,-47.0392614745073
DCE3,163,-3.8800028949683707,-38.434707944562795
DBS5,162,-15.869248792707266,-47.95654046100887
DES2,162,-20.258578038975536,-40.28414023252262
DSP5,162,-23.131687997303825,-47.23689165360662
DBR9,161,-23.613692540156688,-46.84486628556691
DGO2,161,-16.749788676538902,-49.203852935929085
DBR9,161,-23.537587641430992,-46.86400883318712
XSP9,160,-22.560984837044703,-47.390507226818876
DCE3,160,-3.7102980891908808,-38.51568042802761
DBR9,160,-23.488977958550223,-46.75549616731243
XPB1,160,-7.269249197565236,-35.93598463570774
DBS5,160,-15.852904770757592,-48.06146671276422
DRS5,159,-30.15527529974854,-51.22017365884475
XPB1,159,-7.197708332802742,-35.893624011494055
DPR2,158,-25.376380347176806,-49.23044003294683
DPE4,157,-8.299676374412869,-35.032469507119295
DGO2,157,-16.82633477612678,-49.26926401822728
DBS5,157,-16.017978640861685,-47.98194040015088
XBA1,157,-12.230670902708633,-38.978327284423855
XSP7,157,-22.999299646673496,-46.84801480654192
DBR9,156,-23.481240853162436,-46.69101541155075
DPE4,156,-8.085177637160108,-34.988925383071745
DBS5,156,-15.807702837672029,-47.786050633493744
DSP5,155,-22.926324315117956,-47.016943940672455
DSP5,155,-23.102527008063955,-47.17188232078686
DRS5,154,-30.158900011955982,-51.17771910305501
DPE4,153,-8.108360684002921,-35.279702814772655
DPE4,153,-7.941984081642918,-35.0290368280854
XGA2,153,-16.29273981408875,-48.958621148103
DRJ3,152,-22.815564385708633,-43.17225512304757
XCP1,152,-22.872659157181825,-47.22907163242672
XRJ2,152,-22.959243983834437,-43.06808617774031
DBS5,152,-16.00550212780893,-48.00266411132805
DBS5,151,-15.889332475149036,-47.76729785864363
DES2,151,-20.336224810384373,-40.34982600881767
DSP5,150,-22.80634284874596,-47.034744912749105
DPE4,150,-8.061413037235651,-34.94722265072313
DGO2,150,-16.64809859612421,-49.17969325766971
DSP2,150,-23.448078029432885,-46.4758000251265
XRJ2,150,-22.915842898183467,-43.067058922039976
DBS5,150,-15.818288976582338,-47.80744856430431
DBH5,149,-20.005364439844644,-43.85619106255522
DPR2,149,-25.540346126261653,-49.27871041615301
DPE4,149,-8.001753626084238,-34.9673928039166
DPR2,149,-25.451401864308117,-49.360852089782426
DMG2,149,-19.801375772020066,-43.93689684892087
DSA8,149,-12.918892087500858,-38.3974720944553
DSP5,148,-22.863512485430185,-46.97231112433552
DSP4,148,-23.73289640680361,-46.59131257071637
DRJ3,148,-22.904090963491534,-43.54009209854266
DPE4,147,-8.204526805275984,-34.90710203101045
DPE4,147,-8.00157094067942,-35.05035097402433
DPE4,146,-7.942345540402294,-34.86317882958709
DPE4,146,-8.013720556950377,-34.946770789901585
XCS1,146,-29.178005721114648,-51.223356833220365
DRJ3,146,-22.835202725217965,-43.25877450593204
DBS5,146,-15.86732498042308,-47.99865006725601
DGO2,145,-16.716640545428096,-49.18181291203213
DPR2,145,-25.46086134484037,-49.53151837968559
DGO2,145,-16.780691416950496,-49.267845244374975
XSP9,145,-22.378669982717234,-47.55566890976684
DPR2,144,-25.50148639211174,-49.23474726036095
DSP4,180,-23.604271316257854,-46.587523534618924
DRS5,144,-29.77486603450263,-51.11961156653622
DBS5,144,-15.866283258589167,-47.76663627660305
DCE3,143,-3.8910947764693575,-38.49742923761436
DBH5,143,-19.993580199061864,-43.87731524174117
XGA2,143,-16.315662953458794,-48.95932044863857
DPR2,142,-25.495888983370143,-49.31978789548383
XSP7,142,-23.201202252292916,-46.91819321441833
DPR2,142,-25.48967436454252,-49.25565113361045
XSP7,141,-23.15192040600362,-47.04507157384623
DPR2,141,-25.37982795883996,-49.337076378718436
DPE4,141,-8.287791481677028,-35.011605985985064
DCE3,141,-3.7935690295993916,-38.57944549145334
DPE4,141,-7.966191641402854,-34.8634018476041
DMG2,141,-19.921574207454697,-44.046807372367795
DSP5,140,-23.098288761623742,-47.25725469732976
DPB3,140,-7.130468216425758,-34.97984208065049
DRJ3,140,-22.887898470649603,-43.32457795402507
DBS5,139,-15.850025430208044,-47.87163682300191
DBR9,138,-23.590202125505474,-46.88699147213117
DSP2,138,-23.457857843189682,-46.49751460273434
XSP7,138,-23.175543839988208,-47.003001046814674
DBS5,137,-15.71166266160832,-47.86764845527111
DPE4,137,-8.120734976095395,-35.092995723678264
DPR2,137,-25.382631191028366,-49.29457149313098
XSJ1,137,-23.205597711153576,-45.84707132928643
DRJ3,136,-22.88238466875412,-43.539562524378375
DBS5,135,-15.911464360300403,-48.04209358478288
DBR9,135,-23.46345362336484,-46.840389071621054
DPE4,135,-7.954308749401213,-34.842566045674225
DRJ3,135,-22.96331214589855,-43.34790906520545
DBS5,135,-15.81542649714497,-48.12359367485758
DES2,134,-20.1474746996568,-40.19645262546343
XCS1,134,-29.18960723372966,-51.20255965075568
XSJ1,134,-23.2119570238257,-45.95449574501573
XCP1,134,-22.71696167880053,-47.3098194830255
DES2,134,-20.680336866526453,-40.506280384542244
XSJ1,134,-23.223635648516296,-45.93337856938614
DPR2,133,-25.391661811475117,-49.31618516510858
XBA1,132,-12.219006373075832,-38.957028769495885
XSP7,132,-23.046143368491418,-46.99913527341803
DRS5,132,-30.124477008176367,-51.24021835792388
XGA2,132,-16.35111150960421,-48.9393799317824
DBS5,132,-15.838468289310216,-48.12426644934718
DBR9,132,-23.516122621868764,-46.86336856027893
DPR2,132,-25.498693615846232,-49.277271643705696
DBS5,132,-15.79238095612936,-48.12292094426815
DSP5,131,-22.963303005748376,-47.1463172304794
XGA2,131,-16.30527122889714,-48.93798253821897
XSP7,131,-23.207283592676006,-46.78997323416047
DRS5,130,-29.821666725495522,-51.14278823032994
DPR2,130,-25.420881440638745,-49.1893484271999
DSA8,130,-12.919090723599206,-38.35524944636718
DGO2,130,-16.776203791509623,-49.35172589471181
DPE4,130,-8.03748334110376,-34.98847063120718
XSP9,130,-22.43188285076103,-47.57861857689708
XCP1,129,-22.766601250676295,-47.18315021500907
XSJ1,129,-23.20206039698939,-45.93276897387111
DBS5,129,-15.641155989818651,-47.63361100866294
XSP7,128,-22.989506046208195,-46.82633142190844
XSP9,131,-22.746229770816846,-47.37476771173952
DSA8,128,-12.825227540261285,-38.2694452996497
DBS5,128,-15.798185501397288,-47.99664363515198
DBS5,128,-15.66739842000054,-47.824202224110785
DBR9,128,-23.5104537052263,-46.75613291257233
XSP9,127,-22.592440254529595,-47.412804849494684
XCS1,127,-29.16550053178278,-51.137804768924944
DRS5,127,-29.965405413169577,-51.16988234477155
DRS5,127,-29.724443466962857,-51.138876874234796
DBS5,127,-15.898978041762247,-48.062808475739004
DMG2,185,-20.00053712604753,-44.02732312492933
DSP5,126,-23.119846577468937,-47.257907268588
XCP1,126,-22.781900517147598,-47.31178121893219
DBR9,126,-23.52018185908426,-46.77783746956431
DGO2,126,-16.753379774930316,-49.35101399812433
DSP5,125,-22.885139953141426,-46.97295425924126
DGO2,124,-16.704111812754995,-49.20243835739994
DBR9,124,-23.603988402261997,-46.823161551427624
DPE4,124,-7.918580485645053,-34.821511253223704
XCP1,124,-22.790338012176566,-47.14112793194022
XCP1,123,-22.81541683744032,-47.291434713794125
DBR9,123,-23.58253916941742,-46.82252253544171
DSP4,123,-23.62572282897817,-46.5881549351538
DBH5,177,-19.967578383815983,-44.00511938624503
XSP9,122,-22.580522840231094,-47.43378763533512
DGO2,122,-16.623032533426436,-49.22093781592714
DGO2,122,-16.631127096427452,-49.28420444467949
DRS5,122,-29.992664590795123,-51.19228063904757
DSA8,122,-12.848791782445375,-38.26978790835287
XRJ2,122,-22.928189532826522,-43.002796708605516
DBH5,137,-20.01233742632311,-44.00620501821598
XCP1,121,-22.793783590113843,-47.290781378283604
DRJ3,121,-22.908526103196827,-43.368101958248126
XGA2,121,-16.338582208684098,-48.960019794523305
DPR2,121,-25.579165243300803,-49.322670930354064
XCS1,121,-29.142303178595338,-51.17941134735661
DPR2,121,-25.450774786277982,-49.211688808302924
DES2,120,-20.302573129117302,-40.370607308828134
DBR9,120,-23.60194923127421,-46.865929908062824
XCP1,150,-22.736478411623608,-47.35311911009156
DPE4,120,-7.942425603884427,-34.82173282727056
DBR9,119,-23.525833604121253,-46.88506838518028
DCE3,119,-4.095962878852889,-38.47951519666006
XRJ2,118,-22.94789179168027,-43.08933578791501
DRS5,118,-29.689083556325322,-51.09487427145893
DSP2,118,-23.424638005595206,-46.5179706599751
DSP5,158,-23.002965963760342,-46.99784702530019
DRJ3,117,-22.902953328055375,-43.583085235193025
XRJ2,117,-22.96220727578654,-42.93903887464124
DBR9,117,-23.514075785567787,-46.90612587427958
DBS5,116,-16.037107096872802,-48.06683481618301
XCP1,115,-22.88452342871963,-47.20806184385135
DCE3,115,-3.855312407397297,-38.47606049062791
DRJ3,115,-23.02394288392627,-43.52150416061323
DSA8,115,-12.954124157053489,-38.419106574564125
DCE3,115,-4.107686910431142,-38.500545074100614
DSP5,115,-22.861461315142908,-47.01501027302711
DPE4,115,-8.073212485608272,-35.00955246783423
XCP1,115,-22.770013852848905,-47.332778891592895
DSA8,115,-12.73074891173984,-38.3102782635447
DPR2,114,-25.40970780974895,-49.35940839760686
DSP2,114,-23.49299363887407,-46.43424781905099
DRJ3,114,-22.793831506594504,-43.171738062833356
DES2,114,-20.3921697124278,-40.32946097537237
DGO2,114,-16.678113949077673,-49.47462410171585
DGO2,113,-16.76009353145215,-49.22518501499611
XCP1,113,-22.723296832436745,-47.181850661001334
DBR9,113,-23.471493781317545,-46.66930832187055
DCE3,113,-3.9046893899306414,-38.39335629409001
DBS5,113,-15.909521675182843,-48.0841926424558
DCE3,113,-3.902813182093539,-38.51845424623124
DPR2,112,-25.441736692122074,-49.19006494733819
XSJ1,111,-23.197429550180296,-45.78248424831169
XCP1,110,-22.744951754008568,-47.18250041642257
XSP7,113,-23.024557406055184,-46.998491127925504
DBS5,110,-15.665511904317711,-47.86631934700882
XBA1,110,-12.277966284578541,-38.97906076343751
XCP1,110,-22.798014530992948,-47.2054592130458
DSP2,110,-23.491063614032157,-46.477055275062604
DRS5,109,-29.77128024934149,-51.162050673376484
XCP1,109,-22.756824127109024,-47.16149100461203
DGO2,109,-16.799023800612087,-49.35243783733806
DGO2,109,-16.6812673940429,-49.20173113682539
DES2,109,-20.225543963205567,-40.21930258255173
DPR2,109,-25.453546494320875,-49.169155631988055
DBS5,108,-15.839450276721019,-47.85024166496632
DBS5,108,-15.837548453907779,-47.892365523534735
DSP5,108,-22.910333974053223,-47.12335326118689
DSA8,108,-12.707169636458756,-38.309934315708716
DCE3,108,-3.9157856310400208,-38.456073466621476
DPE4,108,-8.013544114823095,-35.029723083814076
XSP7,107,-23.02089730221044,-46.84865405614281
DPR2,107,-25.46883572487775,-49.25493250479843
XSJ1,107,-23.160666176454125,-45.88870610914457
DBS5,107,-16.03905440394443,-48.024725170463384
DRS5,107,-30.128106312894,-51.19777086252509
DRS5,107,-29.666034034640145,-51.13653066997448
DCE3,106,-3.8644969408042495,-38.66391535021219
XCP1,106,-22.81964991800659,-47.20610980591553
XRJ2,106,-22.883778536588615,-43.04478400337808
XSP9,106,-22.675711936153906,-47.69273235441927
DBS5,106,-15.759691120587272,-47.82685530817314
DBS5,106,-15.803919477173352,-47.870307193234986
DES2,106,-20.18085274470418,-40.21847448013602
DCE3,105,-3.9015517913090294,-38.60187107857663
DPB3,105,-7.1543551047923355,-34.980068862495514
DSA8,105,-12.71885999815707,-38.331208985189676
DGO2,105,-16.641436579406403,-49.305526584578345
DBS5,105,-15.888430712287251,-48.04142332037308
DBS5,104,-15.785696834210835,-48.01735929404178
DPR2,104,-25.534122869310046,-49.21455810948472
XSJ1,104,-23.309881356790722,-45.935817360369974
XRJ4,104,-22.509773800630796,-43.20799952039407
DCE3,103,-3.7954688526460627,-38.45435024506246
DBS5,103,-15.88648959254148,-48.0835210565677
XSJ1,103,-23.317966306452785,-46.00039534186173
DRS5,103,-29.996271826651956,-51.14983187229647
DSP5,103,-22.904708770806984,-47.01629934190847
DSA8,103,-12.86047982545409,-38.29106431369738
DBS5,103,-16.003561121783818,-48.04477508020543
DMG2,103,-19.97692587762857,-44.069555466251614
DGO2,102,-16.606044420133035,-49.325425442666486
XCP1,102,-22.827294133917107,-47.27043204688715
DBS5,102,-15.766475456923786,-47.93248264129621
DBR9,102,-23.619277127499014,-46.95209326318216
DSP5,102,-23.194186658929723,-47.2815341035418
DBS5,102,-15.635585097587285,-47.76002283682594
DES2,101,-20.280582791751232,-40.327371379943344
XSJ1,101,-23.14898577780903,-45.90982417354293
DBR9,101,-23.506406898282485,-46.84166806236752
XSP9,101,-22.689864429273428,-47.62917160812667
XRJ4,101,-22.499389417468997,-43.18625102622113
DPR2,101,-25.653363649067042,-49.3039321305628
DPR2,101,-25.546539226996842,-49.34284642163163
DBR9,100,-23.59224657525536,-46.84422655561538
DPB3,100,-7.095046771413334,-34.8759719597806
XSP7,100,-23.236571759165816,-46.8550488953133
DRS5,100,-30.093663189361514,-51.260258673206195
DRJ3,100,-22.825910880120247,-43.194014412199294
DRS5,100,-29.86051196700522,-51.14435312835808
DGO2,100,-16.658418992422078,-49.20102396203853
DRJ3,99,-22.792793128940154,-43.21473701628072
DSP5,99,-23.18234679974465,-47.30254805683466
DPR2,99,-25.495234873558825,-49.17058753175597
DRJ3,99,-22.956620912152598,-43.605910641761696
XRJ4,99,-22.531577012810022,-43.20851757762879
DPE4,98,-8.132942813774411,-34.94790055718698
XSP9,98,-22.73433236337745,-47.39575884862842
DBH5,98,-20.002971230884135,-43.94176157043305
DES2,98,-20.135502989870414,-40.303253157429516
DSP2,98,-23.498889233772264,-46.541571801861224
DRS5,98,-30.151047417646268,-51.156096344743716
DPE4,98,-8.07329548673878,-34.96807274014247
DPE4,97,-7.930379952256999,-34.883792762880965
DGO2,97,-16.788739707382486,-49.33111435826465
DBR9,97,-23.543662101117448,-46.735699901467754
DPR2,97,-25.37915338396264,-49.18791552800975
XRJ2,96,-22.89513298818943,-43.02353516729001
XCP1,96,-22.78824531829021,-47.183800056764944
XSP9,96,-22.568601888044473,-47.45476822332907
DMG2,96,-19.85437163294749,-44.045175132491906
DSP2,96,-23.43245829397647,-46.58247384858702
DRJ3,96,-22.92579178528998,-43.54062170871833
DPE4,96,-8.228231505110342,-34.990290009817365
DBR9,96,-23.59630093623596,-46.75868031850565
XCP1,96,-22.853144905435872,-47.18574984109026
DSP4,96,-23.651088216681874,-46.50317100907211
DRJ3,95,-22.983913881308222,-43.391438207565855
XCS1,95,-29.024331711982086,-51.17471684396513
DRS5,94,-29.662449011642817,-51.17895762093539
DSP5,94,-22.965392889368403,-47.10362831492651
DCE3,94,-3.8318772344606984,-38.43402007584372
DGO2,94,-16.639199797150766,-49.34745520561983
DPE4,94,-7.942261358508843,-34.90463227225532
DSA8,94,-12.836916447318279,-38.29072096501009
XSJ1,94,-23.28832823237302,-45.9352076012775
DSA8,94,-12.942032634330927,-38.482278874265944
DSP5,93,-22.953549005216665,-47.124649426608826
DBS5,93,-15.879808215571313,-47.977930195838645
DSP5,93,-22.845470509580842,-47.12140933614453
DCE3,93,-3.8885657139207876,-38.66426711603689
XSP9,93,-22.68764829316722,-47.671769058313956
XCP1,93,-22.851037905808585,-47.22842024533111
XCP1,93,-22.811977698721016,-47.14177644337769
DRS5,93,-30.1431893377314,-51.13447168716121
DCE3,93,-3.8293503983569486,-38.60082220388061
DRJ3,92,-22.94375581069338,-43.26137506946572
XSP7,92,-23.21906158095974,-46.76891690072701
DRJ3,92,-22.855862232287453,-43.3022949337072
DES2,91,-20.369526627563676,-40.37186550100054
DGO2,91,-16.69820541627978,-49.09717312865582
DRS5,91,-30.089440239970845,-51.19620197261989
DES2,91,-20.369862158867612,-40.32904299890564
DSP5,91,-22.991138164874524,-47.018877994307104
XCP1,91,-22.829411209700286,-47.22776890149863
DSP2,91,-23.444186992551714,-46.561394079278394
DCE3,91,-3.9750105673828884,-38.51949481351603
DBS5,91,-15.616213584631303,-47.67509608408013
XSP7,90,-23.079541253541276,-46.97874439994831
DPE4,90,-7.8707098401555955,-34.90395902220373
DSA8,90,-12.919282561598463,-38.31303069137577
DBH5,90,-19.991177171468266,-43.96288211574209
DBS5,90,-15.874972922451716,-47.83017263947978
DSP4,90,-23.654918959639467,-46.653301041055734
DRJ3,90,-22.970303901350206,-43.49868173941418
DBS5,90,-16.02657582196322,-48.04544556352743
DRS5,90,-29.732379670983015,-51.16048494911401
DRJ3,90,-23.016980516958103,-43.37072132371124
DPR2,90,-25.516716847281256,-49.320508583307294
DPB3,89,-6.999672941299652,-34.83368597897093
XSJ1,89,-23.185766093885796,-45.80361057293896
XRJ2,89,-22.95087221849728,-42.960292498102184
DSA8,89,-12.953702774834506,-38.503571529218384
DSA8,89,-12.883449900280182,-38.418063207329865
DES2,89,-20.158185951185665,-40.26086434787929
DES2,89,-20.203200794353297,-40.218888517130075
DBR9,89,-23.638636665386485,-46.99549097519071
DPE4,89,-8.228298810882494,-34.948804647636564
DRS5,89,-29.673981641099722,-51.158136743806
DGO2,89,-16.76591677002009,-49.33040308283186
XCS1,89,-29.032392278930423,-51.19629458745647
XCP1,88,-22.80566306661335,-47.269779374954254
DPE4,88,-7.95395974868859,-35.00841216735616
XSP9,88,-22.723436210649645,-47.6088656352203
XSP7,88,-23.06977897697669,-46.95706440204205
DPE4,88,-8.252134713204839,-34.94903070868158
XSP7,88,-23.16013428995269,-46.874178152698484
DSA8,87,-12.907010821076529,-38.41841097267511
XCP1,87,-22.80353594077595,-47.312435217704646
DSA8,87,-12.906801466360724,-38.46063864719147
DPR2,87,-25.43269351697936,-49.1684397526095
DRJ3,87,-22.875418960189982,-43.388815476058284
DBS5,87,-15.85192407035108,-47.829509086420806
DPE4,86,-8.01380253950224,-34.905305659634564
DBH5,87,-20.00417294892132,-43.898977411898365
DRS5,86,-29.71650180260214,-51.117266907628334
DES2,86,-20.313562880294597,-40.39222705117864
XSP7,86,-23.167853230037878,-46.93859483503871
DSP5,86,-22.99319540360849,-46.97617057587284
XCP1,86,-22.894274959712018,-47.22972306278961
XSJ1,86,-23.290105710991067,-45.89235537186437
DGO2,86,-16.628895261023093,-49.32613639616292
XCP1,85,-22.862904370986364,-47.207411121314166
DRS5,85,-29.903626124240784,-51.209970183961985
DSP5,85,-22.88871827082966,-47.12270524309817
DCE3,85,-3.9040661050135084,-38.43505191368421
DPR2,85,-25.528533372254223,-49.29961084461608
DMG2,85,-19.78956186064193,-43.958011122600006
XSP7,85,-23.0579630165025,-46.97810087968215
DMG2,85,-19.824993009506823,-43.89466451581591
DRS5,85,-29.80223466005339,-51.14200585752307
DPR2,84,-25.412518949302537,-49.31690561669942
DBS5,84,-15.828871457556644,-47.82884557676474
DGO2,84,-16.612710265411778,-49.199609749811025
DSP5,84,-23.280283680816957,-47.28414817448685
DBS5,84,-15.82697433039075,-47.87097198638296
DBS5,84,-15.633712538780385,-47.80214753238925
DSP5,83,-22.782633516545573,-47.07678569099579
DBR9,83,-23.611647134824654,-46.887632586586946
DCE3,83,-3.8417012209135932,-38.58014322773107
DES2,83,-20.214217944445164,-40.24049909597666
XSP9,83,-22.75381822788509,-47.43905053657666
DGO2,83,-16.73055175707461,-49.35030214757137
DPE4,83,-7.906616380943788,-34.84212146884089
DSP4,83,-23.756284274006422,-46.549132158070314
XCS1,82,-29.158373251119873,-51.222572908718725
DGO2,82,-16.739479884705446,-49.18251955500208
DBS5,82,-15.991079256922013,-48.06549252741554
DPR2,82,-25.57350977826134,-49.407689447932704
DSP5,82,-22.975148324988556,-47.125297573950284
DPR2,82,-25.373595491939117,-49.272956458696235
DPE4,81,-8.06133108418833,-34.98869799940896
XSP7,81,-23.171927208081307,-46.85312999611654
DPE4,81,-7.989691933589468,-35.029494316351474
XSJ1,81,-23.23883854744427,-45.82655329911668
DBS5,81,-15.853814822168985,-47.787374953297196
XGA2,80,-16.36149757340863,-48.9607191857614
DPR2,80,-25.35550886456896,-49.22972232655464
DGO2,80,-16.68568188948071,-49.11780702531409
DSA8,80,-12.871972040473214,-38.35455828521841
DBS5,80,-15.862500255053158,-47.850905859964094
DBS5,80,-15.873072770072197,-47.87230170309591
XSP9,80,-22.537145004157388,-47.432472346073105
DMG2,80,-19.855596083204592,-44.00240594762036
DPR2,80,-25.504896556376078,-49.34140362718684
XSP7,80,-23.199152456347893,-46.960922155300835
DSP2,80,-23.555500201068906,-46.478938464678265
DSP4,79,-23.68607442617187,-46.67564949935006
DSP5,79,-22.835695594578002,-47.099744331999304
DES2,79,-20.2798977470965,-40.413006306669345
DBH5,79,-20.159496115931944,-43.94554728787086
DES2,79,-20.436770037698317,-40.330297014397594
DRS5,79,-29.810155660970565,-51.16361660092812
DSP5,79,-22.894926696655368,-46.994627155037385
DBR9,79,-23.490548824559884,-46.94823464226119
DBS5,78,-15.84323027695932,-47.765974737858855
DES2,78,-20.380850204542885,-40.350663382856
DPR2,78,-25.606129486823075,-49.3875222176734
DSP2,78,-23.324894357036616,-46.57931916483933
DCE3,78,-3.8435947831533714,-38.455039464027564
DBH5,78,-19.992383795481395,-43.920099785844194
DPR2,78,-25.585330026813022,-49.38679933135882
DPR2,78,-25.400020336892474,-49.188631954091896
XBA1,78,-12.207340021660194,-38.93573179637423
XSP9,77,-22.60435412575697,-47.39181987109151
DRS5,77,-29.747478054309248,-51.0972167748137
XBA1,77,-12.28994810006667,-38.95812681020514
DRS5,77,-30.081577927205327,-51.17458378901663
XCS1,77,-29.122656859723435,-51.178628803315
DES2,77,-20.41447234041426,-40.32987898053539
DBH5,77,-20.1818372961979,-43.94608825081158
DCE3,77,-4.168161799296741,-38.48055206251862
DRJ3,77,-22.894923118525206,-43.47533531602698
DGO2,77,-16.768159663765623,-49.288463396966904
XBA1,76,-12.207019274287173,-38.97796058237238
DBS5,76,-15.92006160874498,-48.105575814634946
XSP9,76,-22.61411895010945,-47.413461898375985
DSP2,76,-23.43829350916329,-46.45408488509311
XSJ1,76,-23.164177508027095,-45.803005278021516
DGO2,76,-16.683478687973682,-49.159772976739426
XCP1,75,-22.84127986604459,-47.2067604420036
XSJ1,75,-23.237080222238415,-45.869408644623334
XBA1,75,-12.27828434033743,-38.93682762182624
DGO2,75,-16.813805205726663,-49.28988341518409
DPR2,75,-25.34922309446453,-49.16557670502867
DSP5,75,-22.81406030395823,-47.09909715212954
XGA2,74,-16.317800570990645,-48.917341401542224
DSP5,74,-23.213571715830486,-47.3248694467706
DBR9,74,-23.439930901575092,-46.88250486739718
XSP7,74,-23.226813738068277,-46.83335767005894
DRJ3,74,-23.01588783807962,-43.41372866790429
XRJ2,74,-22.894134141280094,-43.06654534670289
DBS5,74,-15.876865175551517,-47.78803717819273
DGO2,74,-16.71801159259815,-49.37090981259707
DGO2,73,-16.642726975380555,-49.4945003206749
DRJ3,73,-22.853703557306293,-43.38829103683605
DES2,73,-20.25756476059374,-40.412585517959364
DPR2,73,-25.430557762284387,-49.360130220039224
XSP7,73,-23.1462959845552,-46.937952523589644
DBR9,73,-23.58050094998376,-46.865289507074955
XSP9,73,-22.5392921098048,-47.38985096995879
DBS5,73,-15.658671669152277,-47.760683986086015
DPR2,73,-25.37009947089877,-49.16629239644269
DBS5,72,-15.784641219675184,-47.785388538577685
XRJ4,72,-22.434968395257343,-43.14172365678541
XSP9,72,-22.572899444998555,-47.36952138458796
DRS5,72,-29.669606147004295,-51.094093538431764
DCE3,72,-4.083620325551363,-38.50019877672561
DPR2,72,-25.492460552552995,-49.21312336473301
DES2,72,-20.44775135917723,-40.351919659497774
DRS5,72,-29.910828915689823,-51.125084214168325
DBS5,72,-16.024625321575016,-48.087551229661265
XCS1,71,-29.145859092936814,-51.137023454569125
XSJ1,71,-23.162427570134458,-45.84585788423894
DBH5,71,-19.97000101284835,-43.91955984891313
DBS5,71,-15.922009021190727,-48.063479422936105
DSP5,71,-23.24693452263494,-47.30451053772615
DBR9,71,-23.63102867395967,-46.93103589708244
DSA8,71,-12.907213381284715,-38.37618712331413
DRJ3,70,-22.957210534293658,-43.15411140885795
DRJ3,70,-22.870962302673234,-43.56079346031892
DRS5,70,-29.654503060343558,-51.15735411030756
XGA2,70,-16.340721595399067,-48.91803944891263
XCP1,70,-22.72885126570303,-47.288821631944856
DPR2,70,-25.594311506620915,-49.40841297180874
DBS5,70,-15.850962071943597,-48.103559141860906
DRS5,70,-29.84109249495126,-51.14357065394007
DRJ3,70,-22.99310414912585,-43.45620749510125
DBS5,69,-15.750980830892132,-47.76332901576434
XCP1,69,-22.779763367414365,-47.354429715309664
DPE4,69,-8.144899116276152,-34.9272761349433
DSP4,69,-23.703706323988467,-46.52615035266848
DSP2,69,-23.42268763582489,-46.560763732662735
DSA8,68,-12.87235321195748,-38.270130540441095
DRS5,68,-30.17821473876597,-51.17850305884176
XSP9,68,-22.755976454942942,-47.39641549728309
XCP1,68,-22.904021805783366,-47.251383506229075
XSP9,68,-22.44383124280655,-47.55765326324346
DGO2,68,-16.707719744150225,-49.34959034304868
DPR2,68,-25.449996477393487,-49.06243143259264
DPE4,68,-7.977717138651848,-35.050121499176825
XSP7,68,-23.177603968482142,-46.960279089393666
DBS5,67,-15.844282242930198,-47.99798121286557
DBR9,67,-23.617202465057478,-46.99484633978755
XRJ4,67,-22.45679077520901,-43.14223940897418
DRS5,67,-29.9302269834942,-51.12586622410943
XSP7,67,-23.20682794876497,-47.025327628884156
XSJ1,67,-23.319762206687066,-45.95754774610887
DRS5,67,-30.16674712035906,-51.19933995618704
XSP7,67,-23.20526782723763,-46.832718707358154
XGA2,67,-16.28020633260959,-48.97925722630343
DGO2,67,-16.828570057776023,-49.227309233256754
XRJ4,66,-22.413140634534656,-43.14120793971069
DGO2,66,-16.665562392003025,-49.49521650931785
DBR9,66,-23.6054418708076,-47.015898116103926
DCE3,66,-3.6973080771981506,-38.578050300816805
DSP5,66,-22.986989992110747,-47.104275796071
DPE4,66,-8.001664361108649,-35.00886824102866
DGO2,66,-16.770394446051604,-49.246515786408786
XCP1,66,-22.80777907297322,-47.22711760092513
XSJ1,66,-23.26040742143808,-45.82715944015556
DSP5,65,-22.87686411292945,-47.143722236308356
DSP5,65,-22.973052317837226,-47.167984282286525
DSP5,65,-22.839829412000835,-47.014365802901516
XCP1,65,-22.71482779936201,-47.35246387269394
DES2,65,-20.213571800419558,-40.32611796689004
DPB3,65,-7.130792146119216,-34.89701013624407
DRS5,65,-29.755417581766817,-51.11882996281228
XSJ1,65,-23.170575214560564,-45.91043296434447
DBR9,65,-23.500250641266685,-46.969929576172305
DSA8,65,-12.907409148543003,-38.33396714444507
XRJ2,65,-22.87341859270701,-43.023023085394
DCE3,64,-3.9256194176168875,-38.60222075057644
DBS5,64,-15.782754976110075,-47.827518687644975
DBS5,64,-15.795229982108083,-47.80678578359549
XRJ4,64,-22.532612965532895,-43.16553608624104
DBR9,64,-23.496686436029137,-46.819966897640825
DPR2,64,-25.37079882806934,-49.315464760751006
DRJ3,64,-22.88462479303271,-43.4535737789282
DBR9,89,-23.516437734391268,-46.627789909428216
XCP1,64,-22.707196310571348,-47.28816846988238
XSP9,64,-22.764493042893687,-47.65279799781732
XSP9,64,-22.752566591469144,-47.673765527342276
DSP5,64,-23.268452732647848,-47.305164784928685
XSP9,64,-22.481816172972465,-47.452135176222
DPR2,64,-25.47162059908046,-49.21240606297997
XGA2,63,-16.282345263237776,-48.93728390940924
XSP9,63,-22.699581128056153,-47.65080350291173
XCP1,118,-22.770773409927294,-47.0978029214541
XSP9,63,-22.455776139536688,-47.53668572107688
DCE3,63,-4.1200290230093035,-38.479860795319816
DGO2,63,-16.77845166064571,-49.30978954287996
XCP1,63,-22.802200969335797,-47.12011360146181
XSP9,62,-22.735358447960955,-47.58789333344183
XSP9,62,-22.602203674576952,-47.43444534535882
DMG2,62,-19.932153605320558,-44.06846565739061
DES2,62,-20.34686728318473,-40.4142688460706
XSP7,62,-23.09135496886565,-46.95770725390152
DRS5,62,-29.766930305459535,-51.09799771070525
DPR2,62,-25.561163580723967,-49.27942987316733
DPE4,61,-8.109100758340308,-34.94767457299941
DRJ3,61,-22.986075352063843,-43.30542465812972
DSP2,61,-23.56526387649522,-46.5006566305676
XSP7,61,-23.173472397498244,-47.045717355234295
DPB3,61,-7.118770366917926,-34.917603048671175
XSJ1,61,-23.1326543977497,-45.78067053639719
DPR2,61,-25.39097000218888,-49.16700813484124
DPR2,61,-25.35272533370903,-49.27223742628012
DBS5,61,-15.805815090622584,-47.8281821105075
XCS1,60,-29.237674107873207,-51.3320178119896
DGO2,60,-16.816043645366516,-49.24793322344721
DSP2,60,-23.586728346982245,-46.501285162161714
DBS5,60,-16.016040831011228,-48.02405532661078
DRS5,60,-30.000540434440058,-51.21389357849598
DBR9,60,-23.46749664404328,-46.75485946453372
DSP4,60,-23.754314298541296,-46.59194422443503
XCP1,60,-22.76025966284726,-47.31112726356427
DSP4,60,-23.641337480217548,-46.48144997179774
DES2,60,-20.357847550190897,-40.43589169005888
XCP1,77,-22.908241093594732,-47.16603584588729
DCE3,60,-3.9170311254915373,-38.37268081815354
DRS5,60,-29.934523506337534,-51.189928449819796
XRJ2,59,-22.972567682741996,-42.96080251282908
XCS1,59,-29.11815739432478,-51.114654779178494
XCS1,59,-29.193172918780803,-51.160173655897104
DBS5,59,-15.603739178011477,-47.695835306113224
DPR2,59,-25.388852009772588,-49.35868662248094
DGO2,59,-16.600175113473497,-49.220230109776736
DSP4,115,-23.606235051467138,-46.54472121343255
DSP5,58,-23.160806541067466,-47.30189398342902
DPE4,58,-7.918411990076515,-34.904407840314896
DGO2,58,-16.838862219302033,-49.24864201078376
DPE4,58,-7.977991201347104,-34.92569951936286
DES2,58,-20.125114711503077,-40.196039398788066
XCP1,58,-22.772144909623137,-47.29012808614132
DRS5,58,-29.87632569572915,-51.18757671862486
DPE4,57,-8.132787246369972,-35.03086715448603
DPE4,57,-8.216346748451894,-34.96943302879086
DSP5,57,-23.25661810701194,-47.326179225734286
DPR2,57,-25.411834685243537,-49.1677239202287
DBH5,57,-20.170061070678717,-43.967214373773416
XSP7,57,-23.156049971798605,-46.959636066304256
XSP7,57,-23.183716401244222,-46.83207978724346
XGA2,57,-16.269812796937106,-48.95792189291239
DPB3,56,-7.03541777223335,-34.85471536546682
XCS1,56,-29.218066923094607,-51.33123051822018
DPR2,56,-25.554945226515297,-49.21527555249221
DSP5,56,-23.080961601350005,-47.17123253974054
XSP9,56,-22.744077634410246,-47.41740510666701
DPE4,56,-7.894561481230246,-34.90418342363155
DPE4,56,-7.894734227608153,-34.82128969423943
DPE4,56,-8.120905277114275,-35.01000869658755
DBS5,56,-15.724144160584107,-47.84692134145024
XRJ2,56,-22.970591995512514,-43.046835527854824
DBS5,56,-15.957520320186175,-48.04343424492928
DSP5,55,-23.289965420587777,-47.305819075590854
XSP9,55,-22.76670770990782,-47.61019262045117
DBR9,55,-23.62134028326469,-46.909334584991754
DSA8,55,-12.695477448442613,-38.28866136488827
DPE4,55,-8.03772297290488,-34.86407099263877
XSP7,55,-23.16165738147828,-47.066750136063334
DGO2,55,-16.82409135296893,-49.31121089671694
XSJ1,55,-23.175843349241852,-45.78187963708572
DES2,55,-20.291579764707308,-40.34898874973041
DCE3,55,-3.9243515736773076,-38.68565457186555
DSP5,55,-23.121972380192478,-47.21522264590178
DES2,55,-20.213900065667357,-40.283307608920516
DCE3,55,-3.9854745924360335,-38.62395395088989
DSP5,55,-23.12408692204537,-47.17253214502803
DBS5,54,-15.618061274856332,-47.63295389326592
DBR9,54,-23.437881721067928,-46.92525457197892
DGO2,54,-16.793221052218787,-49.2472244819903
DRJ3,54,-22.946348935815713,-43.584147392276066
DGO2,54,-16.710726814202655,-49.07653666384408
DSP2,54,-23.459792306515144,-46.45471177129352
DGO2,54,-16.801273514133747,-49.31050019680998
DBH5,54,-19.99476637910089,-43.83452853097873
DBS5,54,-15.90476825849558,-47.93648359096882
DSP5,54,-22.827982406312124,-47.03539000711237
XSP7,53,-23.259625251507305,-47.04830091056872
DRJ3,53,-22.873213686671583,-43.474807936479294
DSP5,53,-22.796549275686306,-47.013076991259915
DBH5,53,-20.068869354255085,-43.98617001349297
DGO2,53,-16.670949894906517,-49.180399763370175
DRS5,53,-29.658080971405415,-51.114922705442495
DPE4,53,-7.96626957414746,-34.821954416381544
DCE3,53,-3.8565653706817646,-38.392671219178915
XPB1,53,-7.2218744262502605,-35.852305787708495
DPR2,53,-25.662347535340764,-49.325554721593065
XSP9,52,-22.71900046286852,-47.6940646051273
XCS1,52,-29.18513572671644,-51.13858613395895
XSP7,52,-23.195501864440864,-46.81102753146257
XCS1,52,-29.18602881489418,-51.244935415404356
DRJ3,52,-22.935513094269584,-43.153594848078164
XRJ2,52,-22.861057124400435,-43.0872785704968
XSP9,52,-22.765718461319818,-47.41806246058822
XCP1,52,-22.831517149799012,-47.185099869801405
DMG2,52,-19.899178176367368,-44.04626325568396
DRS5,52,-29.64296794994683,-51.178174371657036
DGO2,52,-16.79098444076891,-49.28917338310463
XCP1,65,-22.792419574363375,-47.09845001528251
DES2,52,-20.058005593802793,-40.19479988896239
DBR9,51,-23.475209321472438,-46.81932809470577
DES2,51,-20.13582768201311,-40.260448889406334
DGO2,50,-16.78292305269737,-49.22589304190821
XSP7,50,-23.13653729882741,-46.916268287471866
DPR2,50,-25.641560782340367,-49.324833702858264
DPR2,50,-25.674148118323018,-49.304652510250676
XGA2,50,-16.371879783284832,-48.98205720503627
DRJ3,50,-23.013667706922437,-43.499738309204005
DPR2,50,-25.543713491767967,-49.38535370086025
XCS1,49,-29.2012046839518,-51.18175928390824
XCS1,49,-29.13069841134071,-51.200209871320105
DPR2,49,-25.34368097348498,-49.25062172182181
DBS5,49,-15.946977300929287,-48.022046057578436
DSP5,49,-22.98489907200713,-47.14696608683485
DMG2,60,-19.98873327481377,-44.04843994281397
DCE3,49,-3.9268787465708344,-38.51880107862471
DBS5,49,-15.740382159734734,-47.741930638507
DSP5,49,-22.875348543020124,-46.95128066068766
DBS5,48,-15.934494231773503,-48.04276389296691
XSP9,48,-22.77641595573691,-47.631828213275135
DBR9,48,-23.471130963038465,-46.90484268936997
DCE3,48,-3.903440702257867,-38.476751245626154
XSP7,48,-23.101114000217876,-46.979387963052886
DGO2,48,-16.68263519741447,-49.390801797989106
DBS5,48,-15.938359024231671,-47.95854331505352
DCE3,48,-3.77140630327799,-38.45400567040218
DGO2,48,-16.660628473370757,-49.15906709468698
DPB3,48,-7.178857140251041,-34.81464992123775
XRJ2,48,-22.97353813697661,-42.91778424674343
XSP7,47,-23.04819749634419,-46.95642159297979
DCE3,47,-3.8559399352884087,-38.43436399861674
DPE4,47,-8.275969360435234,-34.94925678510278
XSJ1,47,-23.227174499158085,-45.84767811288716
DRS5,47,-29.751833105284742,-51.16126778583642
XSJ1,47,-23.253302147585217,-45.998559805531244
XSP9,47,-22.777615121694517,-47.397072189491276
DBS5,47,-15.62122979492998,-47.822875942317545
DSP2,47,-23.442224240343645,-46.60418337167843
DBH5,47,-20.0017592888662,-43.98454349061863
DBS5,47,-15.794323634915607,-48.08083515138825
DBS5,47,-15.944096849154352,-47.832163559114896
DBS5,46,-15.915326056279527,-47.95787565340888
XSJ1,46,-23.207349160150848,-45.804215908488935
XRJ2,46,-22.9715856348838,-43.0038196226821
DBS5,46,-15.763452748598718,-47.742591317864935
XSP7,46,-23.130362911295,-47.04442583542813
XCS1,46,-29.245666253699984,-51.35358741457735
DSP2,46,-23.42850428515747,-46.432369188850934
XSP7,46,-23.055902754346857,-47.020812434042234
DSA8,46,-12.906585315611292,-38.50287010150181
DSP5,46,-22.898482022134118,-47.14437092017177
DPR2,46,-25.46983960319648,-49.55311598513205
XBA1,46,-12.243282096280135,-38.872939364787854
DGO2,46,-16.740840681416994,-49.37162228392538
DSP2,46,-23.473420387480445,-46.39081047257153
DBH5,49,-20.022911579847435,-44.027866692343395
DRS5,45,-30.162511662999194,-51.13525430698707
DES2,45,-20.470041873787522,-40.35233847587915
DBS5,45,-15.901797598100664,-47.746556302232534
DCE3,45,-3.8423344935171744,-38.53843835519062
DPE4,45,-7.930463137193751,-34.84234374970157
DBS5,45,-15.87874952310569,-47.74589536336283
DMG2,45,-19.777744427533637,-43.97912412686855
DSP2,45,-23.4304201822588,-46.389560884143684
DRS5,45,-30.073710132997427,-51.15296370160956
DBR9,44,-23.44600976558925,-46.75422280423208
DES2,44,-20.113139391511407,-40.302836249580245
DRS5,44,-29.856913826181064,-51.18679290998987
DBR9,44,-23.636549517952027,-47.03823978454393
DPE4,44,-7.930292653820771,-34.925249195578076
XBA1,44,-12.219323439938595,-38.91480088268832
DSP5,44,-22.855240753218553,-47.14307359555763
DPR2,44,-25.440028512251672,-49.5307911808952
XCS1,44,-29.209231021754945,-51.20334301211497
XSP7,44,-23.153990841414846,-47.002356644032545
XSP7,44,-23.197511473849623,-46.768280035893845
DRS5,43,-29.74390070206275,-51.139659043875284
DSP5,43,-22.97930669588659,-47.0399068693141
DES2,43,-20.36882418595544,-40.45751569907475
DES2,43,-20.11408383969028,-40.17443353794496
XGA2,43,-16.3532477941976,-48.897395163245676
DES2,43,-20.268907142693593,-40.39138689368104
DGO2,43,-16.721052350341704,-49.09787713769718
DRJ3,43,-22.98170609289083,-43.47744519298981
DGO2,43,-16.83662195244738,-49.29059349320952
DBR9,43,-23.451694148412916,-46.86144799764798
DPR2,43,-25.3318493348735,-49.27151844101953
DPR2,43,-25.617943696196072,-49.36662875144945
XCP1,43,-22.896384075891437,-47.18704991322988
XSP7,43,-23.00908857397288,-46.86969752363143
DBR9,42,-23.6268783741598,-47.016543420568354
XSJ1,42,-23.278439577018567,-45.913477530990335
XCS1,42,-29.206453265716753,-51.35201155272353
XCP1,69,-22.886626434252193,-47.16538645340826
DPE4,42,-8.10894101726455,-35.03063830923186
DBR9,42,-23.45936477308646,-46.92589677022521
DRS5,42,-29.911515511202204,-51.231577877623835
DBS5,42,-15.802929524946531,-48.14429801981587
DES2,42,-20.12415545688058,-40.32444715089422
XSJ1,42,-23.28653925493196,-45.978055349039145
DPB3,42,-7.178556604725308,-34.89745800999858
DGO2,42,-16.620813688841857,-49.26288098172305
XRJ4,41,-22.489000739359767,-43.16450291609777
XSP7,41,-23.150368001491433,-46.8524904482951
DSP4,41,-23.789383203874028,-46.52866861153369
XSJ1,41,-23.25864833795475,-45.87001619271614
XSP7,41,-23.21705101499483,-46.81166578094527
DRJ3,41,-22.854788657903203,-43.3452937794992
DGO2,41,-16.603806400907622,-49.36734814678715
DPB3,41,-7.11860734710714,-34.959018312933104
DMG2,41,-19.814379331018333,-43.87300821682095
DBR9,41,-23.623391925454396,-46.866570351752145
DRJ3,41,-22.82381048268767,-43.28001378966426
XSP7,59,-23.03432003798756,-47.02016757789027
DES2,41,-20.192180067973055,-40.19727916393164
DSP4,41,-23.775726573484373,-46.59257592036528
DPR2,40,-25.29285937832419,-49.22756948987874
DBS5,40,-15.980542619025044,-48.044104640674085
DRS5,40,-29.93812685313121,-51.14748353420222
XSP7,40,-23.258108906676995,-46.855688613636694
DGO2,40,-16.616351866173645,-49.34674358517579
DPE4,40,-7.846857075040454,-34.9037346360299
DRJ3,40,-23.008821931665636,-43.26293583266248
XRJ4,40,-22.487965192712867,-43.20748149842286
DBS5,40,-15.78761915407604,-47.975257599568224
XSP7,40,-23.08159124487513,-46.936025845860456
DPE4,40,-8.025423572573056,-35.05058046447486
DRJ3,40,-22.929136238432815,-43.411627290673465
DPR2,40,-25.55772345802806,-49.17273573400102
DBR9,40,-23.588146171993753,-46.929750858496014
DPR2,40,-25.504267302320024,-49.19221478997878
DBR9,40,-23.578451227791508,-46.908050972382625
DPR2,40,-25.4722401127573,-49.36157400684089
DGO2,39,-16.59349997127499,-49.34603201074082
DSP2,39,-23.512548052240614,-46.4776829629689
DSP2,39,-23.479350194390662,-46.49814292429622
XCP1,39,-22.80988395270883,-47.184449941694346
DPR2,39,-25.493072504576986,-49.36229597121906
DBS5,39,-15.820173536811843,-47.765313242406954
DBS5,39,-15.651777988715365,-47.65501245263311
DRJ3,39,-22.872093757120165,-43.51780158962779
DPR2,38,-25.33740194290929,-49.186482816905475
DCE3,38,-3.8325037450417003,-38.39232871634351
DBR9,38,-23.617748785790607,-46.75931727623288
DBS5,38,-15.994959716154973,-47.98127192357589
XCS1,38,-29.197631948528013,-51.22414080852695
DPR2,38,-25.54869669181808,-49.15110508248635
DPB3,38,-7.166991825127266,-34.793842364732996
DCE3,38,-3.7929316362239973,-38.62115108506457
DBS5,38,-15.623105493675052,-47.780755086850775
DCE3,38,-3.7330856586907015,-38.599424033906054
XSP7,38,-23.026610531007844,-46.95577882671061
DSP2,38,-23.4069967092986,-46.43174306252475
XRJ2,38,-22.927196219652615,-43.04580969568986
DRS5,38,-30.120251602461607,-51.17615134422345
DPR2,38,-25.54314153325124,-49.23618337972332
XRJ4,38,-22.477578010533442,-43.18573374901561
DPE4,38,-8.096375281922173,-35.30035066255683
DBS5,37,-15.890363953674454,-47.99931896534101
DBS5,37,-16.001612182900793,-48.08687942450448
XSP9,37,-22.77419518755717,-47.67443110510945
XBA1,37,-12.183686676243067,-38.93536657096793
DCE3,37,-3.939224856531836,-38.49812148244336
DGO2,37,-16.811558633678754,-49.33182567970535
DSP5,37,-23.10800149924771,-47.27892072710201
DRJ3,37,-22.90743463400228,-43.41110203573149
DPE4,37,-8.132219147511298,-35.279940249284714
DPR2,37,-25.340892205686465,-49.293132103256774
DPR2,37,-25.4518779919266,-49.50991934596834
DGO2,37,-16.63695497271445,-49.38937584492181
DSP2,37,-23.41678915050421,-46.45345804080252
DCE3,37,-3.8904656759768157,-38.53913334623312
DSA8,36,-12.918474414734828,-38.48192888859104
DGO2,36,-16.659797072775238,-49.390088798413764
DGO2,36,-16.68488374237211,-49.34887858455203
XSP9,37,-22.72458241746588,-47.374111768592904
DPR2,36,-25.54241796935224,-49.08691861809845
DPR2,36,-25.54935310114196,-49.30033094084591
XRJ4,36,-22.478607770044807,-43.142755196280504
DPE4,36,-7.930105708200239,-35.00818415377456
XBA1,36,-12.218682842533575,-38.9992598950581
DGO2,36,-16.693797213419344,-49.181106314822905
DGO2,36,-16.763665772554248,-49.372334801319056
XSP9,36,-22.597869753357042,-47.51967793289487
DRS5,36,-30.147429875464177,-51.19855538388415
XCP1,35,-22.71351322812652,-47.16019286675334
XCS1,35,-29.044009209730095,-51.17549913440281
DPR2,35,-25.558354980273982,-49.32195010073799
XCS1,35,-29.166400150847824,-51.244150826554524
XRJ2,35,-22.917829360757388,-42.98103441890716
XCS1,35,-29.13873454018815,-51.22178903501735
XCS1,35,-29.12621141182933,-51.136242190886875
DSP5,35,-23.086441467720118,-47.27826749147734
DCE3,35,-3.820159767063587,-38.413002331541925
DRS5,35,-29.849678677179007,-51.27164171513471
DSP4,35,-23.705498771643988,-46.71907736557277
DGO2,35,-16.662043757962483,-49.348166872077165
DES2,35,-20.146846489385982,-40.282058887826246
XSP9,35,-22.453594656145206,-47.57928077444522
DSP2,35,-23.33467644926953,-46.601025106818604
DSP5,35,-22.833611947110093,-47.142424997915455
DPE4,35,-7.882768488832427,-34.841899203090655
XRJ4,35,-22.520153885110265,-43.22974839235942
DRS5,35,-29.786376263445483,-51.0987786973245
XPB1,35,-7.293412692955316,-35.89465721391187
XRJ4,35,-22.39130749739421,-43.14069225774653
DBS5,35,-15.89228931026149,-47.95720803539536
XRJ4,35,-22.424565562843515,-43.11997782374694
DBS5,34,-15.894206775640445,-47.91509057450208
XSP9,34,-22.69735890464922,-47.69339845773558
DGO2,34,-16.64499281491273,-49.4525991800213
DES2,34,-20.669397076312375,-40.4846442675996
DBS5,34,-15.674866415876185,-47.655670298439894
XSP7,34,-23.032702331010622,-46.827608538506446
DRJ3,34,-22.877578101955915,-43.30281646566719
DPE4,34,-8.240184322412919,-34.96965979753528
DGO2,34,-16.608274409076643,-49.283494780015175
XBA1,34,-12.231304133220666,-38.8938700702976
DSP5,34,-23.184487038588006,-47.25986524250039
DSP5,34,-23.170503277686013,-47.3235598417576
DSP2,34,-23.469573605133064,-46.47642762911649
DSP5,34,-23.012731840146234,-47.019522764646595
DCE3,34,-3.8410658637397623,-38.62185165994406
DRS5,34,-29.984783271031553,-51.170665791613
XBA1,33,-12.301927181963462,-38.93719294672965
DSP5,33,-22.87894984239837,-47.10103882082356
DRS5,33,-29.790721101714208,-51.162833611738826
XCS1,33,-29.110097954736165,-51.0930654863298
DCE3,33,-3.9737553622634136,-38.602920165241905
DGO2,33,-16.786486859806477,-49.373047364782316
DGO2,33,-16.687876990987622,-49.07583332541879
DPR2,33,-25.597146507864025,-49.36590650306019
XRJ2,33,-22.949890324388754,-43.003308148206465
XSJ1,33,-23.30629034112865,-46.02151113568376
DSP5,32,-22.816131761416553,-47.0564121141425
DSA8,32,-12.954518266203479,-38.33465691958348
DCE3,32,-3.876212540986952,-38.68494957344138
XCP1,32,-22.750500800104625,-47.289474837363116
XSP9,32,-22.778625671606207,-47.589219000688416
DPR2,32,-25.525720824107307,-49.34212500076104
DSP5,32,-23.059390705925104,-47.1705828018849
XSP7,32,-23.238095312762724,-47.04765495725954
DBR9,32,-23.566696543078706,-46.92910840343112
DBS5,32,-15.860596914156782,-47.893031044965866
DBS5,32,-15.897032199754372,-48.10490354649926
DBS5,32,-15.727909122337614,-47.76266769344091
XRJ4,32,-22.467186536783597,-43.16398638378076
DBS5,32,-15.970002273003818,-48.022715770172404
DPR2,32,-25.449010381625712,-49.55238810380871
XCP1,32,-22.76238462917992,-47.26847416107989
XSP7,32,-23.00131188066885,-46.80528520013272
DPR2,32,-25.460410046173227,-49.38246300826155
DPE4,32,-7.91812842730215,-35.028808107278785
DSP5,31,-22.92837852322628,-46.97424065746098
DCE3,31,-3.9145316407524313,-38.53948087686917
DCE3,31,-3.7109340076602484,-38.47398878395993
DBR9,31,-23.691154328568363,-47.018479591874076
DGO2,31,-16.634702113842934,-49.431288459894496
XSP9,31,-22.767871700994807,-47.375423698399366
DPR2,31,-25.34645793967422,-49.20810324090323
DBR9,31,-23.492606157830267,-46.90548426044494
DRS5,31,-29.794308194086895,-51.120393221021025
XSP9,31,-22.57619117496426,-47.519017493998234
DGO2,31,-16.626655384829295,-49.3680603878524
DES2,31,-20.73574302780988,-40.52876777631892
DBS5,31,-15.8404141260636,-48.08217801631159
XPB1,31,-7.281331996495808,-35.91532048480012
XCP1,60,-22.84338076323859,-47.164087797906426
XSP7,30,-23.140103144980834,-47.06610368728613
DRS5,30,-29.89573126653387,-51.1883605781384
XGA2,30,-16.348967254092994,-48.98135714227343
XGA2,30,-16.29487566153201,-48.91664339945332
DGO2,30,-16.595733050099863,-49.30410596610116
DSA8,30,-12.907598124440732,-38.291751081379346
XSP9,30,-22.68542114849366,-47.714360146654734
DES2,30,-20.136446016347463,-40.174846011115854
DES2,30,-20.214525437707064,-40.197692475730236
XSP9,30,-22.368892162364233,-47.534042640133094
DPE4,30,-7.8230031940750555,-34.9035102651085
DGO2,30,-16.70852992172189,-49.118511659036606
DES2,30,-20.39183462570881,-40.37228495596923
DPR2,30,-25.588158426149434,-49.34428940527971
DSP5,30,-23.292110946459097,-47.26312939972913
DGO2,30,-16.59795810005424,-49.26217198488533
XBA1,30,-12.266618749315846,-38.91552998098672
DCE3,30,-3.759690769953509,-38.43298844653976
DRJ3,29,-22.84338773770901,-43.366530766776734
XSJ1,29,-23.296417124310004,-45.999783455393796
DRJ3,29,-22.88572755607137,-43.41057681652867
DPE4,29,-8.061564398992951,-34.86429407131668
DBR9,29,-23.449650205071105,-46.904201161050544
XSJ1,29,-23.217264144137374,-45.82594719876167
XSJ1,29,-23.180479623675858,-45.93215941924051
DPR2,29,-25.472708582633306,-49.51064590948379
XGA2,29,-16.326050831680778,-48.980657124899814
XSP7,29,-23.144243006384322,-46.980675217793646
DPR2,29,-25.552702179340983,-49.40696597146706
XCS1,29,-29.10655749011807,-51.13546097787355
DRS5,29,-29.646551653066556,-51.135748703425925
XSP7,29,-23.24060616976186,-46.7695538080298
DPR2,29,-25.51329464364405,-49.21384071356647
XPB1,29,-7.173284025466286,-35.97653214315993
DPR2,29,-25.459054317933433,-49.084065273346575
DGO2,29,-16.67535449381049,-49.09646916523718
DCE3,29,-3.807814800971766,-38.43367617624143
DSP5,29,-22.85732544209715,-47.100391554895936
DPR2,29,-25.474393614200565,-49.16987155836873
DES2,29,-20.613949808360243,-40.462163814078906
DSP5,28,-23.235097669275998,-47.325524314506524
DSP5,28,-23.227553150712893,-47.26117077526491
DRJ3,28,-22.87969109153486,-43.21681129209426
XSP7,28,-23.24781923949703,-47.06933636132339
XSP7,28,-23.18940496830403,-46.939237189264304
XRJ2,28,-22.872419913880314,-43.066031806369836
DGO2,28,-16.82183979604453,-49.35314982600731
DPR2,28,-25.564524694124184,-49.386076492422575
DSP2,28,-23.39719957000089,-46.410027534472384
DSA8,28,-12.706968182491474,-38.352139963916684
DPR2,28,-25.320013953788646,-49.292412479103554
DPE4,28,-7.989784317300423,-34.98801594118033
DBS5,28,-15.709765294167399,-47.90976179732113
XSP9,28,-22.594584643833524,-47.370177023258336
DBS5,28,-15.69917903970317,-47.88837330849445
XSP7,28,-23.29847954462533,-47.13502495748783
XSJ1,27,-23.280210920969026,-45.870623781579525
DPR2,27,-25.570166960946963,-49.301051084307694
DES2,27,-20.124485553774928,-40.28164270459892
DSP2,27,-23.408911737080093,-46.38893615261215
DPR2,27,-25.46535251877637,-49.14824365970898
DBS5,27,-15.900916003190655,-48.02070676362042
DPE4,27,-7.906441658976888,-34.92502405664619
DBR9,27,-23.669734606852163,-47.01783415844931
XRJ4,27,-22.542996046078727,-43.18728568628387
XCS1,27,-29.2056512362874,-51.24572005509182
DBR9,27,-23.650917629052802,-46.738881115352235
DPR2,27,-25.63257329570954,-49.303211798129
DPR2,27,-25.36733300307625,-49.20882026026645
XSP9,27,-22.58811845973959,-47.49804221144439
DSP5,27,-23.39528373754751,-47.35178173527592
XSP7,27,-23.20928800113221,-46.74722234323157
DBH5,26,-20.080658092603482,-43.96504795212097
DBH5,26,-20.01714510577555,-43.83506564047877
DRJ3,26,-23.035341370999053,-43.50026664800512
DPR2,26,-25.567351762017353,-49.34356788980305
DPR2,26,-25.31374837703567,-49.228287055025014
DSP5,26,-23.19204025064216,-47.32421462252235
DSP5,43,-22.865006322765364,-47.164737104082676
XCP1,26,-22.74073726732349,-47.26782161913014
XSP9,26,-22.62387911418538,-47.43510309898319
DGO2,26,-16.614108903467457,-49.388662937509004
XGA2,26,-16.30740398577651,-48.89600036793897
DPE4,26,-8.20446166162131,-34.94857860196615
DPE4,26,-7.966109578344045,-34.90485671945438
DBH5,26,-20.04650419418285,-43.985627802584546
DBS5,26,-15.902846077577793,-47.97859845404807
XSJ1,26,-23.245205374252002,-45.93398820578956
DPE4,26,-7.834881888354873,-34.92434873167388
XBA1,25,-12.31359006986716,-38.95849287362655
DSP5,25,-23.385624682430205,-47.33010960666236
DBS5,25,-15.593116645990301,-47.674437680472614
DRS5,25,-29.879925140248766,-51.145135653588646
XSP7,25,-22.987488669488844,-46.86905760430925
DRS5,25,-29.708554678290113,-51.0956550551952
DBS5,25,-15.858685688914868,-47.93514976674884
XPB1,25,-7.185865433119845,-35.87270690446484
DBS5,25,-15.774048807208404,-47.76399038136376
DBS5,25,-16.028518378609835,-48.003333271666556
DPE4,25,-7.977812635719724,-35.00864019644033
DPE4,25,-8.252069498589515,-34.99051750175111
DBR9,25,-23.52990527670899,-46.79954137788029
XRJ4,25,-22.40273501746578,-43.11946285170936
DBH5,24,-20.013554690603698,-43.96342351998005
DPR2,24,-25.44725508391046,-49.104983901642704
DRS5,24,-29.720854493168428,-51.18130767375302
DBS5,24,-15.85569767940238,-47.74523446775526
DRS5,24,-29.852596899644254,-51.12273848908705
DSP5,24,-22.916545477238238,-46.99527104338849
DBS5,24,-16.040993758587867,-47.98260892041128
XSP7,24,-23.02865239802591,-46.91306093046224
DPR2,24,-25.47881276539575,-49.574712156312344
DGO2,24,-16.733572645421784,-49.07724004786065
DRJ3,24,-22.89002321944317,-43.23857283023745
XSJ1,24,-23.20027454308942,-45.97561110317407
DES2,24,-20.324549013558208,-40.41384797072203
DPE4,24,-7.989872552549742,-34.94654488253244
DRJ3,24,-22.99745072236861,-43.28418079481764
DGO2,24,-16.647250626450358,-49.41068995061177
DMG2,31,-19.90401840414238,-43.87516143828495
DRS5,24,-29.880604811436914,-51.25161198749128
DRS5,24,-29.892117547444844,-51.2307926852021
XSJ1,24,-23.32963840400564,-45.97927771785173
DPE4,24,-8.096974365639516,-35.05126902946033
DBR9,24,-23.6600652733375,-46.99613565353943
DES2,24,-20.646782910413457,-40.52706763591036
XSP9,24,-22.398211705058248,-47.598918844626894
DBS5,23,-15.688589139930622,-47.866983879416736
DRS5,23,-29.86842156581905,-51.16596587350428
DPR2,23,-25.4027828527207,-49.146098085821656
DGO2,23,-16.624407475571342,-49.40997637713462
XSP9,23,-22.36671529220013,-47.576632247244916
DCE3,23,-3.986730927372533,-38.54052360926453
DGO2,23,-16.728299495522997,-49.39222793540695
XSJ1,23,-23.21901022922039,-45.783088900130714
DBH5,23,-20.214733226808583,-43.96829780414943
DRJ3,23,-22.860672905245796,-43.53903298622188
DBR9,23,-23.640712304282246,-46.95273651666537
DSP4,23,-23.682273073506614,-46.52552089316522
DPR2,23,-25.644374656479172,-49.2823081732654
DGO2,23,-16.756414478418133,-49.077943477472736
DCE3,23,-3.892969411102394,-38.37233896774236
DSP5,23,-23.282423019519033,-47.24145621275054
DPR2,23,-25.599353155997807,-49.1741681039446
DCE3,23,-4.168775511812924,-38.43883710425674
DPE4,23,-8.311627361999731,-35.0118342322706
DSP5,23,-23.008581623105435,-47.10492332027124
DES2,23,-20.50330062542074,-40.374382662778096
DPR2,23,-25.665162724875294,-49.28302786632221
XSP7,23,-23.183206113167877,-47.06739662785153
DSA8,23,-12.894913358108559,-38.48157892679535
XSP7,23,-22.977696514608198,-46.84737559952756
XSP7,23,-23.062049729890138,-46.8926609578139
XSP7,23,-23.22883046416512,-46.79061081270571
DSP5,23,-22.8670971146373,-47.12205726808541
XCP1,22,-22.752619678523345,-47.24681944989052
DBS5,22,-15.925880165161525,-47.979266755922396
XCP1,29,-22.702929645094184,-47.37345586895537
DRS5,22,-29.670389506573564,-51.20055922941722
DBR9,22,-23.657977141445595,-47.03888584380244
DPE4,22,-7.978074274024769,-34.884240228028965
DPE4,22,-8.108764435483918,-35.11363115047451
DRJ3,22,-22.87432208858994,-43.431812549182524
XSP9,22,-22.546913530707048,-47.45410989611398
DGO2,22,-16.680378597051725,-49.43271698455907
DPR2,22,-25.569518063266056,-49.1518205556376
XGA2,22,-16.384409041283533,-48.96141862235706
DRJ3,22,-22.89106827544759,-43.195568041272516
XSP9,22,-22.66821301336892,-47.62850756675115
XSP7,22,-23.124733235858564,-46.93731025491299
XSP7,22,-23.11497130579043,-46.91562673062412
XCP1,21,-22.906137035140365,-47.2087126096193
XGA2,21,-16.363638728399994,-48.91873754156874
XPB1,21,-7.245799140764011,-35.85256264798028
DPE4,21,-7.965933052939853,-34.98778861935213
DGO2,21,-16.706324918711346,-49.16047890451287
DSP5,21,-23.30179413498995,-47.28480180077072
XBA1,21,-12.195353883616736,-38.95666280576941
XSP9,21,-22.663772062225153,-47.71369338598118
XCP1,21,-22.87476721550279,-47.18639985556503
DGO2,21,-16.65030313285606,-49.13773313657293
XRJ4,21,-22.359057808171304,-43.11843301281977
XRJ4,21,-22.498348079582975,-43.22922962574601
DES2,21,-20.3355315242328,-40.43547006139644
DRJ3,21,-22.99198854899742,-43.499210006341556
DPB3,21,-7.142493620650829,-34.95924437385943
XCS1,21,-29.13426000675041,-51.157827715572616
XSJ1,21,-23.33950994582397,-46.001007269359405
DSP5,21,-22.952033613625055,-46.93217364481334
DGO2,21,-16.655279575418042,-49.47390853175002
XRJ4,20,-22.553374824935137,-43.20903567013056
DES2,20,-20.4923274447434,-40.3527573210158
DES2,20,-20.390766545122844,-40.50076718792118
XCS1,20,-29.229676532783916,-51.31044626889117
DRJ3,20,-22.98281577549493,-43.43444254495891
DMG2,20,-19.788348838263893,-44.00077832405146
DSP5,20,-23.266296953528368,-47.34784711005487
XSP7,20,-23.107233077975668,-46.851211480493795
DRS5,20,-29.923021591998566,-51.21075476101787
XSP7,20,-23.23083582430758,-46.7478585365553
DGO2,20,-16.589849952519163,-49.19890271236191
DSP5,20,-23.112252049560617,-47.19355286624238
DSP2,20,-23.270081249813547,-46.599130654000376
DGO2,20,-16.692925006538918,-49.412117235912675
XSP9,20,-22.680143046410166,-47.60753882570547
DRS5,19,-29.681923790390375,-51.17974092104108
XSP9,19,-22.434063182179134,-47.53602488520624
DSP4,19,-23.799104979664115,-46.55039280708873
DBR9,19,-23.615116302889508,-47.03759376830925
XSP7,19,-23.05227194436942,-46.87097749016369
DPE4,19,-8.287722956190567,-35.0531058896825
DRJ3,19,-22.89380292316123,-43.518330420429194
XSP7,19,-23.163733972684582,-47.02403735857057
DRS5,19,-30.170365944241055,-51.156879632721775
DES2,19,-20.52557899137345,-40.374802290553404
DES2,19,-20.514608066944945,-40.353176194910624
DRS5,19,-29.83749565929192,-51.18600915222876
XGA2,19,-16.41717370035349,-49.21457010924025
DGO2,19,-16.809303936977525,-49.37375997431942
XGA2,19,-16.19070941645428,-48.70318573291632
DBR9,19,-23.43020686526787,-46.86080789545518
DPE4,19,-7.989595399371196,-35.07097996649477
XRJ4,19,-22.380899097786422,-43.11894791473481
DRS5,19,-30.10091792239509,-51.17536754116928
DPE4,19,-8.347465690082696,-34.94993510663904
DES2,19,-20.29123746293601,-40.391806958015145
DBH5,19,-20.17127098941206,-43.92442059477044
DGO2,18,-16.803515104353718,-49.268554608345774
DSP2,18,-23.401005773999604,-46.32440515708726
DBS5,18,-15.967130593078432,-47.832827285826276
DBS5,18,-15.701071738459044,-47.846257407013006
DGO2,18,-16.630172323938982,-49.515089446746266
XCS1,18,-29.232416968041115,-51.161737869684515
XGA2,18,-16.374025811938605,-48.9400786965445
DPR2,18,-25.444501818922593,-49.14752842144953
DBS5,18,-15.77513151046344,-47.995974911820646
XGA2,18,-16.394788412911627,-48.98275731319255
DPR2,18,-25.36104048504318,-49.14466793801916
DCE3,18,-3.913269158128802,-38.622902699216674
DCE3,18,-3.8404284224732836,-38.663563608076295
XGA2,18,-16.330327834327434,-48.89669774296747
DPR2,18,-25.481688325738563,-49.53224562606871
XCS1,18,-29.177093108239955,-51.1169967239744
XSP7,18,-23.171389647959383,-47.088427968296315
DGO2,18,-16.696005365589404,-49.13914360700678
DSP5,18,-22.94170147263154,-47.145668417253155
DRS5,18,-30.108776433957633,-51.19698639210523
DPB3,18,-7.107221949140554,-34.81398668787303
DRJ3,18,-22.833067553648622,-43.344770829153404
DRJ3,18,-22.86401500880835,-43.410051633061464
DES2,18,-20.4254559060207,-40.35150087186872
DSP4,18,-23.766007800757023,-46.570854334291454
DES2,18,-20.43643583915832,-40.37312395229092
DRS5,18,-30.046482949505897,-51.130559350679185
XSP7,18,-23.28114966713224,-47.0489469068685
DMG2,18,-19.83196113121236,-44.044631125976444
DES2,18,-20.1695213710345,-40.239669543383954
DSP5,18,-23.21571918726324,-47.2821875561578
DRJ3,18,-22.891527932615038,-43.6043152314107
XSP7,17,-23.005018085015628,-46.95513610323042
DBS5,17,-15.927803883783248,-47.937150568466556
DPR2,17,-25.36176461913264,-49.29385177459777
XSJ1,17,-23.12739082901097,-45.909215423574665
DSP2,17,-23.260289489297726,-46.57742686018466
DPR2,17,-25.372854109609772,-49.12375652094108
DBH5,17,-19.981792388402717,-43.898438172404006
XSP7,17,-23.248354129753587,-46.833996675349894
XSP9,17,-22.701792334576417,-47.60820220850047
DRJ3,17,-22.924653870383676,-43.58361629568183
DPB3,17,-7.178400730125669,-34.938873160396994
DGO2,17,-16.591258871276857,-49.38795007617108
DGO2,17,-16.653008778852428,-49.51580625371537
DSP4,17,-23.764031571762068,-46.61366449716326
DMG2,17,-19.821367240816954,-44.02297590647057
DPE4,17,-7.954142504005204,-34.92547434981645
DES2,17,-20.336876321602997,-40.264189042606255
DBS5,17,-15.816396541340659,-47.84957751340552
DES2,16,-20.246571924741648,-40.39096685817337
DPE4,16,-8.32363485702075,-34.94970898407995
DRS5,16,-30.085184451892893,-51.13212413276119
DRS5,16,-29.650912248076896,-51.19977531390763
DBR9,16,-23.45372664217799,-46.818689334368564
XRJ4,16,-22.445366946987868,-43.16346988662882
XCP1,16,-22.78402656365679,-47.26912674635321
DSP2,16,-23.313150251970654,-46.60039358037919
DGO2,16,-16.583189617959533,-49.324714535144
DBR9,16,-23.58399978121446,-47.01525285461801
DRS5,16,-29.86908792084715,-51.27242808607022
XSP9,16,-22.469883188644516,-47.47311091942863
DES2,16,-20.247247889782457,-40.305338125945404
DBR9,16,-23.67939916955837,-47.039531946088914
DGO2,16,-16.75200540367178,-49.16189089723971
DSP5,16,-23.1726486219737,-47.28088069433237
DPR2,16,-25.620159188419798,-49.174884359463675
XSP7,16,-23.18111720276922,-47.110105064376064
XBA1,16,-12.278595902778092,-38.894597741286944
DGO2,16,-16.635566614130095,-49.20031683303516
DES2,16,-20.625254740292473,-40.44095349181826
DBR9,16,-23.568751531386045,-46.88635040041422
DRS5,16,-30.104525730863084,-51.13290660005293
DRS5,16,-30.112391408348362,-51.15452992143035
DSP5,16,-23.045432666485468,-47.23428428716153
DBS5,16,-15.968059635283383,-48.06482144877027
XCP1,16,-22.917995482501773,-47.18770001408892
DPE4,16,-8.156783654907743,-34.94812655674293
DSP5,16,-22.896973787475908,-46.95192312752028
DSP5,16,-22.751190167901527,-47.05447495947441
DMG2,16,-19.836796325589752,-43.87354646763775
DPR2,16,-25.31927474062138,-49.14323797800684
XGA2,16,-16.399076022485342,-48.89879013956799
DPR2,16,-25.599969633324587,-49.32339180724319
DSP5,16,-23.31147258250848,-47.30647340971679
XSP7,16,-23.17595585241868,-46.76764321352623
DSP2,16,-23.420620073995416,-46.36784283793104
DBH5,16,-20.09122964562258,-43.98671226102318
DRS5,16,-29.693453937434587,-51.15891942810343
XCP1,16,-22.839167825080196,-47.2494272222947
XSJ1,16,-23.25509569536239,-45.95571642264236
DES2,16,-20.624897861299218,-40.48379727093978
DPR2,16,-25.477154760468572,-49.12732903556707
DSP2,15,-23.451923067027785,-46.39018565746212
DES2,15,-20.635842230187603,-40.50543188024282
XCP1,15,-22.733075777428123,-47.203507693705276
XSP7,15,-23.185731205253827,-46.78933569812235
XSP9,15,-22.55120885644045,-47.368865789397596
XSP9,15,-22.654059561544436,-47.692066295174186
DPB3,15,-7.106908608975669,-34.896786222176715
XCS1,15,-29.23405341083568,-51.37436645206454
DSA8,15,-12.825410151767567,-38.227240293747855
DSA8,15,-12.837101889300996,-38.24851323315146
DRS5,15,-30.019236376784903,-51.10815449521232
DPR2,15,-25.694926700497373,-49.30537293719704
DRJ3,15,-22.91550661824805,-43.5188592871949
DPR2,15,-25.423645262546845,-49.146813230155225
DSP4,15,-23.619886547369383,-46.48082203204512
XSP9,15,-22.39062118932223,-47.53470334473852
DSP2,15,-23.4108152703061,-46.34612426017155
DSP2,15,-23.471502753847414,-46.43362156711
DRJ3,15,-22.957765025175327,-43.56291480201749
XSJ1,15,-23.37091175266812,-46.023349085361495
DCE3,15,-3.9626642749417393,-38.540176008382524
XSP9,15,-22.66599803755284,-47.67110365671492
DBS5,15,-15.753989860924529,-47.95320324333854
XGA2,15,-16.07365281435255,-48.51028898436673
XCP1,14,-22.780558042398006,-47.11946579871173
DPR2,14,-25.57854124486321,-49.17345189545852
DPR2,14,-25.566745132056436,-49.19436505605055
XGA2,14,-16.34285301286804,-48.87605156739324
DCE3,14,-4.131753665057247,-38.50089139481364
DSP5,14,-22.784697853054965,-47.03409986128987
DCE3,14,-3.928751766567088,-38.39369886617031
DPR2,14,-25.52158585691952,-49.086205211601076
DPR2,14,-25.469413138474987,-49.40407253961982
DSP5,14,-23.25445721100076,-47.36885785906743
XGA2,14,-16.259415422528605,-48.93658532590856
XSP9,14,-22.671236824996736,-47.7779003468022
DPB3,14,-7.190420228233116,-34.918276998504
DCE3,14,-3.7200899498349886,-38.66180525264603
DSA8,14,-12.871349471912037,-38.481228988876445
XSP7,14,-23.173947200332556,-46.810389324524444
DSA8,14,-12.71905756916441,-38.28900457301544
XSP7,14,-23.06565744798615,-47.042488877952394
DMG2,17,-19.859208506174095,-43.87408475481828
XRJ2,14,-22.906483264353348,-43.00228530387575
XRJ2,14,-22.84969017249131,-43.10852428999222
XPB1,14,-7.305948004989079,-35.79084468095333
DPE4,14,-8.180623273576975,-34.94835257166879
DCE3,14,-3.8768495254404973,-38.643233754869755
XSP7,14,-23.159569491195374,-47.109457195581065
XPB1,14,-7.269487980900657,-35.894398886995354
DCE3,14,-3.912634733329415,-38.66461890555275
DRS5,14,-30.0271227287592,-51.129777035879606
XGA2,14,-16.267670790506113,-48.99989076793321
DPR2,14,-25.429137335077474,-49.0617189028848
DGO2,14,-16.85138752922271,-49.22801739770166
DSP2,14,-23.303364935365195,-46.578688354496414
DSP5,14,-23.133808694706318,-47.194203399271125
DBR9,14,-23.47877969203401,-46.969285910384066
DPR2,14,-25.308174835289467,-49.313303831033764
DPE4,14,-7.8589194690431174,-34.84167695244933
DPE4,14,-7.918498291114174,-34.862955826731444
XCS1,14,-29.221673528863402,-51.28887279113643
XRJ4,14,-22.370486428056445,-43.097203975023476
XRJ4,14,-22.32577587112462,-43.13914542248238
DBR9,14,-23.508436042715683,-46.79890320380528
DES2,14,-20.257912928367386,-40.36976865796203
DBH5,14,-20.02892219188467,-43.81393898114644
XSP9,14,-22.376487088425407,-47.5982560763404
XSJ1,14,-23.1057903722002,-45.908606714435706
XSJ1,14,-23.142583406596653,-45.80240002373267
DGO2,14,-16.805748563537662,-49.22660111466034
DCE3,14,-3.8787478595560922,-38.51810743720277
DPR2,14,-25.52786944860922,-49.15038965632226
DBH5,19,-19.926416110927214,-43.87569983457825
DRJ3,13,-22.8465908299034,-43.23753413084735
XSJ1,13,-23.144321135781716,-45.759544491611585
DRJ3,13,-23.019131088250298,-43.284701830084344
DGO2,13,-16.60238408272577,-49.17828038350867
DBS5,13,-15.612494826790073,-47.75936173082153
DRS5,13,-29.712919947882124,-51.15970216320456
DPE4,13,-8.16866787960679,-34.968979537568025
DPR2,13,-25.457987156950583,-49.57398359275512
DPE4,13,-8.025838639993317,-34.84323302427941
DSP2,13,-23.31510756727017,-46.55761263112951
DGO2,13,-16.56477543007084,-49.24013958986886
DSP5,13,-23.354470312548564,-47.307782208376665
DSP5,13,-22.86917673956458,-47.079371659506336
XSP7,13,-23.149838672508324,-47.087780809393294
XGA2,13,-16.3031305224,-48.97995715291122
DRS5,13,-29.813744059087636,-51.121174926271316
DRS5,13,-29.841785006891318,-51.25004052564024
XSP7,13,-23.269345912104065,-47.069983025196855
DSP2,13,-23.248538452873774,-46.59849925405283
DSP5,13,-23.039913452231012,-47.127242274546255
DPB3,13,-7.14311493723123,-34.793621992160446
DPR2,13,-25.32905533687782,-49.31402409371802
DCE3,13,-3.8287134931861466,-38.64253168987131
XSP9,13,-22.756994771240418,-47.588556145116364
DSP5,13,-23.321146286418916,-47.32814422041015
XSP9,13,-22.67793299519819,-47.65013875928254
XRJ2,13,-22.93653542337726,-43.11058435260994
DSP5,13,-22.940207903707883,-46.953208189482616
DCE3,13,-3.9053105565896202,-38.35166443050461
DGO2,13,-16.83211699787847,-49.37447262993464
DPR2,13,-25.456306341445345,-49.12661443878566
DBR9,12,-23.628959277867363,-46.97379247151648
DRS5,12,-29.650122451795998,-51.09331285610908
DRJ3,12,-22.81241410670139,-43.3012519762914
DES2,12,-20.16920255671629,-40.282475099620356
DRS5,12,-29.709325173264837,-51.202127213021726
XSP7,12,-23.042489477157872,-46.849293348334356
DCE3,12,-3.8540510758916593,-38.559464437645254
DRJ3,12,-22.971419241162813,-43.455680680192295
XRJ4,12,-22.433939033040986,-43.18469930023872
DGO2,12,-16.552235049918142,-49.26075412882335
DPR2,12,-25.26639633568065,-49.31186344730765
DRS5,12,-30.13957896608597,-51.17693519818381
XSP7,12,-23.23453750997388,-46.897788228507046
DSP5,12,-22.996742175455722,-47.12594576438426
XRJ2,12,-22.89612027722547,-42.980523761288815
DPE4,12,-7.811026396751237,-34.92412365395237
XRJ2,12,-22.981935822393744,-43.02558384402922
DSP5,12,-23.03781432581911,-47.16993310721581
XCS1,12,-29.098499673116184,-51.11387423219128
XSJ1,12,-23.248745760149728,-45.84828493721115
DSP2,12,-23.436359927493463,-46.49688632316673
XCP1,12,-22.75472745656244,-47.2041581569448
XCP1,12,-22.821749759784513,-47.163438534875375
XSP7,12,-23.022910508690067,-46.805923066861666
DBS5,12,-15.64243096137141,-47.8656548580433
DBR9,12,-23.45775725393491,-46.73315569451621
DPR2,12,-25.5824897606243,-49.429301008830045
DCE3,12,-3.816998614113138,-38.621501360709
XBA1,12,-12.361482822505495,-38.87475515905515
DRS5,12,-29.864097135143762,-51.101903151171875
DRS5,12,-30.038600395478426,-51.10893614171559
XSP9,12,-22.692881437621292,-47.77856916603539
DSP5,12,-23.323299060746496,-47.285455470481956
DPR2,12,-25.67132631368145,-49.347175940327304
DRS5,12,-30.115993330406642,-51.11206323570437
DMG2,23,-20.070082548700817,-43.943383801553765
DPR2,12,-25.68312840335495,-49.32627578761861
DCE3,12,-3.9496872774327203,-38.60257044613075
DBS5,12,-15.772167242971667,-47.806123046243236
DPR2,12,-25.340160533374643,-49.14395293454143
DSP2,12,-23.379487706777052,-46.32378258216217
DPR2,12,-25.438198747881977,-49.08335205432629
DPR2,12,-25.48619735904455,-49.14895894493799
DPR2,11,-25.381914592523664,-49.145382988444446
DCE3,11,-3.723282078741249,-38.453316590714614
DRS5,11,-29.818071196470697,-51.1852254453369
XSP7,11,-23.103164987958824,-46.93666802900462
DES2,11,-20.158803328202673,-40.175258512607975
DSP2,11,-23.397249373156775,-46.645701233472224
DCE3,11,-4.09534375897427,-38.521229559795536
DSA8,11,-12.682508165036847,-38.520649842118125
DSP5,11,-23.244779808974616,-47.347191491586685
DSP5,11,-22.84187956808361,-46.97166803222705
DCE3,11,-3.8689079427861057,-38.37199714036708
DCE3,11,-4.071276738675587,-38.520882563781576
DPR2,11,-25.42773347344908,-49.402626108043385
DPR2,11,-25.58197516398861,-49.28014937738131
XSP7,11,-23.067723847021362,-46.99977946178185
XRJ4,11,-22.392325126873775,-43.09771816688764
DPE4,11,-8.168593225818356,-35.01046498739524
XCP1,11,-22.856531627298526,-47.33539779915261
DRS5,11,-29.830263139128924,-51.27085539519513
DRS5,11,-29.988383354884547,-51.12821255873997
DBS5,11,-15.63930682923659,-47.675754530793974
DES2,11,-20.380509663447537,-40.39348750367459
DES2,11,-20.280245478810258,-40.37018796900547
XRJ4,11,-22.500419375428287,-43.1432710187079
DPE4,11,-7.977903989268144,-34.967166189326925
DPR2,11,-25.53689979851237,-49.172019619567706
XSP9,11,-22.503520668940933,-47.4527933725646
XSJ1,11,-23.294610512868697,-46.04262509382052
DES2,11,-20.66903043058562,-40.52749262725248
DES2,11,-20.313210584747825,-40.435048461666575
XSJ1,11,-23.1687962583776,-45.95327523109945
XSJ1,11,-23.32154659742384,-45.91469564362064
XCP1,11,-22.73096906721361,-47.2461676150074
DBS5,11,-15.686693300872474,-47.90909589606771
DSP5,11,-23.000902600462652,-47.04055230705791
DRS5,11,-29.86119805707738,-51.250826231081845
DGO2,11,-16.751125656557726,-49.39294107325795
DPE4,11,-8.192507931463831,-34.96920627546896
DGO2,11,-16.762315225031283,-49.18322624373699
DCE3,10,-3.853417273187216,-38.60117180523107
DRS5,10,-29.89142454485112,-51.12430225502069
XSP7,10,-23.134490470295596,-46.958993086028514
DSP5,10,-22.79448999785069,-47.05576635298028
XSP7,10,-23.128282194656993,-47.08713369353812
DGO2,10,-16.58541775947331,-49.282785161258694
DRS5,10,-30.186058046276088,-51.20012457943845
XSP9,10,-22.740636606658203,-47.694730796598634
DPR2,10,-25.31096749853536,-49.27079950291004
DPE4,10,-7.906531070754964,-34.88356905312157
DBS5,10,-15.777049137968483,-47.953870599651296
XPB1,10,-7.257164301514699,-35.95664966131489
DCE3,10,-4.1564359501970705,-38.45952165195676
DCE3,10,-3.95281437656243,-38.39404146133686
DPR2,10,-25.33463154015425,-49.22900466724884
XRJ4,10,-22.337211152994694,-43.11791814596078
XBA1,10,-12.265981740728307,-38.99999480083826
XSP7,10,-23.138572817573863,-46.87353793489465
DSA8,10,-12.658918126252242,-38.52029866371597
DRS5,10,-30.030712362111792,-51.087311047018446
DRS5,10,-29.87697231631406,-51.29402801226837
XGA2,10,-16.507108159767867,-49.0282372232481
DPR2,10,-25.47084976083399,-49.06314400912598
DRS5,10,-29.70139228471985,-51.18052427197873
DSP2,10,-23.410956609211993,-46.58184282755284
DGO2,10,-16.649500402195198,-49.36877267496177
XSJ1,10,-23.209089129664246,-45.761356151726524
DBH5,10,-20.014761727369752,-43.92063975925234
DPR2,10,-25.44093355963029,-49.04079629347707
XRJ4,10,-22.250781721765012,-43.072893736092325
DBS5,10,-15.62683353096935,-47.696494396496455
DSP2,10,-23.373763764914212,-46.45220447793465
DRJ3,10,-22.95192431878785,-43.369149597464
DSP5,10,-23.13591812318561,-47.15150928928828
DGO2,10,-16.632441228314285,-49.473193007998724
DBS5,10,-15.948910471796859,-47.97993510146575
DBS5,10,-15.982482073658437,-48.00199499470871
DBS5,10,-16.049586713071015,-48.04611609064419
DPB3,10,-7.15451682358718,-34.93864778966674
DBH5,12,-19.93701672790648,-43.89735980270531
XGA2,10,-16.404628058129735,-49.235182892702014
XCS1,10,-29.13780887502116,-51.11543537680166
XRJ4,9,-22.36946898819763,-43.14017661088943
DRJ3,9,-23.002266605901106,-43.520975113972334
DSA8,9,-12.813350260045027,-38.29037763975541
DRS5,9,-29.740310414280014,-51.1820911263686
DCE3,9,-4.108304392705548,-38.45883182897265
XSP9,9,-22.74946856419615,-47.524302230479215
XGA2,9,-16.086162830646355,-48.48961164012908
DPR2,9,-25.537538847259643,-49.32122931839054
XBA1,9,-12.219634044146176,-38.87257628013321
XSP7,9,-23.25753844593751,-47.09101703446962
DSP5,9,-23.03358238384903,-47.25529724363464
DES2,9,-20.369180636867142,-40.41468975030453
DSP2,9,-23.39527923444829,-46.45283123841773
DRS5,9,-29.99986604679313,-51.10737289949729
DBR9,9,-23.447594818974796,-46.94694877803752
XGA2,9,-16.096634501154192,-48.51097412216645
DCE3,9,-3.892346644464499,-38.41403200468672
DSA8,9,-12.813536788108784,-38.248171364407696
DRS5,9,-29.798640439133116,-51.184441789309595
XSP7,9,-23.16215946407894,-46.831440909710736
DGO2,9,-16.580953456677015,-49.36663595176177
DGO2,9,-16.57287534435804,-49.30339572577285
DRS5,9,-30.12745672232531,-51.091216697830994
DPR2,9,-25.555534509828398,-49.36446214831599
XBA1,9,-12.183365031044465,-38.97759390528778
XSP7,9,-23.140597019740927,-46.830802074755894
DPE4,9,-8.132614790542577,-35.113862857828636
XSJ1,9,-23.264981372710977,-45.97744422610883
DPR2,9,-25.518834010346218,-49.128758369945025
DSP2,9,-23.42251828564848,-46.32502777367197
XSJ1,9,-23.11570421318634,-45.9303310006155
DGO2,9,-16.71885050388631,-49.13984891075615
DPR2,9,-25.304690293414268,-49.206669343320996
DBS5,9,-15.881728858028184,-47.93581665706428
DSP5,9,-23.16294571995134,-47.25921254116916
DSA8,9,-12.9661980633016,-38.35594070186451
DPR2,9,-25.68594490707433,-49.28374760660076
DBS5,9,-15.861506326079034,-48.12493926774108
DBS5,9,-15.770277825670732,-47.84824934057846
DCE3,9,-3.9151596976608114,-38.49777534836918
DRS5,9,-29.681127175217064,-51.073261207177175
DES2,9,-20.035626187632868,-40.19438677574439
DPE4,9,-8.299802744423173,-34.94948287690171
DGO2,9,-16.67008980551658,-49.411403570203035
XPB1,9,-7.257877662326697,-35.83190417040103
DSP5,8,-23.061490870437396,-47.12789059428253
DES2,8,-20.6584535941882,-40.463009303016996
XSP9,8,-22.491589805641276,-47.47376977613247
DRS5,8,-29.95751481718078,-51.148266262729564
XRJ4,8,-22.421460755677323,-43.24890043371499
XCS1,8,-29.210065536979126,-51.30965963812502
XRJ4,8,-22.541954292811393,-43.230267194283776
XSP9,8,-22.467717535729644,-47.515715955658905
XCP1,8,-22.69530455735977,-47.30916565784635
XRJ4,8,-22.412111471165286,-43.18418212866032
XSP7,8,-23.016837084835828,-46.93409955297201
XCS1,8,-29.11714066271219,-51.008244196216225
DSP5,8,-22.765099593776217,-46.990764724479334
DPR2,8,-25.534719706147683,-49.3637400419522
DPR2,8,-25.590333559929146,-49.15253607578044
DSA8,8,-12.778453518569226,-38.18435999591837
DCE3,8,-4.009543506438771,-38.62430441532544
DCE3,8,-3.889834465081025,-38.58084105800681
DSA8,8,-12.742634918180148,-38.28934780456337
DPR2,8,-25.507036336671433,-49.149674277140946
DSP2,8,-23.412707302759234,-46.30330743214679
DSP2,8,-23.408989479356975,-46.624627431106624
DPE4,8,-8.275767112426736,-35.073743374694914
XSP7,8,-23.195018881781195,-47.04636317959645
XCS1,8,-29.21444760881729,-51.373577884358646
DBS5,8,-15.743413542833142,-47.93181596886488
DBR9,8,-23.57079502477123,-46.84358686832379
XPB1,8,-7.209305732143704,-35.95612878234905
DPR2,8,-25.64996666070685,-49.19723273635604
DGO2,8,-16.637774281141446,-49.158361258351334
XRJ4,8,-22.423541974313203,-43.16295342463844
DSP5,8,-23.270597202817193,-47.26247648152653
DCE3,8,-4.192228414441298,-38.48089773106233
DCE3,8,-3.744798529620452,-38.62045060453819
XBA1,8,-12.302237835771335,-38.894961613952766
DSA8,8,-12.647004180890145,-38.541233135973165
DSP5,8,-23.275971059589946,-47.36951418453523
XCP1,8,-22.882409261321264,-47.25073136827778
DCE3,8,-3.9385978432378055,-38.539828430918185
DRJ3,8,-22.95513076854236,-43.24013114461288
XSJ1,8,-23.215506577812494,-45.868801137297126
XCP1,8,-22.786141499751885,-47.2264663436065
DGO2,8,-16.773947817301796,-49.39365425720935
DPR2,8,-25.442889546061622,-49.48831888997805
XPB1,8,-7.233235472860193,-35.956389212989365
DRS5,8,-29.70060209442276,-51.074041322839086
DGO2,8,-16.766734228331206,-49.09928529266497
XPB1,8,-7.185124239546124,-35.99745860800854
DSP4,8,-23.767972409788893,-46.528038983681434
XRJ4,7,-22.34864236142773,-43.096689818171285
DPR2,7,-25.299129866545876,-49.29169290213372
DPR2,7,-25.35896272264658,-49.336355336095245
DRS5,7,-30.011344546609614,-51.08653006915372
DPR2,7,-25.50250945189984,-49.53297292004895
DPR2,7,-25.490662972178026,-49.55384391408423
DSA8,7,-12.79014977151126,-38.20562870689222
DMG2,11,-20.059503017903523,-43.921719815514315
DGO2,7,-16.6883938325658,-49.49593274421012
DGO2,7,-16.66282987242326,-49.1171024372457
XSP7,7,-23.187734661260848,-46.74658619233585
DRS5,7,-29.63501819663891,-51.15657152760349
DPR2,7,-25.530627889574404,-49.10783981523916
DPR2,7,-25.539664835104947,-49.12947310755037
DPR2,7,-25.461790414114358,-49.041508180373505
DPR2,7,-25.445738789380453,-49.445838248307865
XSP9,7,-22.659287143547267,-47.79885357994351
DSP5,7,-22.83208170195895,-46.94999585529895
XCS1,7,-29.220826029836967,-51.18254203091652
DGO2,7,-16.562557153874103,-49.28207558840579
DES2,7,-20.136142023848343,-40.21764649141911
XGA2,7,-16.394280861337386,-49.21386281519309
DBR9,7,-23.656567697884615,-46.84614587346619
XSP7,7,-23.197091330543202,-47.003645492492815
DRS5,7,-29.92232164103966,-51.104247024426535
DBS5,7,-15.971936990965194,-47.98060349068221
DGO2,7,-16.657542342665113,-49.43200269915225
DRS5,7,-29.99197041975842,-51.085749142044016
DGO2,7,-16.673156239834032,-49.13843834894712
XPB1,7,-7.305491281596967,-35.87399482836149
DSP5,7,-23.22541079450354,-47.30385633397907
DBR9,7,-23.59367750007814,-47.03694779509427
DSP2,7,-23.48128553865769,-46.45533869940781
DSP5,7,-23.1489608009453,-47.3229051044722
XRJ2,7,-22.96317186254257,-42.89602077898481
XSP7,7,-23.112925467979665,-46.95835014856229
DGO2,7,-16.799882077975415,-49.12133065055243
DBS5,7,-15.773206052825579,-48.03807265479388
DSP2,7,-23.385483577647257,-46.43111697806207
DSP5,7,-23.14564133928095,-47.173182012468175
XCS1,7,-29.129753233738107,-51.093845417553155
DBR9,7,-23.607521793251777,-46.973148548389126
XCS1,7,-29.052065973802108,-51.1970775427313
XCS1,7,-29.20205872327827,-51.288086823718686
XCS1,7,-29.09139466431549,-51.19864360551851
DPR2,7,-25.57297028098042,-49.258526120399196
XRJ4,7,-22.44639072956216,-43.12049283085105
DPE4,7,-8.085093581383287,-35.03040947953915
DES2,7,-20.71351049430615,-40.5283426974538
DSP2,7,-23.342478006078636,-46.66550564691729
DBH5,7,-20.103016157342378,-43.96558950265566
DES2,7,-20.724440585709356,-40.54998185468861
XSP9,7,-22.78611950610835,-47.6534629174725
XSJ1,6,-23.327836357395576,-46.022123744502196
XSP7,6,-23.164173305889747,-46.78869820458726
XSJ1,6,-23.154251630422923,-45.78127506644888
DBR9,6,-23.64621589383478,-47.05993542552787
DGO2,6,-16.83437354271871,-49.33253704715817
DES2,6,-20.235913688701377,-40.32653574256425
DSP2,6,-23.23874347282872,-46.57679617620768
XCS1,6,-29.01271235323225,-51.195511682921314
XRJ2,6,-22.916841913063912,-43.024047284098046
DBS5,6,-15.945036221203198,-48.064150413945164
XSP9,6,-22.72243138519353,-47.41674779633542
DPR2,6,-25.32834087598549,-49.16486106059479
DSP5,6,-23.022493030040327,-47.041197787742796
XSJ1,6,-23.29999585724639,-45.91408656687495
DPR2,6,-25.23364876711471,-49.332030072683175
XPB1,6,-7.294100552715457,-35.76993416670992
DCE3,6,-3.7090202061356954,-38.59907455025747
XSP7,6,-23.28938735024647,-46.87802035545468
DBR9,6,-23.414333476325705,-46.96735517025542
XPB1,6,-7.185622151739642,-35.914284454091984
XSP7,6,-23.122681252505167,-46.980031568999955
DBR9,6,-23.422503436139632,-46.79635093310901
DBR9,6,-23.700815598486738,-47.040178091407476
XBA1,6,-12.290570316499,-38.87366560828845
DCE3,6,-3.8442217992809673,-38.41334553279771
DRS5,6,-30.080895801362406,-51.06802530353384
XSP7,6,-23.148337651864306,-46.89522425160919
DRS5,6,-29.888490868730358,-51.27321450800631
DPR2,6,-25.51389903672015,-49.363017982921356
XSP7,6,-23.226287046158237,-47.068689740477424
DPR2,6,-25.448576232137405,-49.40334930013969
XCS1,6,-29.157454113544258,-51.11621602506543
DPB3,6,-7.166379020573571,-34.95947045013801
DGO2,6,-16.578709283335375,-49.408549368505696
XSP9,6,-22.419930968626847,-47.59958165677969
DSP2,6,-23.387397735406566,-46.388311462863506
XSP7,6,-23.105204682815703,-46.89394251934014
XCS1,6,-29.20476467609391,-51.13936754967582
DES2,6,-20.20256456904568,-40.304504052673536
DGO2,6,-16.611857916819233,-49.43057426678153
DBH5,6,-20.051293823957543,-43.814475428595614
XSP9,5,-22.386254243599563,-47.61987902736632
XSP9,5,-22.783892634375626,-47.69606331179693
DPR2,5,-25.25734419849214,-49.290253889726515
DPR2,5,-25.420070847221822,-49.04008445336886
DGO2,5,-16.622151541007078,-49.45188432144684
DGO2,5,-16.640453115684473,-49.536393330108154
DPR2,5,-25.575761712232065,-49.21599304259331
XSP7,5,-23.130821347441792,-46.80911303826553
XSP7,5,-23.15238702666505,-46.809751160126794
DSP2,5,-23.412912268641985,-46.53905303011563
DPR2,5,-25.581308869082353,-49.13090272361581
XSP7,5,-23.12880329011907,-46.85185094308888
XSP9,5,-22.737554825904635,-47.54528057138451
XSP7,5,-23.077479985180744,-47.02145733310659
XSP7,5,-23.165799257844785,-46.98131890943809
XSP7,5,-23.132432338821072,-47.001712284142315
XSP7,5,-23.142178724220443,-47.023392287815355
DRJ3,5,-22.85953582935658,-43.58202322251737
XSP7,5,-23.14774564792073,-47.13048430435939
DPR2,5,-25.602780873039894,-49.28086892879938
DPR2,5,-25.439569540927263,-49.38174045350241
DRS5,5,-29.63859479020934,-51.114141406185944
XCP1,5,-22.735171389237717,-47.16084191412042
DPB3,5,-7.214452569275018,-34.87708807917941
DPB3,5,-7.226609522242149,-34.81509215188808
DRS5,5,-30.08446904372152,-51.02554089394141
DSP4,5,-23.785440589504574,-46.61429691007215
XPB1,5,-7.19746407314774,-35.935205465028105
XRJ4,5,-22.444331806964367,-43.20644556025697
XRJ2,5,-22.884771523133832,-43.001773934013706
DRS5,5,-30.17458874256062,-51.22095889823489
DPE4,5,-8.335522024916186,-34.970567026769444
DRS5,5,-30.003447238576708,-51.06490376361853
DBR9,5,-23.624785969812805,-47.05928869775599
DBR9,5,-23.677298534886766,-47.08227781951656
DBR9,5,-23.712568448795686,-47.019125068293896
XSJ1,5,-23.22892670280864,-45.80482128467543
DRJ3,5,-22.857974792361492,-43.21629267016464
DBR9,5,-23.642776427686297,-46.90997645547079
DBR9,5,-23.650391171612416,-46.97443643754812
XSP7,5,-23.31999087256241,-47.13567379480552
DBR9,5,-23.434258491341975,-46.77528788556335
DBR9,5,-23.59783636135674,-46.95145005256192
DRJ3,5,-22.898214472274518,-43.34633978697561
DCE3,5,-3.8663999574016708,-38.53878583900772
XCP1,5,-22.7916514490552,-47.3334335533112
DSP5,5,-23.143525753677295,-47.215873887481486
DGO2,5,-16.965414328450596,-49.23155890780216
DCE3,5,-3.8682840945766808,-38.41368875717855
DES2,5,-20.091716803461658,-40.17402109309243
DSP5,5,-23.407106399824336,-47.33076482244949
DSP5,5,-23.373799779298967,-47.35112585552636
DSA8,5,-13.024568611363131,-38.4623851132613
DBH5,5,-20.035927354000588,-43.96396496078677
DCE3,5,-4.084238864300928,-38.458486952348174
DMG2,8,-20.10422484251391,-43.922800017727866
DCE3,5,-3.9743840421118914,-38.56120569895662
DSP5,5,-23.04754916425968,-47.191601526553214
DRS5,5,-29.940937535113026,-50.99845718141247
DES2,5,-20.53654626280549,-40.39642956907243
DRS5,5,-29.872013872369784,-51.1235203466618
DSA8,5,-12.801844196608675,-38.226899164938125
DSP5,5,-23.071228587240444,-47.14956194363147
XCS1,5,-29.07173343615795,-51.19786054875042
XCS1,5,-29.08334550628762,-51.17706386741734
DPB3,5,-7.1423289880020615,-35.00066839223631
DBS5,5,-15.83264207354011,-47.74457361540576
DBS5,5,-15.749100765745332,-47.80546035224347
DBS5,5,-15.924841897844923,-47.74721728436844
XCS1,5,-29.213665096549665,-51.267297384583024
DBH5,4,-20.125369345408526,-43.96613108977356
DPR2,4,-25.28379771677841,-49.20595246509318
DPR2,4,-25.325577035417876,-49.207386268589545
DPR2,4,-25.69432281618447,-49.15611438152248
XSP9,4,-22.65848835031351,-47.60687548683112
XSP9,4,-22.51759399960285,-47.389194756610664
XSP7,4,-23.2463250755642,-46.87673945052131
XSP7,4,-23.053831231070156,-47.0635183222048
DSP4,4,-23.666631077713003,-46.63221915355133
DPR2,4,-25.41872318424814,-49.38101794609062
DPR2,4,-25.590974948649695,-49.301771275005855
DSP2,4,-23.38748314924348,-46.623995062137375
DSP4,4,-23.676355125976418,-46.65393463329189
DBR9,4,-23.62543204721736,-46.82380061003601
DPR2,4,-25.652744771087622,-49.15468291820245
XSP7,4,-23.08362995232472,-46.89330171723623
XSP7,4,-23.0640761674629,-46.84993268312063
XSP7,4,-23.095433369666168,-46.8722576272405
DBR9,4,-23.644829028694943,-46.86721083814703
DPR2,4,-25.61114317879125,-49.15325164291925
DES2,4,-20.74667081537421,-40.550407687414754
DPR2,4,-25.60895921638155,-49.34501096806605
DSP2,4,-23.391191587891974,-46.30268553490116
DGO2,4,-16.570644118705914,-49.345320482310655
DBR9,4,-23.655877499216,-47.08163033733503
XRJ4,4,-22.34762511131497,-43.13966099913588
XRJ4,4,-22.403747071025677,-43.076487373099546
DRJ3,4,-22.8661854474511,-43.324055677213074
DES2,4,-20.459062799159543,-40.330715076961916
XSJ1,4,-23.250498717853933,-45.80542670150238
DBR9,4,-23.498175637208575,-47.012672238376965
DRJ3,4,-22.878640367013162,-43.25981462509757
DPR2,4,-25.24549834390523,-49.31114332625696
DGO2,4,-16.50649621147639,-49.25933645621779
DPR2,4,-25.43104155043195,-49.50919283000943
DBR9,4,-23.48848003766392,-46.990979428994066
DPR2,4,-25.433896008859136,-49.46671701771496
DPR2,4,-25.463723744464403,-49.4890447703278
DBS5,4,-16.051530819567777,-48.004002475728335
DRS5,4,-30.146786641589017,-51.09199798032388
DSP2,4,-23.3327067900882,-46.643802232793504
DPB3,4,-7.226465401801489,-34.856495332202094
DSP2,4,-23.322930871133156,-46.622098208546355
XGA2,4,-16.41769313663585,-48.98345746674647
XGA2,4,-16.27194687338759,-48.91594544264173
DGO2,4,-16.841094335553368,-49.20668264262606
XGA2,4,-16.440062629101238,-49.21527744905975
DRS5,4,-30.069429053670678,-51.088873155031735
DRS5,4,-30.042184148163773,-51.06646443211397
DRS5,4,-30.077309493584742,-51.110499587105515
DBS5,4,-15.955574506639238,-48.08553594577266
DBS5,4,-15.94308723909386,-48.10624812665377
DRS5,4,-30.050073864913703,-51.088092075642905
DRS5,4,-30.022818849745715,-51.06568407250302
DPE4,4,-7.930006056936262,-35.049662596284506
XRJ4,4,-22.293501763495982,-43.11688851739689
DPE4,4,-8.14409420706172,-35.30082696390378
XRJ2,4,-22.939532969408543,-42.981545111348865
XRJ2,4,-22.90746485066166,-42.959272572992276
DPE4,4,-8.132109655910515,-35.321477266998144
DGO2,4,-16.539692598542917,-49.28136606145222
DBR9,4,-23.518157981968827,-46.82060574317785
DPE4,4,-8.180551784497153,-34.989835072364265
DBR9,4,-23.443994930607026,-46.79698893695071
DRJ3,4,-22.83729180929447,-43.17277221848304
XRJ4,4,-22.422507037806536,-43.20592764405525
DPE4,4,-7.858736268054954,-34.92457382469564
DRS5,4,-29.72878357853344,-51.202911281125964
XCS1,4,-29.111049656599263,-51.19942671304019
DMG2,5,-20.205378957762104,-43.9038322073454
DRS5,4,-29.93381018472374,-51.08340666519869
DRS5,4,-29.89500516302931,-51.08184526765835
XBA1,4,-12.337847973888445,-38.874391950727485
XCP1,4,-22.742850060366067,-47.22516395871722
DRS5,4,-29.96179362168538,-51.212324067896674
DCE3,4,-3.999076806735388,-38.519841716018554
DCE3,4,-3.950944544497581,-38.51914793438553
DRS5,4,-29.91441082612278,-51.082625941062645
DBS5,4,-15.73662353062932,-47.82619197208788
XCP1,4,-22.774264864105792,-47.247471328056676
DSP5,4,-22.98906969206227,-47.06157974980708
DSP5,4,-23.01066234970433,-47.062225897622824
DSP2,4,-23.305316082744902,-46.53590551189618
DSA8,4,-12.754883081174938,-38.18402037008111
DMG2,5,-20.026548655939518,-43.89951668782752
DCE3,4,-4.144095332654943,-38.48020641727189
DSP5,4,-22.963855647925048,-46.911137028816434
DSP5,4,-22.739329289444086,-47.075492964623315
DSA8,4,-12.836107122484895,-38.45959105352117
DCE3,4,-4.096579779905083,-38.43780450124677
DSA8,4,-12.91825537501039,-38.524162943911165
DSP5,4,-23.27813302507984,-47.32683418045803
DSP5,4,-23.18019528761524,-47.34522489735935
DSP5,4,-23.34479845415259,-47.2861091836247
DSP5,4,-23.018330552554865,-47.126593997914874
DES2,4,-20.046662242196216,-40.215990854989485
DGO2,4,-16.810191058025804,-49.1426705827352
DGO2,4,-16.764528793197492,-49.1412596553409
DGO2,4,-16.705469340404026,-49.39151484365208
DPR2,4,-25.497997317786137,-49.12804367928539
DBH5,4,-20.058295156413063,-43.96450643816588
XSP9,3,-22.47203789492239,-47.43049973908111
DPR2,3,-25.53337442730265,-49.06528201972283
DRS5,3,-29.927277871563287,-51.27478750489896
DRS5,3,-29.73596283731817,-51.11804840984453
DSP2,3,-23.375683225618346,-46.40940216814823
DSP4,3,-23.810788374405696,-46.529298281483364
XSP7,3,-23.08565736908094,-46.85057206050575
DPR2,3,-25.65054316313934,-49.34645423558542
XSP7,3,-23.11700584280655,-46.87289775974335
XSP9,3,-22.683183002873648,-47.75694482751504
DPR2,3,-25.62692307115091,-49.388245151370754
DPR2,3,-25.6297541297101,-49.345732578166476
DES2,3,-20.54750987659369,-40.41805802440128
DRS5,3,-29.822365662284895,-51.2492548711618
XCS1,3,-29.27686974223183,-51.33359255245094
DRS5,3,-29.80581592683198,-51.09955973467614
DPB3,3,-7.202437509685001,-34.8976819696888
XCS1,3,-29.228848563999065,-51.20412642425571
DRS5,3,-30.08877792704473,-51.089654285189575
DSP4,3,-23.7796566738819,-46.5069438378348
XCP1,3,-22.91588530929947,-47.23037453642391
DSP5,3,-23.155359841519463,-47.19485397553961
XGA2,3,-16.407316605967043,-48.9621181043145
XGA2,3,-16.336434860033645,-49.0019925611924
DRS5,3,-30.073008193609542,-51.04639444695416
XGA2,3,-16.5196341057138,-49.007599342042454
DBS5,3,-15.752073781500421,-47.995306232167486
DRS5,3,-29.995544453036228,-51.0432755845247
DRS5,3,-29.96110645834073,-51.105809860413366
DRS5,3,-29.953203237447543,-51.08418744007117
DBS5,3,-15.917245054278201,-47.915756867605225
DRS5,3,-30.01491985872656,-51.04405522408768
DSA8,3,-12.859674724444343,-38.45994022758594
DMG2,5,-20.03713480325915,-43.92117976914118
DSP5,3,-22.786751044999825,-46.99140835583712
DSP5,3,-22.788793085501624,-46.948711220918234
DSP5,3,-22.80839706143607,-46.99205203001685
DBS5,3,-15.884540600912347,-48.12561213004338
DRS5,3,-30.197523145216934,-51.17928706554868
XSP7,3,-23.19293511701281,-47.08907517025133
DSP4,3,-23.721196685112464,-46.612399798102224
DES2,3,-20.636204192530492,-40.462586544037485
DSP4,3,-23.635459613319455,-46.60987090689285
DRJ3,3,-22.91323106855956,-43.604846998711004
XSP7,3,-23.18528371553066,-47.02468247225879
DES2,3,-20.102749860984947,-40.19562620048136
DRS5,3,-30.163115238647165,-51.241790017164455
DPE4,3,-7.965739981428205,-35.07074978424657
DPE4,3,-7.9658385864677825,-35.02926556444243
DRS5,3,-30.057958101525536,-51.109717839011765
DSA8,3,-12.766014068141711,-38.33189838384693
DCE3,3,-4.120644861236795,-38.43814867905076
DCE3,3,-4.05955391891101,-38.49985250268629
DSP5,3,-22.887180941101807,-46.93024812127357
DBR9,3,-23.404618579411306,-46.945663085133916
DRJ3,3,-22.86981932612065,-43.60378350025564
XSP7,3,-23.10879991737834,-47.04378013997588
DGO2,3,-16.625243323314276,-49.178986797717286
DSP5,3,-23.41892536428335,-47.309745732448846
DSP5,3,-23.29964241952949,-47.32748917868194
DSP5,3,-23.223257147161497,-47.3465359166508
DPE4,3,-7.90614879362492,-35.049433168236526
XRJ4,3,-22.401711623108625,-43.16243699780612
XRJ4,3,-22.324747504471485,-43.182113794331876
DMG2,5,-20.09244325701568,-43.94392461832338
XSP7,3,-23.267252929423872,-47.11269697052679
DBR9,3,-23.512017479898898,-46.94887763862835
DSP4,3,-23.71721302093467,-46.69799881204775
DBR9,3,-23.55904708542072,-46.864649148784416
XSP7,3,-23.22274621490436,-46.91883494221524
DRJ3,3,-22.9611279974018,-43.4339164742237
DCE3,3,-3.962036156836832,-38.5818879797078
DSP5,3,-22.753247393547586,-47.01178835107035
DSP5,3,-22.873302460673898,-46.99398330952879
DSP5,3,-22.983420162423815,-46.954493422535094
DSA8,3,-12.742438422948208,-38.331553672758034
DCE3,3,-3.9861038402545907,-38.5822370006275
DSP2,3,-23.293574924088492,-46.55698253710342
DGO2,3,-16.818273944876694,-49.20597514723641
DPE4,3,-8.037206158559126,-35.11293612294258
DMG2,5,-20.015958533463863,-43.87785378356845
DRS5,3,-29.94171720260971,-51.10502841703514
DRS5,3,-29.658851090641264,-51.22137434846674
XCP1,3,-22.795904619815904,-47.24812324951
XCS1,3,-29.016265729172634,-51.153137203748074
DBS5,3,-15.933527549483426,-47.81076311833957
DGO2,3,-16.738583449563727,-49.41354470570406
XSP9,3,-22.673479876872793,-47.73531956546281
XSP9,3,-22.71371670590996,-47.58723056566064
DBH5,3,-19.95940697964222,-43.89789896934086
DBH5,3,-19.960597675279352,-43.85511548373045
XSP9,3,-22.63017207529124,-47.733984774192706
DCE3,3,-3.732444706706507,-38.641127843518035
XSP9,3,-22.762267331872934,-47.695397032153785
XSP9,2,-22.578362503738866,-47.47640563954875
DCE3,2,-3.6472430014157506,-38.702454593779315
XSP9,2,-22.618223075485087,-47.754940604270494
XSP9,2,-22.441644874861158,-47.60024451280296
DPR2,2,-25.236442623934355,-49.289534454280336
DPR2,2,-25.48895321438247,-49.1064117646325
DPR2,2,-25.295627142272306,-49.18505029385181
XCP1,2,-22.848919761443877,-47.27108476215607
XCP1,2,-22.6974262780763,-47.266516665184795
DBS5,2,-15.935419586884548,-47.76862115263022
DRS5,2,-29.884224356385523,-51.20918565782226
DBS5,2,-15.637449863121681,-47.71789182157797
DBS5,2,-15.671148043673378,-47.73994885984315
DBS5,2,-15.66927713518815,-47.782078713691064
DPR2,2,-25.509793485413404,-49.10712576648153
XSJ1,2,-23.137301527748942,-45.93094043261667
XSJ1,2,-23.27031149013178,-45.84889180226238
DCE3,2,-3.7441570668554376,-38.66215687637341
DCE3,2,-3.696023138549022,-38.661453652593266
DCE3,2,-3.6719566414868567,-38.661102076212735
DCE3,2,-3.6348848199966834,-38.7231310864919
DBR9,2,-23.486961237782705,-46.79826507229474
DRJ3,2,-22.88351049635632,-43.49656903098391
DES2,2,-20.268553985837872,-40.43420534899292
DSP2,2,-23.502773201697103,-46.45596566944003
DSP2,2,-23.281829978132425,-46.57805758627954
XSJ1,2,-23.30447758588908,-46.0643511813756
DSA8,2,-12.860090813283009,-38.375494529228455
DMG2,2,-19.802573810978842,-43.894125567670535
DGO2,2,-16.84465177162101,-49.35386186072383
DGO2,2,-16.854926036327686,-49.37518533163219
DSP5,2,-22.961816767296952,-46.95385078462053
XSJ1,2,-23.347562481170904,-46.065579246028015
DBR9,2,-23.68148828509842,-46.99678037483785
DRJ3,2,-22.782445321791254,-43.19297883583363
DPE4,2,-8.097059482626673,-35.00978057445489
DPE4,2,-8.144749860900772,-35.01023683423381
DPE4,2,-8.120984103930693,-34.968526108022736
XSJ1,2,-23.337701749936606,-46.0438517146364
XSJ1,2,-23.109309328232886,-45.822917307106
XSJ1,2,-23.094101392938708,-45.929721609482854
XSJ1,2,-23.139073597005794,-45.88809804149345
XSJ1,2,-23.18750531721476,-45.76075222447327
DRJ3,2,-22.824866440622163,-43.23701483419978
DPE4,2,-7.918321580460992,-34.94586725257284
DSP5,2,-22.772842798631522,-47.05512063475896
DCE3,2,-3.941093077467413,-38.37302269160293
DCE3,2,-3.9978236636153723,-38.60326990791226
DBR9,2,-23.59576267617084,-46.99420174732581
DRJ3,2,-22.944807164617885,-43.218367369837374
DRJ3,2,-23.0364574911967,-43.457261232455664
DPE4,2,-7.882589527659012,-34.924798933019225
DPE4,2,-8.049364294231873,-35.009324376724024
DGO2,2,-16.955135769928876,-49.210220806919125
DSP5,2,-22.942245787294205,-46.910495813669876
DBR9,2,-23.480842264266993,-46.92653901126431
DSP2,2,-23.426576890829477,-46.47517246308858
DGO2,2,-16.575098551659362,-49.26146303392018
DES2,2,-20.12480530500024,-40.23884010467961
DSP2,2,-23.363994513129192,-46.66613932031811
DSP2,2,-23.42072578793846,-46.603551634337855
DPR2,2,-25.428175310515982,-49.55166027010977
DPR2,2,-25.410199261207662,-49.508466361602636
DPR2,2,-25.349930002171998,-49.3147444036223
DPE4,2,-8.049181576691709,-35.0923028191559
XRJ4,2,-22.371492540223056,-43.054230031792315
DSA8,2,-12.871771294030436,-38.39677802022225
XRJ4,2,-22.381910966532622,-43.07597389149802
XRJ4,2,-22.336188341931535,-43.160887928222444
XRJ4,2,-22.43289831928156,-43.2276735377363
DPE4,2,-7.954053191118496,-34.966939590144115
XRJ4,2,-22.30493814225847,-43.09566160948885
XRJ4,2,-22.261212504494555,-43.0946335408124
XRJ4,2,-22.2726499808195,-43.07340700793888
XRJ4,2,-22.30392127201343,-43.13862988092542
XSP7,2,-23.204749336056235,-47.068043162654845
DSP5,2,-23.264129872763075,-47.39052341079804
DSP5,2,-22.939601431242032,-47.18835015814631
DBR9,2,-23.72083844703278,-46.848065575367336
XSP7,2,-23.277604335187785,-46.899070473201576
DBR9,2,-23.523780548591446,-46.9278236217374
DBR9,2,-23.469074602959033,-46.94759168873228
DPR2,2,-25.45473381284123,-49.467442214601455
DSA8,2,-12.683587593025493,-38.309590391341004
DBR9,2,-23.648309287446686,-47.01718876801544
XRJ2,2,-22.940508997026434,-42.9385296074027
XRJ2,2,-22.918805239128606,-42.93802037489873
DSP2,2,-23.279868318614536,-46.62083385054225
DES2,2,-20.402103788362595,-40.47956403125838
XRJ2,2,-22.951842528277922,-42.9172756924189
DRS5,2,-30.201137350675786,-51.13681969920556
DES2,2,-20.06934491290032,-40.173608676555375
DES2,2,-20.10178919946812,-40.324029518556
DPR2,2,-25.661753605117127,-49.17631701161844
DBR9,2,-23.682058773400428,-46.761228404465506
DPR2,2,-25.59377958437674,-49.259244985003626
DGO2,2,-16.6274460508986,-49.13702796988
DPR2,2,-25.436738675706,-49.42423287745255
DRS5,2,-30.193895866480204,-51.22174418860651
XPB1,2,-7.318018784904817,-35.770188216126584
XBA1,2,-12.242333604839084,-38.999627335438774
XBA1,2,-12.195029461438187,-38.99889247969373
DSP5,2,-22.85371784647638,-46.95063823661525
DSA8,2,-12.871563771688288,-38.439001603222195
DSA8,2,-12.883239508225577,-38.46028942547523
XBA1,2,-12.264275648697808,-39.211211928294624
DBS5,2,-15.779882905935976,-48.14362465160434
XPB1,2,-7.258107814500673,-35.790335185258435
DBS5,2,-15.871164724712807,-47.914424324954155
DRS5,2,-30.061543132483024,-51.067244842456
DRS5,2,-29.984069316011123,-51.06412350545586
XPB1,2,-7.173779973773167,-35.89336575473712
XPB1,2,-7.185375087663352,-35.95586836939213
XGA2,2,-16.213662368096376,-48.7038769997993
XGA2,2,-16.050667307926055,-48.5096038911488
XGA2,2,-16.49674792435893,-49.006898335389614
XGA2,2,-16.409461294785878,-48.920133862754874
DRS5,2,-29.952410141070484,-50.97760228614981
DRS5,2,-30.06511510412814,-51.02476172137356
DRS5,2,-30.076574264896024,-51.00390563514993
DCE3,2,-3.780578530964796,-38.64182971942704
DCE3,2,-3.756511472345011,-38.64147876965681
DRS5,2,-29.929460729741272,-51.01930893200328
DRS5,2,-29.921535613389498,-50.99767903336548
DRS5,2,-29.937380372783373,-51.04093696994811
XGA2,2,-16.421984278215643,-48.899487695620515
XGA2,2,-16.37616385903264,-48.89809262877778
DSP4,2,-23.777697437487433,-46.54976246151176
DSP2,2,-23.346418239195664,-46.57995001731237
DSP2,2,-23.344453841201464,-46.62273045086131
DSA8,2,-12.88365350971739,-38.37584081445517
DGO2,2,-16.741691648496115,-49.140554260199444
DSP5,2,-22.951454039470903,-47.16733476032229
DSP2,2,-23.389449369213708,-46.58121184866505
DSP2,2,-23.37574072573847,-46.64506819098734
DES2,2,-20.691272960225334,-40.52791764776597
DPR2,2,-25.604879062456952,-49.08905911888978
DPR2,2,-25.417337321075586,-49.082638882164275
XSP7,2,-23.19950972743062,-46.725527146411515
XSP7,2,-23.221060782119192,-46.72616262553138
DBR9,2,-23.635132915641574,-46.84550605818247
XSP7,2,-23.23859464800756,-46.81230407297664
XSP7,2,-22.965883290898418,-46.86841772761091
DCE3,2,-3.9139014607574873,-38.58119000839981
DSP4,2,-23.725133966060262,-46.5267798542529
DRS5,2,-30.119582187470186,-51.069586377915435
DRS5,2,-30.1002421534674,-51.0688058153521
DPB3,2,-7.202733777951622,-34.814871029054515
DRS5,2,-30.09665457032119,-51.111281386001494
DBS5,2,-15.781828703696105,-48.101542863924244
DRS5,2,-30.135325772519515,-51.11284513621881
XCS1,2,-29.125214199134977,-51.029842290289075
XCS1,2,-29.069719443484388,-50.98509101108269
XCS1,2,-29.212798067045014,-51.160955737430605
DBS5,2,-15.738506765031193,-47.78406447869653
DSP5,2,-23.14139889824628,-47.25855988319975
DSP5,2,-23.15323809630698,-47.23754360350007
DES2,2,-20.379797185817743,-40.47914086705167
DES2,2,-20.346510407648722,-40.457093317137954
DRS5,2,-29.844676364099453,-51.10112196159518
DRS5,2,-29.91576429970694,-51.29560223754081
XCS1,2,-29.056541479621504,-51.26101637889359
DBS5,2,-15.822050215796466,-47.7231715918523
DRS5,2,-29.776243411955864,-51.33249262903556
XCS1,2,-29.079780978319555,-51.219437718668516
XCS1,2,-29.06368047506053,-51.176281475552
XSP9,2,-22.74727714236138,-47.566918793387906
DPR2,2,-25.63873500673547,-49.36735104718937
XSP9,2,-22.730007062474403,-47.48102008208226
XSP9,2,-22.73974015458157,-47.50266158235784
XSP9,2,-22.751648928511262,-47.48167946293217
XSP7,2,-23.126773917335374,-46.89458336412976
XSP7,2,-23.05024035724611,-46.913702316426544
DPR2,2,-25.64095933912499,-49.17560066202015
DCE3,2,-3.804645874075497,-38.64218069283108
DRS5,2,-29.94529454214138,-51.06256314127727
DRS5,2,-29.917979729541557,-51.04015753311119
DES2,2,-20.55881740929197,-40.39684997955205
DSP5,2,-23.05515666078871,-47.25594968485723
DSP5,2,-23.02385512018496,-47.23363255381171
XCS1,2,-29.103004301732547,-51.17784631000347
XCS1,2,-29.175217282229482,-51.3720009020266
DRS5,2,-29.758989113302384,-51.07638197392702
DMG2,2,-19.887361986485658,-44.06737599563233
XCS1,2,-29.174421625596345,-51.26572682800395
DSP2,2,-23.38930040755952,-46.34550096616337
DSP2,2,-23.40289163001421,-46.28158657753075
XSP9,2,-22.788335324808816,-47.61085617897061
DPR2,2,-25.468107079529542,-49.10569780968769
XSP9,2,-22.527371826217355,-47.410833964197046
XSP9,2,-22.412344864018802,-47.53536409309484
DBH5,1,-20.011109937732357,-44.04898420643966
XSP9,1,-22.529512882377695,-47.368210237683066
DBH5,2,-20.03833201161344,-43.87839236178821
XSP9,1,-22.556677403157735,-47.475746608196225
DPR2,1,-25.316517460984183,-49.18576653187451
DPR2,1,-25.29007982780537,-49.27008061194722
DPR2,1,-25.287288500517565,-49.31258361556512
DPR2,1,-25.554204244681014,-49.06599478360206
XSP9,1,-22.621716531721887,-47.47772383327574
DBS5,1,-15.600014126266364,-47.78009333836742
XCP1,1,-22.725386364987372,-47.139182656188204
DCE3,1,-3.8546827874483793,-38.517760651536975
DRS5,1,-29.85756688031077,-51.293240976184435
DPR2,1,-25.545159191566032,-49.044356195929666
DBH5,1,-19.97238280118202,-43.83399145777924
DPR2,1,-25.281024720767405,-49.24846696649639
DPR2,1,-25.271964547138705,-49.22685197180565
DPR2,1,-25.408272336957822,-49.061006419998044
DPR2,1,-25.307452818568823,-49.16414546313661
DCE3,1,-4.179887649574233,-38.501584106263095
DRS5,1,-29.942410758273112,-51.21153938899453
DRS5,1,-29.689860482124995,-51.201343195787025
XCP1,1,-22.747042341163795,-47.1398310383496
XCP1,1,-22.758909683097702,-47.11881803901698
DGO2,1,-16.754214006831237,-49.119921063460914
DPR2,1,-25.682541983407827,-49.17703340826294
DPR2,1,-25.301915972813077,-49.249185171160114
DPR2,1,-25.32280139142388,-49.249903422933784
XSP9,1,-22.632401784990908,-47.69140027999614
XSP9,1,-22.656279455314365,-47.64947405964938
DPR2,1,-25.561685767246832,-49.42857684775684
DPR2,1,-25.570664253872913,-49.4501863237161
XCP1,1,-22.80011331652404,-47.162789314985375
DBS5,1,-15.619346317700497,-47.8649904125161
DRS5,1,-29.623480606778724,-51.17739117320134
DMG2,1,-19.897942686828255,-44.089032944523915
DBS5,1,-15.71355221281833,-47.8255286793851
XSP9,1,-22.763554141130122,-47.46069513222673
XSP9,1,-22.775455787272712,-47.43970859552232
XSP9,1,-22.7256375380818,-47.5662566848674
XSP9,1,-22.750335944252445,-47.71636069335729
XSP7,1,-23.089298837605654,-47.00042369302109
XSP7,1,-23.030683000285375,-46.870337485581544
DBR9,1,-23.637167747526114,-46.802732886866046
DBR9,1,-23.648899636158248,-46.78166312145614
DPR2,1,-25.593095870477452,-49.10998224300778
DPR2,1,-25.692103578356473,-49.347897692396565
DPR2,1,-25.65952043649055,-49.36807339028439
XSP7,1,-23.07385540217645,-46.87161753738197
XCP1,1,-22.85866701609618,-47.29274151493645
XCP1,1,-22.825165929600196,-47.31308925988583
XCP1,1,-22.837044647474396,-47.29208809267702
XCP1,1,-22.834910340403685,-47.3347430070869
XCS1,1,-29.14676524578949,-51.24336628853768
DBS5,1,-15.910487376658299,-47.81010012078677
XSP7,1,-23.06001201063487,-46.93538370547636
XSP7,1,-23.03842728927378,-46.93474160784825
XSP7,1,-23.09339981516423,-46.914985216503375
DSP2,1,-23.3777122165739,-46.602288286217764
DSP2,1,-23.356197105450114,-46.6016566754301
DSP2,1,-23.391404127689466,-46.538423442355274
XCS1,1,-29.194046482433787,-51.26651208085834
DMG2,1,-19.919092162419297,-44.1323472045152
DMG2,1,-19.930912357638224,-44.11123629333698
DMG2,1,-19.909760211578885,-44.067920808125436
DRS5,1,-29.838155149967157,-51.29245399112912
DRS5,1,-29.846041694468042,-51.31405065308427
DRS5,1,-29.976896475477197,-51.14904904209276
DGO2,1,-16.787361931776328,-49.14196509618475
DGO2,1,-16.700397357926878,-49.055194922665784
DGO2,1,-16.619887588926844,-49.493784178277025
DES2,1,-20.735366967490584,-40.57162214599771
DPR2,1,-25.61665844003146,-49.06813335634215
DPR2,1,-25.33109290338839,-49.12232784352582
DCE3,1,-3.9398497336179794,-38.456418180601055
DRS5,1,-29.906494539105363,-51.061002979930024
DRS5,1,-29.92589769357943,-51.06178303525206
DSP2,1,-23.283780220919645,-46.535276134406665
DSP2,1,-23.358156235979106,-46.558872945450055
DSP2,1,-23.326846408281703,-46.53653493143173
DSP2,1,-23.348371193578707,-46.5371643930174
DSP2,1,-23.40313219518814,-46.51734174715673
XCS1,1,-29.094953525857495,-51.15626400887324
DBR9,1,-23.689729416493066,-46.825718041637124
DBR9,1,-23.65860347496447,-46.80337131641405
DPR2,1,-25.466574345701048,-49.4465628088863
DSP5,1,-23.006489667340567,-47.14761498632365
DES2,1,-20.102119755110223,-40.2812265499355
DES2,1,-20.090434981897275,-40.34522250573236
XCS1,1,-29.05562209552175,-51.15470050494408
XCS1,1,-29.102033093569663,-51.07147431822624
DES2,1,-20.547852400772456,-40.37522194714004
XCP1,1,-22.70506851175962,-47.33081516706634
XCP1,1,-22.693171769728963,-47.35180867876505
DSP5,1,-23.22109221598315,-47.38920947718136
XSP7,1,-22.991512162743007,-46.783599785924736
DPR2,1,-25.60558021709413,-49.23833791222354
DRJ3,1,-22.934928729790528,-43.605378802160146
DSP2,1,-23.54573180493275,-46.457219735274506
DSP2,1,-23.36597126854965,-46.62336273539029
DPR2,1,-25.629170099472937,-49.19651574567253
DPR2,1,-25.58755933214364,-49.195081905524184
DPR2,1,-25.45757783427339,-49.42495675393791
DSP5,1,-23.242613802569597,-47.3898664221852
XCS1,1,-29.100292770592244,-51.32650782576787
XCS1,1,-29.01719823091286,-51.259446635941885
XCS1,1,-29.09943840212624,-51.2202214399969
XCS1,1,-29.078835713063345,-51.113093735835385
DPB3,1,-7.214742949906941,-34.79428315477775
DPB3,1,-7.1782411152932415,-34.980295659742055
DSP5,1,-23.03016777829316,-47.10557088753137
XSP7,1,-23.138016275631216,-47.10880936987487
DPR2,1,-25.481244696927224,-49.383185610372486
DPR2,1,-25.511480485527986,-49.554571890669685
DPR2,1,-25.523324720285704,-49.5337002616308
XSP7,1,-23.26785897605892,-46.87737988164942
DBR9,1,-23.535539842380587,-46.90676753087799
XSP7,1,-23.208895237508855,-46.98260642129564
DPR2,1,-25.42204949777729,-49.48759305714864
DSA8,1,-12.635325332431698,-38.519947509263595
DRS5,1,-29.89857278035589,-51.03937814694416
DRS5,1,-29.896371456577175,-51.2948150993856
DRS5,1,-29.80294002467105,-51.24846926764189
DBS5,1,-15.984413599854536,-47.95987876925256
XCS1,1,-29.24637070073655,-51.45982363731239
XCS1,1,-29.260884405169968,-51.29044487869919
DSA8,1,-12.729907152220116,-38.47912986264032
DSA8,1,-12.706323668380303,-38.4787800917913
DSA8,1,-12.848603503534234,-38.311998354831935
DGO2,1,-16.98820753357129,-49.23226734742711
DSA8,1,-12.860288703166097,-38.33327746345556
DSP5,1,-22.930421517485325,-46.93153176090347
DRJ3,1,-22.92099343413867,-43.303859636109074
XSP7,1,-23.256073684547527,-46.8984293294971
XSP7,1,-23.252378126803787,-46.748494772311105
DBR9,1,-23.50231419072681,-46.92718129510033
DES2,1,-20.1584998194644,-40.21806047156665
DSP4,1,-23.742616935704284,-46.61303212650798
XSJ1,1,-23.331428939482027,-45.93642716036676
DPR2,1,-25.437155698067567,-49.57325507685835
DPR2,1,-25.419189831026753,-49.530064029693094
XCS1,1,-29.199190639166044,-51.43668419523786
DBS5,1,-15.797113044706085,-47.764651790243285
DBS5,1,-15.704833688132128,-47.76200641438944
DES2,1,-20.647506424764806,-40.44137549687142
XSJ1,1,-23.104013754381885,-45.95144476711233
XSJ1,1,-23.125613431120456,-45.9520548808617
XSJ1,1,-23.272065201289756,-45.80603215897375
DCE3,1,-3.7318017279929876,-38.68283514777363
DCE3,1,-3.684312088331704,-38.64042606212542
DCE3,1,-3.6225257388630743,-38.74380772797915
DSP5,1,-22.906761967107354,-46.973597436948374
XCS1,1,-29.136798636991116,-51.009021559397276
XCS1,1,-29.1090617042022,-50.98664424978515
XCS1,1,-29.046535057543437,-51.02673067134931
XCS1,1,-29.248459858834973,-51.20490988718255
XCS1,1,-29.217251931722455,-51.22492483464308
DBR9,1,-23.432238402033306,-46.818050616625115
XSJ1,1,-23.152507798389777,-45.82412914176022
DRJ3,1,-22.906331619204103,-43.45410045049561
XSJ1,1,-23.158893332588626,-45.931549905490364
DBR9,1,-23.72222642443536,-47.04082427976229
DBR9,1,-23.689058958865456,-47.061229010270694
DBR9,1,-23.733976963742794,-47.0197705877129
DES2,1,-20.380158657472254,-40.43631334765684
DES2,1,-20.302225833141428,-40.41342712425593
DES2,1,-20.39148906945981,-40.41511068342679
DES2,1,-20.39113304285649,-40.45793810999719
DGO2,1,-16.79766987848626,-49.16330307290132
DGO2,1,-16.79544953401817,-49.20526769765985
DGO2,1,-16.80797388398438,-49.184639758518585
DMG2,1,-19.8131861566469,-43.91578131145191
DPE4,1,-8.299606732141593,-35.073973760528304
DBS5,1,-15.783766681941524,-48.059454396789
DBS5,1,-16.0534669649562,-47.961882277886986
DRS5,1,-30.20402767427272,-50.98771475994542
DRS5,1,-30.1661102401842,-51.09277931360444
DRS5,1,-30.15465189534482,-51.11362708754945
DRS5,1,-30.216187539940105,-51.07348995207159
XGA2,1,-16.38173418514415,-49.2344749763543
DSP5,1,-22.72953210981145,-47.05382932712253
DSP5,1,-22.973640242946754,-46.932815571458654
DSP5,1,-22.899009674612923,-46.909213511455164
DBR9,1,-23.63308655551015,-46.88827374378564
DBR9,1,-23.69942046738496,-46.8474256320545
DBR9,1,-23.666260537174715,-46.86785136725158
DBR9,1,-23.6779968830687,-46.846785731422166
DPE4,1,-8.144826601041363,-34.96875281508647
XBA1,1,-12.349816069227622,-38.85345850216168
XBA1,1,-12.314210469352057,-38.874028767139414
XBA1,1,-12.325877124091074,-38.895325511402696
DSP4,1,-23.74655599592373,-46.527409397922526
DES2,1,-20.246218336753785,-40.43378383604325
DRS5,1,-30.103816665095756,-51.02632011718766
DPE4,1,-8.108854832502141,-35.07213111253044
DBR9,1,-23.68768644708084,-46.86849193906991
XSJ1,1,-23.31615890247135,-46.04323838367254
XSJ1,1,-23.243417957337027,-45.97683314415721
XSJ1,1,-23.210165047484008,-45.997336319739865
XSJ1,1,-23.11923536923263,-45.844644602036986
XSJ1,1,-23.072493071052246,-45.929112259214754
XBA1,1,-12.290262457694048,-38.915894567377535
DRS5,1,-30.057216533266793,-51.003127132718234
XGA2,1,-16.39693621379658,-48.94077750663246
DRS5,1,-30.092358340026966,-51.04717428931768
DGO2,1,-16.715756223293504,-49.412830947744936
DRS5,1,-29.79931281189184,-51.29088017408576
DRJ3,1,-22.868309757572174,-43.23805346285874
XSJ1,1,-23.122720774850777,-45.75894068599525
DCE3,1,-4.084855190366005,-38.41677881761415
DSP5,1,-22.74344271191239,-46.99012113593938
DCE3,1,-3.961405890720621,-38.623603510061486
XRJ4,1,-22.457808972798492,-43.09926095258692
XRJ4,1,-22.41415845350963,-43.09823239376727
DRJ3,1,-22.937204838216736,-43.519388189928485
DPE4,1,-7.942173056123276,-34.94609311386963
DPE4,1,-7.846949735346345,-34.86228690911736
XRJ4,1,-22.31535913663924,-43.117403314154316
XGA2,1,-16.42751802447977,-49.23589085485315
XGA2,1,-16.196727339777834,-49.03974675280456
DRS5,1,-29.94448165919937,-50.95596734271141
XBA1,1,-12.289627242580092,-39.00036229125909
DRS5,1,-29.910056292981587,-51.01853016469518
DRS5,1,-29.902919775012087,-51.1034656825829
DRS5,1,-29.883511605915164,-51.10268439149956
DRJ3,1,-22.989230668030498,-43.1763928730214
DRJ3,1,-22.917735993976645,-43.43286444013031
DPE4,1,-7.882681053084419,-34.88334535856986
DPE4,1,-8.037395121986219,-35.02995186683184
DSP5,1,-23.076725454723352,-47.25660216942089
DGO2,1,-16.884487284801907,-49.25005972311269
DRS5,1,-30.007015389407325,-51.02242450769398
XGA2,1,-16.25727826867562,-48.97855734507227
XGA2,1,-16.2364817131441,-48.935886787712754
XGA2,1,-16.201143215886212,-48.724536835022214
XGA2,1,-16.023591866111545,-48.59297409962664
XGA2,1,-16.061140703722376,-48.53096390739142
DMG2,2,-20.114799091135936,-43.944465471630366
XRJ4,1,-22.368440222920842,-43.183147891106096
XRJ4,1,-22.34659654528365,-43.18263082512324
XRJ4,1,-22.465104485417253,-43.24993920852585
XRJ4,1,-22.45472029233649,-43.22819219843797
XRJ4,1,-22.430782846705455,-43.31361760175412
DPE4,1,-8.025328059036372,-35.09207188239088
XRJ4,1,-22.522225587031368,-43.14378687625987
XRJ4,1,-22.302893104871103,-43.1815967987285
XRJ4,1,-22.228908119024958,-43.07238049919272
DSA8,1,-12.66000278894617,-38.309246490439186
DSA8,1,-12.671894563517633,-38.28831818017948
DCE3,1,-4.023143254063252,-38.52018864189542
DCE3,1,-4.07189690867842,-38.479169621290296
DPE4,1,-8.335461966350485,-35.012062494082336
XPB1,1,-7.197216024028422,-35.97679326314187
XPB1,1,-7.281567951761556,-35.873737208595706
DRS5,1,-29.948858859141115,-51.02008774995253
DRS5,1,-29.956774708697044,-51.04171645745957
DRS5,1,-29.980489406857913,-51.106591354565865
DCE3,1,-4.119410953276784,-38.5215765791932
DGO2,1,-16.942617063553076,-49.23085051405115
DCE3,1,-4.192841064073168,-38.43918135166336
DCE3,1,-4.1212584675749975,-38.396440274111704
DCE3,1,-4.204568118647789,-38.4602115679366
XRJ4,1,-22.305943713334283,-43.05269203268833
XRJ4,1,-22.3163704502151,-43.074433656486804
XRJ4,1,-22.26221771425485,-43.05166687450721
XRJ4,1,-22.208028305514837,-43.02890363544849
DBR9,1,-23.66764022478819,-47.06058219636473
XBA1,1,-12.13637217241197,-38.93463619475685
XBA1,1,-12.14836085869114,-38.91370742141119
DBS5,1,-15.813474406338067,-48.16567408468713
DRS5,1,-30.065836857663232,-51.13134171630484
DPE4,1,-8.10824919523102,-35.321238400106296
DPE4,1,-8.12034372667145,-35.25905601138892
DPE4,1,-8.120122745883902,-35.342128603940075
XRJ2,1,-22.862061490271756,-43.04427120965841
DRS5,1,-30.131722571912444,-51.155313107648126
DRS5,1,-30.093053928269363,-51.15374678608572
XRJ2,1,-22.92517488325911,-43.131831866057816
DPE4,1,-8.24011592571754,-35.01114953998629
DPE4,1,-8.311689504592048,-34.97034019631929
DRS5,1,-30.181827667746862,-51.136036977666976
DRS5,1,-30.189678150394695,-51.157662971586966
DSP5,1,-22.865552469053736,-46.92960636554536
DSP5,1,-22.755293484833718,-46.96909609168365
DSP5,1,-22.767140621831754,-46.94806896784561
DSA8,1,-12.847998095356495,-38.43865314534327
DSA8,1,-12.847782763610807,-38.480879074831925
DSA8,1,-12.659799193774818,-38.35144922709996
DSA8,1,-12.683385068650985,-38.351794583726694
DSP2,1,-23.381372714806563,-46.28096539983709
DSP2,1,-23.434217459749284,-46.303929371013545
DCE3,1,-3.6596002772139764,-38.68177825522511
DPR2,1,-25.57227908513455,-49.109268053497885
XSP9,1,-22.462254974212872,-47.40886347083153
XSP9,1,-22.483965964900207,-47.40952025841228
XSP9,0,-22.446006688035293,-47.515055779190604
DBH5,0,-20.0477169714168,-43.942843021317906
DBH5,0,-20.04891950420706,-43.90005600019507
XSP9,0,-22.649843475016265,-47.350498421296905
XSP9,0,-22.62817121829117,-47.349843357749336
DBS5,0,-15.649924186933175,-47.69715353002444
DBS5,0,-15.681754534869944,-47.76134517860582
DBS5,0,-15.64806257715746,-47.739288353411645
XCP1,0,-22.76449849416914,-47.225815129538574
XCP1,0,-22.89002324605124,-47.31505164692309
DPR2,0,-25.435452063776207,-49.12589988893676
DPR2,0,-25.524325799380026,-49.04364412183629
DPR2,0,-25.47990402816211,-49.08477853922954
DPR2,0,-25.491697182335027,-49.063856632489184
DBS5,0,-15.959458222658752,-48.00132592180444
DBS5,0,-15.978595242422822,-48.08620766320965
XRJ2,0,-22.920722279626414,-42.85198894419445
DPE4,0,-8.252000004393453,-35.03201161423434
DRS5,0,-30.208984034811674,-51.15844636134397
DRS5,0,-30.220440710493932,-51.137602471607536
DRS5,0,-30.18242487827244,-51.24257592329692
DRS5,0,-30.143799281514163,-51.24100416204166
XRJ2,0,-22.83933478671523,-43.0867643537629
DSA8,0,-12.671694839780853,-38.33051968060506
DSA8,0,-12.612824928901404,-38.30855875902374
DSP2,0,-23.34814350022881,-46.30144186525712
DSP2,0,-23.369670319071172,-46.30206367927261
DSP2,0,-23.42440498896456,-46.282207796802986
DSP2,0,-23.399108418598225,-46.367218825053854
XSP9,0,-22.79358538074723,-47.717694611769225
DRS5,0,-30.11798374582719,-50.85627691265595
DRS5,0,-30.107378092640843,-50.983824334623435
DPE4,0,-7.799047255143841,-34.944738176372674
DPE4,0,-7.952932606719403,-35.38198865615149
XRJ2,0,-22.929171273085082,-42.959782518157745
DSP2,0,-23.289650692927538,-46.642536443607064
DSP2,0,-23.301402362287234,-46.62146600844136
DSP2,0,-23.250493039847484,-46.55572247529929
DSP2,0,-23.26811434365234,-46.64190361238143
DSP2,0,-23.258328744074138,-46.62020173484494
DSP4,0,-23.686160427012485,-46.439885971592716
XRJ2,0,-22.941473443932075,-42.89551297242741
DBS5,0,-15.936430581317346,-48.00065689261113
DGO2,0,-16.977931909848657,-49.210928577276334
XRJ4,0,-22.251781202613408,-43.029927163604405
XRJ4,0,-22.273649637676066,-43.03043897996346
XRJ4,0,-22.33410879212531,-43.246823308154
DSA8,0,-12.6245186530661,-38.32983047007401
DSA8,0,-12.8606641817582,-38.248855125230364
DSA8,0,-12.813716575594137,-38.20596909579387
DSA8,0,-12.649213074653005,-38.07703513211346
DSA8,0,-12.743184171255589,-38.16275415162918
XBA1,0,-12.14804107978235,-38.95593095306627
XBA1,0,-12.195671854183693,-38.91443637077571
XBA1,0,-12.160030723947571,-38.935001370429646
XBA1,0,-12.171698783306882,-38.95629686696038
DBS5,0,-15.811514489401548,-48.20774774763945
XPB1,0,-7.233954327933809,-35.831648017149256
DPE4,0,-7.942080631182852,-34.98756131297864
XRJ4,0,-22.283077998500065,-43.09514755765163
XRJ4,0,-22.239341664654003,-43.09411955896769
XRJ4,0,-22.218470331373492,-43.05064185593748
DSA8,0,-12.600048238879625,-38.4983131533251
DRS5,0,-30.088029208100014,-50.98304640144016
DRS5,0,-30.21259233504492,-51.11597324648531
DPE4,0,-8.240248446562928,-34.92817739514838
DPE4,0,-8.215859872049712,-35.21847153810495
DPE4,0,-8.359295286582128,-35.01229077142185
DPE4,0,-8.263954333532158,-35.01137775522416
DRS5,0,-29.987636190344883,-51.02164553779323
DRS5,0,-29.999105442147687,-51.000791929246624
DRS5,0,-30.026388275626953,-51.023203528254506
DRS5,0,-30.034288951618382,-51.04483491434381
DCE3,0,-4.131135001629923,-38.54260970645858
XGA2,0,-16.17163783303961,-49.08099350403691
XGA2,0,-16.186331188681518,-49.01841850754222
XGA2,0,-16.274073012569666,-48.873961460143335
DGO2,0,-16.871962048035826,-49.27068297573939
DGO2,0,-16.77262110917181,-49.20456029389215
DSP2,0,-23.273980828644984,-46.51356915261356
XRJ4,0,-22.48691827204976,-43.250458648951195
XRJ4,0,-22.42040313033105,-43.29187174534496
XRJ4,0,-22.431846256359126,-43.27064632099817
XRJ4,0,-22.476536880549066,-43.22871089444003
XRJ4,0,-22.40895593822444,-43.31309607074776
DRS5,0,-30.224043098942918,-51.09512361821877
DRS5,0,-30.235489637815768,-51.07427081920333
DRJ3,0,-22.99850839593325,-43.24117019776451
DRJ3,0,-22.95083236520311,-43.41215258135818
DPE4,0,-7.977617496032753,-35.09161005596495
XRJ4,0,-22.393331419168433,-43.05474276799622
XRJ4,0,-22.360069491982234,-43.07546044486439
DSP5,0,-23.032249530724073,-47.06287208842068
DSP5,0,-22.998828002039435,-47.083251902180926
DSP5,0,-23.114360438353092,-47.150860130912555
DGO2,0,-16.849150426081216,-49.26997347402374
DGO2,0,-16.85943467474688,-49.29130361718517
XPB1,0,-7.293175734633145,-35.936244394544126
XPB1,0,-7.161190891923751,-35.9971967810106
DBS5,0,-15.750149882893028,-48.03740265294328
XGA2,0,-16.178189197283405,-48.72384493836198
XGA2,0,-16.1134510811076,-48.86908612521592
XGA2,0,-16.05709227420575,-48.846356844124934
XGA2,0,-16.10512549616927,-48.80576260378737
DPE4,0,-7.858829907430997,-34.883121679224296
DPE4,0,-7.870886837954905,-34.82106815031623
DPE4,0,-7.83478206685013,-34.965806825278335
DBR9,0,-23.74987316405716,-46.91318644977545
DBR9,0,-23.71878827553673,-46.890838800091906
DBR9,0,-23.730521455961973,-46.86977321086438
XGA2,0,-16.109143439672422,-48.4902961451429
XGA2,0,-16.323900397274866,-49.02262543763397
XGA2,0,-16.194574909712905,-49.08169646482287
XBA1,0,-12.325567378598674,-38.937558296513636
DSA8,0,-12.766580174051889,-38.20528834122343
DRS5,0,-29.847402614662478,-50.95208355927173
DRS5,0,-29.93301073699018,-50.97682475776574
DRS5,0,-29.90212738427763,-50.99690093592627
DCE3,0,-3.8806272551400496,-38.39301374509365
XRJ4,0,-22.32679293136611,-43.09617569632758
DRJ3,0,-22.803136593922144,-43.23649557291248
DRJ3,0,-22.80208085111315,-43.279493073589585
DPE4,0,-7.774970820209034,-35.027436108909484
DPE4,0,-7.966023382880515,-34.946318990522315
DRJ3,0,-22.80101360165437,-43.32248906006262
DCE3,0,-4.14347831308928,-38.5219236219769
DCE3,0,-4.035487699002809,-38.49950625198033
DCE3,0,-3.9651552585433945,-38.37336458809282
DCE3,0,-3.989833937483811,-38.33201156667101
DCE3,0,-3.9490554315147075,-38.64428702969781
DCE3,0,-3.9373374097869083,-38.623253092837864
XRJ4,0,-22.435986403602307,-43.09874665566587
XRJ4,0,-22.39027853300471,-43.18366499228395
DBR9,0,-23.57223311334627,-47.03630186489487
XSJ1,0,-23.261370531274373,-46.06312328132654
XSJ1,0,-23.274862403362427,-45.99917160995163
XSJ1,0,-23.27305658509524,-46.04201184507637
XSJ1,0,-23.284738784388626,-46.02089856793416
XSJ1,0,-23.087701833359763,-45.82231145077104
XSJ1,0,-23.084184411418892,-45.90799804612208
XSJ1,0,-23.095871911137614,-45.88688202855739
DRS5,0,-30.045754847649686,-51.02398259947948
XGA2,0,-16.38655196364327,-48.919435679514756
XGA2,0,-16.36577190349699,-48.87674836024001
DRS5,0,-30.095925678252414,-51.004684188226605
DSP2,0,-23.393347418231023,-46.495629889998085
DGO2,0,-16.87420097169526,-49.22872560799932
DCE3,0,-3.937968694173527,-38.58153898229936
DCE3,0,-3.9503169819105453,-38.56085739977246
DBR9,0,-23.709106754608722,-46.869132553606136
DBR9,0,-23.675948615687883,-46.88955618642824
DRJ3,0,-22.913810175665976,-43.153078322493116
DPE4,0,-8.061244946898805,-35.03018066540634
XCP1,0,-22.892154680711023,-47.272390322718536
XBA1,0,-12.349513760131533,-38.89568943363923
DSP4,0,-23.78741771107196,-46.57148535519542
DES2,0,-20.23557548296698,-40.36934937569487
DES2,0,-20.2582506875407,-40.32695354691439
DSP2,0,-23.291618517500297,-46.59976209610781
DPE4,0,-8.156710073681365,-34.98960762684179
DPE4,0,-8.132867140075863,-34.98938019678659
DBR9,0,-23.52582194485341,-46.17791692958141
DSA8,0,-12.84840846377247,-38.35421274001876
DSA8,0,-12.754518012423697,-38.2684176138269
DSA8,0,-12.766209487992459,-38.28969105953443
DRS5,0,-30.158243295890863,-51.07114765529603
XGA2,0,-16.29059602600793,-49.00059132027244
DBS5,0,-15.979596536765342,-47.81208924359236
DBS5,0,-15.950835727364428,-47.93781758956157
DRS5,0,-29.779203388701596,-51.18365818414223
DRS5,0,-29.645709242113714,-51.02925073561588
DRS5,0,-30.111702168282115,-51.047954182392985
XCS1,0,-29.159955259246992,-50.96737068770846
DSP5,0,-22.89122930257732,-46.844819197253656
XSJ1,0,-23.34937682922681,-46.02273639439344
DBR9,0,-23.654520383736852,-46.88891494373135
DBR9,0,-23.664206978134,-46.910618368738305
XCS1,0,-29.066214202268142,-51.02750850033125
XCS1,0,-29.07780598576569,-51.006689621288196
XCS1,0,-29.151876826811964,-50.94576504765616
XCS1,0,-29.310830066912754,-51.16486690599704
DBR9,0,-23.498709367348045,-46.77720000978389
XSJ1,0,-23.15075251232651,-45.8669788598784
DRJ3,0,-22.861798462284224,-43.49604094367828
DRJ3,0,-22.850379124297092,-43.51727279478711
DRJ3,0,-22.90521706146287,-43.49709715420674
DRJ3,0,-22.821664021351193,-43.36600710756604
DRJ3,0,-22.86291249770871,-43.453047143187284
DES2,0,-20.403155519434364,-40.351082112989104
DSP4,0,-23.672351958721386,-46.7395174855294
DSP2,0,-23.483209366542425,-46.41252941802132
DGO2,0,-16.785146560192786,-49.18393297824108
DBR9,0,-23.450005042999354,-46.66867443694001
DBR9,0,-23.476705674065094,-47.012027191721714
DPE4,0,-8.084501011837819,-35.27946539640608
DPE4,0,-8.096485660969826,-35.25881930102878
DPE4,0,-8.204392264360282,-34.990062533355605
DRJ3,0,-22.97469582511658,-43.32666741684348
DPE4,0,-7.835069329761646,-34.84145471691538
DPE4,0,-7.72632297840353,-35.31741873773999
DBR9,0,-23.469500951437855,-46.71208656181995
DBR9,0,-23.4204780988262,-46.839110251415775
XCS1,0,-29.12872347052567,-50.98742094480349
XCS1,0,-29.14030219346349,-50.966594560350984
XCS1,0,-29.14134500362346,-51.073032897767305
XCS1,0,-29.152932699251284,-51.05221722459555
XCS1,0,-29.082367777230157,-51.070695104312804
XCS1,0,-29.113625683085925,-51.050659878159905
XCS1,0,-29.08588710856135,-51.02828637981211
DPR2,0,-25.389351127319998,-49.50773994074351
DPR2,0,-25.22459452832575,-49.31042325240863
DPR2,0,-25.397870979202622,-49.38029548602177
DPR2,0,-25.305370397150927,-49.35579999495312
DPR2,0,-25.33809164611506,-49.335634340733066
XSJ1,0,-23.198477232239387,-46.018448707544216
DCE3,0,-3.7083782425390366,-38.640776941008355
DCE3,0,-3.707734264905288,-38.68248282653815
DCE3,0,-3.7435135712694274,-38.703866620903135
DCE3,0,-3.7070882737533,-38.72419216308529
DCE3,0,-3.71944546165816,-38.703513578472624
DCE3,0,-3.73115672306423,-38.72454590290674
DCE3,0,-3.610165763923013,-38.76448451285714
DCE3,0,-3.9534333672862965,-38.35234675700342
XSJ1,0,-23.281970762126136,-45.82776562188227
DBR9,0,-23.477231306224542,-46.77656259252632
XSP7,0,-23.279061849592026,-47.09166440867391
XSP7,0,-23.288773061315307,-47.113345054827825
XSP7,0,-23.290867060019032,-47.07062973210198
XSP7,0,-23.30057972698612,-47.092311825950844
XCS1,0,-29.26004997796443,-51.18410767719758
XCS1,0,-29.25001818310116,-51.41749457845956
XCS1,0,-29.242038511611213,-51.39593149411569
DBS5,0,-15.729779850365496,-47.72053136112014
DBS5,0,-15.692357396063496,-47.78274059205615
DBS5,0,-15.702956623346623,-47.80413509428507
DRS5,0,-29.79503327672488,-51.22686748716527
DRS5,0,-29.791413185528555,-51.2692829082851
DES2,0,-20.324191713082193,-40.45667096418387
DES2,0,-20.63655557265884,-40.4197428552379
DRS5,0,-29.890645550249506,-51.01775144802362
XCS1,0,-29.311664469464493,-51.271224666423585
XCS1,0,-29.257275048123674,-51.33280515673164
XCS1,0,-29.253652969839656,-51.37515507080326
DSA8,0,-12.682737414850914,-38.47843034479974
DSA8,0,-12.77749591091181,-38.39539015589395
DSP5,0,-23.352310280189762,-47.35047001933411
DRJ3,0,-22.96803852020031,-43.58467852497934
DRJ3,0,-22.96688848445244,-43.627674154685245
XSP7,0,-23.265817583407166,-46.9201185260559
XSP7,0,-23.269888998319235,-46.83463572323511
DBR9,0,-23.52787518243048,-46.842307621703966
DGO2,0,-16.601560359117844,-49.409262849767345
DGO2,0,-16.529367601098713,-49.260045269590634
DES2,0,-20.481017308001988,-40.37396306381119
DES2,0,-20.458729044213136,-40.37354349364978
DES2,0,-20.15786172239318,-40.30367009389289
DBR9,0,-23.742250818219823,-46.84870556136474
DBR9,0,-23.556998324406468,-46.90740923024431
DBR9,0,-23.42816388781518,-46.90355967548257
DBR9,0,-23.42610947649389,-46.94630591017277
DRJ3,0,-22.90960602417961,-43.32510026639057
DSP5,0,-22.918593575737727,-46.95256563711723
DSP5,0,-22.920630461493598,-46.909854641217485
DSA8,0,-12.670829205939464,-38.49936439812944
DRS5,0,-29.859739969723623,-51.037819526601126
DRS5,0,-29.818737126689765,-51.29166705709778
DRS5,0,-29.82662748008518,-51.313263054315776
DPB3,0,-7.106746385871491,-34.93819709411836
DPB3,0,-7.2143017465596335,-34.91850167896304
DBS5,0,-15.59496286515351,-47.63229682090235
XCS1,0,-29.215145745790274,-51.47979655873408
DRS5,0,-29.77988220699337,-51.290093342088355
DRS5,0,-29.756807850360367,-51.331704570186425
DGO2,0,-16.57731373295306,-49.219522449432496
XSP7,0,-23.21447507567947,-47.08972241526246
XSP7,0,-23.120617974140202,-47.02274725998904
XSP7,0,-23.106720218411056,-47.08648662072668
XSP7,0,-23.104629246295453,-47.12918736308636
DPR2,0,-25.499632520356837,-49.57544076753448
DPR2,0,-25.532292140211883,-49.55529991489285
DRJ3,0,-22.88009843188157,-43.62554404197368
DBR9,0,-23.41639311210239,-46.92461241652132
DBR9,0,-23.763657577161986,-46.84934559005085
DBR9,0,-23.78505872008343,-46.84998566142978
DES2,0,-20.247882246063018,-40.21971667640385
DES2,0,-20.191225027889733,-40.32570021988884
DSP2,0,-23.36793657789952,-46.58058091191959
DPR2,0,-25.424897381940127,-49.44511373518162
DSP5,0,-23.413543285344343,-47.20266426497055
DSP5,0,-23.409263401051973,-47.288070583683655
DSP5,0,-23.387780628218685,-47.287416740221396
DSP5,0,-23.411409031977794,-47.24537038245963
DSP5,0,-23.416762151030742,-47.35243765858698
XCS1,0,-29.087823101057673,-51.24101297943866
XCS1,0,-29.06816324850112,-51.24022864470733
XCS1,0,-29.06901129179743,-51.34649764235704
XCS1,0,-29.040447429515538,-51.21787042835224
XCS1,0,-29.00914630135439,-51.23787594535339
XCS1,0,-29.02882484696331,-51.238660127669334
XCS1,0,-29.047558298042794,-51.13311764280067
DBR9,0,-23.660627708194596,-46.760591319208714
DBR9,0,-23.64687010045388,-46.82443971127098
XSP7,0,-22.967899689452633,-46.82569292742916
DPR2,0,-25.490244189407054,-49.40479582648819
DPR2,0,-25.623580704870047,-49.28158852742593
DPR2,0,-25.614583011452332,-49.25996389677979
XSP7,0,-23.00331284661516,-46.76255016285397
XSP7,0,-23.53151920594386,-47.420083887862226
XSP7,0,-23.236009519978552,-47.090369703333856
DSP2,0,-23.547658244645014,-46.41440626996129
DSP2,0,-23.526180861558252,-46.41378061080384
DSP2,0,-23.52425529174787,-46.45659268139425
DES2,0,-20.52523603501442,-40.41763688897884
DCE3,0,-3.9281295569362156,-38.43539590598331
DCE3,0,-3.7922921841392623,-38.662860194861445
DCE3,0,-3.816360167420826,-38.66321188962684
DGO2,0,-16.587637873541308,-49.24084787276245
DSA8,0,-12.741808682418272,-38.45819459545919
DSA8,0,-12.694185270699808,-38.54193694794924
DSA8,0,-12.76516517315971,-38.500766392513775
DSA8,0,-12.65914839914201,-38.47808062166322
DSP5,0,-23.18988256824336,-47.366889144083935
DPR2,0,-25.522896422763633,-49.38463095666741
DPR2,0,-25.531888712875055,-49.40624254240738
DPR2,0,-25.58477319689102,-49.23761968759003
DPR2,0,-25.563960301271454,-49.236901510091435
XSP7,0,-22.956087910084037,-46.84673643509566
XSP7,0,-23.054292250934825,-46.82824716063336
DBR9,0,-23.584565879298196,-46.779750104083625
XSP7,0,-23.250371815738312,-46.791248433762156
XSP7,0,-23.17795315766209,-46.724891709678005
XSP7,0,-23.11902907223763,-46.830163282374826
XSP7,0,-22.97567400156038,-46.89009834685846
DPR2,0,-25.475565764793505,-49.46816745897644
DPR2,0,-25.54087590543022,-49.427852734126
DSP5,0,-23.028074787689686,-47.14826392894992
DES2,0,-20.569778756215015,-40.41847918873548
DRS5,0,-29.814462719773264,-51.22765242491192
DRS5,0,-29.810841308106642,-51.270069126246824
DRS5,0,-29.783508095469344,-51.24768371507581
XCS1,0,-29.12169216959,-51.07225358270953
XCS1,0,-29.090436435316885,-51.092285605709385
XCS1,0,-29.06011732022296,-51.218654048121856
DSP5,0,-22.96120191802872,-47.18900034540617
DSP2,0,-23.354226530072296,-46.64443519076246
DES2,0,-20.70257669787108,-40.50670468037678
DES2,0,-20.62453040474356,-40.526642673736674
DPR2,0,-25.685316055954132,-49.13447758563769
DPR2,0,-25.613906776837958,-49.11069647944389
DPR2,0,-25.393725944778847,-49.124470930018866
XSP7,0,-23.211281045947764,-46.70446608115187
DSP5,0,-23.092797258365508,-47.150211015695
DSP5,0,-23.04965442900379,-47.14891291471782
DBR9,0,-23.70145813252753,-46.80464830329373
DSP5,0,-23.129556038136705,-47.279574006116626
DSP5,0,-23.16719025576565,-47.17383192311142
DGO2,0,-16.731373962913942,-49.11921633841747
DGO2,0,-16.72916715935217,-49.16118487801156
DGO2,0,-16.77705004725543,-49.120625834171165
XCS1,0,-29.11460988581931,-51.15704583687433
XCS1,0,-29.15196492741276,-51.41354563321903
XCS1,0,-29.13233556482856,-51.41275599741197
XCS1,0,-29.194835565405825,-51.372789367680866
XCS1,0,-29.167215312389295,-51.35043589485272
DMG2,0,-19.920338273332174,-44.089578489405746
DRS5,0,-29.73953306492065,-51.07560170620937
DRS5,0,-29.77843886851026,-51.0771622923392
DRS5,0,-29.969004204466557,-51.12743039639059
DSP5,0,-22.982796938786624,-47.18965057587265
DSP5,0,-22.99464512772462,-47.16863384742077
XSP7,0,-23.097455625584782,-46.82952453256345
XSP7,0,-23.07587668380642,-46.82888582531765
DRS5,0,-29.981170180862943,-51.21310879772893
XCP1,0,-22.8132836129494,-47.33408825847448
XCP1,0,-22.82302660394779,-47.35574049445261
XCS1,0,-29.135962003129578,-51.37042412376987
DBS5,0,-15.956563938360144,-47.8114261592734
XCS1,0,-29.14758697780459,-51.3496481423993
XCS1,0,-29.119937388256705,-51.32729481379934
XCS1,0,-29.027879430632357,-51.132336632416646
XCS1,0,-29.039489083131592,-51.11153289499896
XSP7,0,-23.07182283097222,-46.914343745105555
DPR2,0,-25.673536738529215,-49.155398626355655
DPR2,0,-25.706099829672002,-49.135192698967295
DSP5,0,-23.115561218180385,-47.34325869481048
DSP5,0,-23.151105080378745,-47.28022732852536
DPR2,0,-25.67075733632794,-49.19794977411833
DPR2,0,-25.679755963070413,-49.21958119965786
XSP9,0,-22.741914426548796,-47.46003641216928
XSP9,0,-22.77110388169755,-47.524963019513926
XSP9,0,-22.803273424077453,-47.73932499891731
XSP9,0,-22.76003058445854,-47.73798967779152
XSP9,0,-22.72870309366072,-47.715693800338585
XSP9,0,-22.847070537913712,-47.9326084760791
XSP7,0,-23.110868336213162,-47.001067967139875
DBR9,0,-23.627460641752265,-46.78102540645256
XSP7,0,-23.040464019547983,-46.89202024106907
DPR2,0,-25.298383109894708,-49.14252306841098
XSP9,0,-22.670416982103355,-47.585905161761566
DPR2,0,-25.60328788255141,-49.43002521735008
XCS1,0,-29.00819433101087,-51.13155567267834
XCS1,0,-28.993026198403925,-51.19472882912119
XCS1,0,-29.035947028505166,-51.15391882900675
DBS5,0,-15.608744939974525,-47.84360210334797
DBS5,0,-15.653026096501549,-47.887042918067344
DMG2,0,-19.90851941346827,-44.11069001621403
DMG2,0,-19.86495893533129,-44.06683121990764
DMG2,0,-19.87554227175794,-44.08848743645612
DMG2,0,-19.842551063414366,-44.06628648094777
DRS5,0,-29.631428708108185,-51.19899144925362
DBS5,0,-15.614358099906914,-47.71723204466037
DPR2,0,-25.715699392617918,-49.30609341140631
DCE3,0,-3.696666611847656,-38.6197502183461
DGO2,0,-16.667830117993642,-49.453314084775464
DSP2,0,-23.60818722973689,-46.50191373577447
DPR2,0,-25.6381759102924,-49.2181457955026
DPR2,0,-25.71510300107681,-49.156830183707314
DPR2,0,-25.6915421233519,-49.19866685896382
DPR2,0,-25.656172224633643,-49.26140186186495
DPR2,0,-25.27473098989271,-49.18433410283294
DSP5,0,-22.970945105611314,-47.21066516634911
DCE3,0,-4.215065149844104,-38.56468998179529
DCE3,0,-4.474904210310013,-38.90257635857804
DRS5,0,-29.900005268570457,-51.252397794873204
DMG2,0,-19.851892287894128,-44.13070639828418
DMG2,0,-19.817650253158135,-44.15126635162803
DMG2,0,-20.1830422670672,-43.903292639808285
XCP1,0,-22.719084482236504,-47.26716912049982
DCE3,0,-3.684955063502291,-38.5987250901422
XSP9,0,-22.46010630593434,-47.45147702349522
DBH5,0,-20.057077046953843,-44.007290796813784
XSP9,0,-22.616264448735173,-47.37083270541284
DPR2,0,-25.482641407606042,-49.0422201140626
XSP9,0,-22.649586808102928,-47.77723157179009
XSP9,0,-22.563122060942085,-47.34787842780279
DGO2,0,-16.55001368623425,-49.302685531379105
DBH5,0,-20.027740544131248,-43.856728906485586
XSP9,0,-22.590284857391776,-47.45542659417666
DBH5,0,-20.22650496650292,-43.947170286352026
XSP9,0,-22.600042214661947,-47.47706471457387
XSP9,0,-22.712682851145992,-47.395102243523105
XSP9,0,-22.80551251003747,-47.69672963553227
XSP9,0,-22.771963374658878,-47.71702763049944
DCE3,0,-3.69537765781864,-38.70316055981007
DSP5,0,-22.929850296696902,-47.166685281523925
XSP9,0,-22.474181647243835,-47.3878824604336
XSP9,0,-22.608510077140096,-47.73331744476652
XSP9,0,-22.407975601635606,-47.62054249763676
XSP9,0,-22.35693885762982,-47.555007546186786
XSP9,0,-22.78950820385576,-47.37607972857661
XSP9,0,-22.79581835841011,-47.67509672692911
DSP2,0,-23.407010885569644,-46.66740679401717
DPR2,0,-25.560489789026327,-49.13018789210582
