{
    "type": "FeatureCollection",
    "features": [
        {
            "type": "Feature",
            "geometry": {
                "type": "Point",
                "coordinates": [
                    -46.63564793287892,
                    -23.47151674326042
                ]
            },
            "properties": {
                "entity": "PARTNER",
                "radius": 1100,
                "total": 70
            }
        },
        {
            "type": "Feature",
            "geometry": {
                "type": "Point",
                "coordinates": [
                    -43.26632949161433,
                    -22.89399744420345
                ]
            },
            "properties": {
                "entity": "PARTNER",
                "radius": 500,
                "total": 69
            }
        },
        {
            "type": "Feature",
            "geometry": {
                "type": "Point",
                "coordinates": [
                    -43.43537216122043,
                    -22.89440246037886
                ]
            },
            "properties": {
                "entity": "PARTNER",
                "radius": 1100,
                "total": 65
            }
        },
        {
            "type": "Feature",
            "geometry": {
                "type": "Point",
                "coordinates": [
                    -43.24538433012335,
                    -22.917782214463386
                ]
            },
            "properties": {
                "entity": "PARTNER",
                "radius": 200,
                "total": 66
            }
        },
        {
            "type": "Feature",
            "geometry": {
                "type": "Point",
                "coordinates": [
                    -43.35086874614861,
                    -22.958586742831123
                ]
            },
            "properties": {
                "entity": "PARTNER",
                "radius": 500,
                "total": 64
            }
        },
        {
            "type": "Feature",
            "geometry": {
                "type": "Point",
                "coordinates": [
                    -46.531951396811756,
                    -23.588401551718157
                ]
            },
            "properties": {
                "entity": "PARTNER",
                "radius": 500,
                "total": 70
            }
        },
        {
            "type": "Feature",
            "geometry": {
                "type": "Point",
                "coordinates": [
                    -46.58095840220958,
                    -23.589226533707066
                ]
            },
            "properties": {
                "entity": "PARTNER",
                "radius": 200,
                "total": 69
            }
        },
        {
            "type": "Feature",
            "geometry": {
                "type": "Point",
                "coordinates": [
                    -43.27573042085952,
                    -22.901523399153465
                ]
            },
            "properties": {
                "entity": "PARTNER",
                "radius": 500,
                "total": 69
            }
        },
        {
            "type": "Feature",
            "geometry": {
                "type": "Point",
                "coordinates": [
                    -46.41995997223609,
                    -23.422908332057926
                ]
            },
            "properties": {
                "entity": "PARTNER",
                "radius": 1100,
                "total": 70
            }
        },
        {
            "type": "Feature",
            "geometry": {
                "type": "Point",
                "coordinates": [
                    -46.41793021754466,
                    -23.45837023614009
                ]
            },
            "properties": {
                "entity": "PARTNER",
                "radius": 500,
                "total": 46
            }
        },
        {
            "type": "Feature",
            "geometry": {
                "type": "Point",
                "coordinates": [
                    -46.576413922917844,
                    -23.53877077280276
                ]
            },
            "properties": {
                "entity": "PARTNER",
                "radius": 200,
                "total": 68
            }
        },
        {
            "type": "Feature",
            "geometry": {
                "type": "Point",
                "coordinates": [
                    -46.41145710026264,
                    -23.446358922898526
                ]
            },
            "properties": {
                "entity": "PARTNER",
                "radius": 500,
                "total": 52
            }
        },
        {
            "type": "Feature",
            "geometry": {
                "type": "Point",
                "coordinates": [
                    -43.56723813967818,
                    -22.883205452953085
                ]
            },
            "properties": {
                "entity": "PARTNER",
                "radius": 800,
                "total": 70
            }
        },
        {
            "type": "Feature",
            "geometry": {
                "type": "Point",
                "coordinates": [
                    -43.395257830645406,
                    -22.887669297624168
                ]
            },
            "properties": {
                "entity": "PARTNER",
                "radius": 200,
                "total": 70
            }
        },
        {
            "type": "Feature",
            "geometry": {
                "type": "Point",
                "coordinates": [
                    -47.300013350263214,
                    -23.199420733958846
                ]
            },
            "properties": {
                "entity": "PARTNER",
                "radius": 800,
                "total": 61
            }
        },
        {
            "type": "Feature",
            "geometry": {
                "type": "Point",
                "coordinates": [
                    -43.48117609851138,
                    -22.882359098304256
                ]
            },
            "properties": {
                "entity": "PARTNER",
                "radius": 800,
                "total": 55
            }
        },
        {
            "type": "Feature",
            "geometry": {
                "type": "Point",
                "coordinates": [
                    -46.38574448072633,
                    -23.404438396187754
                ]
            },
            "properties": {
                "entity": "PARTNER",
                "radius": 800,
                "total": 57
            }
        },
        {
            "type": "Feature",
            "geometry": {
                "type": "Point",
                "coordinates": [
                    -46.512485700420164,
                    -23.446416071797348
                ]
            },
            "properties": {
                "entity": "PARTNER",
                "radius": 200,
                "total": 55
            }
        },
        {
            "type": "Feature",
            "geometry": {
                "type": "Point",
                "coordinates": [
                    -46.51774399555512,
                    -23.521484471007277
                ]
            },
            "properties": {
                "entity": "PARTNER",
                "radius": 500,
                "total": 70
            }
        },
        {
            "type": "Feature",
            "geometry": {
                "type": "Point",
                "coordinates": [
                    -46.51558759053763,
                    -23.44781271812548
                ]
            },
            "properties": {
                "entity": "PARTNER",
                "radius": 500,
                "total": 69
            }
        },
        {
            "type": "Feature",
            "geometry": {
                "type": "Point",
                "coordinates": [
                    -46.609361025067805,
                    -23.514216070396472
                ]
            },
            "properties": {
                "entity": "PARTNER",
                "radius": 200,
                "total": 59
            }
        },
        {
            "type": "Feature",
            "geometry": {
                "type": "Point",
                "coordinates": [
                    -47.05007746670772,
                    -22.910807866760546
                ]
            },
            "properties": {
                "entity": "PARTNER",
                "radius": 500,
                "total": 70
            }
        },
        {
            "type": "Feature",
            "geometry": {
                "type": "Point",
                "coordinates": [
                    -43.4197530563666,
                    -22.883941509681367
                ]
            },
            "properties": {
                "entity": "PARTNER",
                "radius": 1100,
                "total": 47
            }
        },
        {
            "type": "Feature",
            "geometry": {
                "type": "Point",
                "coordinates": [
                    -43.55904818452818,
                    -22.925305521198872
                ]
            },
            "properties": {
                "entity": "PARTNER",
                "radius": 500,
                "total": 70
            }
        },
        {
            "type": "Feature",
            "geometry": {
                "type": "Point",
                "coordinates": [
                    -43.24249803925011,
                    -22.925608345191343
                ]
            },
            "properties": {
                "entity": "PARTNER",
                "radius": 200,
                "total": 66
            }
        },
        {
            "type": "Feature",
            "geometry": {
                "type": "Point",
                "coordinates": [
                    -43.42907941051574,
                    -22.888357686626122
                ]
            },
            "properties": {
                "entity": "PARTNER",
                "radius": 1100,
                "total": 45
            }
        },
        {
            "type": "Feature",
            "geometry": {
                "type": "Point",
                "coordinates": [
                    -43.54525023596651,
                    -22.86361318053738
                ]
            },
            "properties": {
                "entity": "PARTNER",
                "radius": 800,
                "total": 53
            }
        },
        {
            "type": "Feature",
            "geometry": {
                "type": "Point",
                "coordinates": [
                    -46.54979760631108,
                    -23.46623972111235
                ]
            },
            "properties": {
                "entity": "PARTNER",
                "radius": 500,
                "total": 70
            }
        },
        {
            "type": "Feature",
            "geometry": {
                "type": "Point",
                "coordinates": [
                    -44.053617572167965,
                    -19.950185980996572
                ]
            },
            "properties": {
                "entity": "PARTNER",
                "radius": 500,
                "total": 70
            }
        },
        {
            "type": "Feature",
            "geometry": {
                "type": "Point",
                "coordinates": [
                    -47.27504706192025,
                    -23.282279723907987
                ]
            },
            "properties": {
                "entity": "PARTNER",
                "radius": 800,
                "total": 50
            }
        },
        {
            "type": "Feature",
            "geometry": {
                "type": "Point",
                "coordinates": [
                    -43.28505708303391,
                    -22.90594726281072
                ]
            },
            "properties": {
                "entity": "PARTNER",
                "radius": 200,
                "total": 70
            }
        },
        {
            "type": "Feature",
            "geometry": {
                "type": "Point",
                "coordinates": [
                    -46.5411219718172,
                    -23.4835427351592
                ]
            },
            "properties": {
                "entity": "PARTNER",
                "radius": 200,
                "total": 66
            }
        },
        {
            "type": "Feature",
            "geometry": {
                "type": "Point",
                "coordinates": [
                    -43.355292572349455,
                    -22.887128442603792
                ]
            },
            "properties": {
                "entity": "PARTNER",
                "radius": 500,
                "total": 70
            }
        },
        {
            "type": "Feature",
            "geometry": {
                "type": "Point",
                "coordinates": [
                    -43.35765364379231,
                    -22.857582364615986
                ]
            },
            "properties": {
                "entity": "PARTNER",
                "radius": 500,
                "total": 70
            }
        },
        {
            "type": "Feature",
            "geometry": {
                "type": "Point",
                "coordinates": [
                    -48.014213551821754,
                    -15.884737928237485
                ]
            },
            "properties": {
                "entity": "PARTNER",
                "radius": 200,
                "total": 70
            }
        },
        {
            "type": "Feature",
            "geometry": {
                "type": "Point",
                "coordinates": [
                    -38.629612707888114,
                    -3.760132612950935
                ]
            },
            "properties": {
                "entity": "PARTNER",
                "radius": 800,
                "total": 69
            }
        },
        {
            "type": "Feature",
            "geometry": {
                "type": "Point",
                "coordinates": [
                    -38.5906126748314,
                    -3.7418175417796036
                ]
            },
            "properties": {
                "entity": "PARTNER",
                "radius": 200,
                "total": 70
            }
        },
        {
            "type": "Feature",
            "geometry": {
                "type": "Point",
                "coordinates": [
                    -46.41995997223609,
                    -23.422908332057926
                ]
            },
            "properties": {
                "entity": "PARTNER",
                "radius": 1500,
                "total": 70
            }
        },
        {
            "type": "Feature",
            "geometry": {
                "type": "Point",
                "coordinates": [
                    -38.5827982291089,
                    -3.8193086155822416
                ]
            },
            "properties": {
                "entity": "PARTNER",
                "radius": 500,
                "total": 62
            }
        },
        {
            "type": "Feature",
            "geometry": {
                "type": "Point",
                "coordinates": [
                    -49.17398412380882,
                    -25.50545548608407
                ]
            },
            "properties": {
                "entity": "PARTNER",
                "radius": 500,
                "total": 60
            }
        },
        {
            "type": "Feature",
            "geometry": {
                "type": "Point",
                "coordinates": [
                    -49.242577712614256,
                    -25.463677532052788
                ]
            },
            "properties": {
                "entity": "PARTNER",
                "radius": 500,
                "total": 54
            }
        },
        {
            "type": "Feature",
            "geometry": {
                "type": "Point",
                "coordinates": [
                    -47.27224754529576,
                    -23.190030257453436
                ]
            },
            "properties": {
                "entity": "PARTNER",
                "radius": 800,
                "total": 54
            }
        },
        {
            "type": "Feature",
            "geometry": {
                "type": "Point",
                "coordinates": [
                    -43.602573699648325,
                    -22.94585760144354
                ]
            },
            "properties": {
                "entity": "PARTNER",
                "radius": 1100,
                "total": 63
            }
        },
        {
            "type": "Feature",
            "geometry": {
                "type": "Point",
                "coordinates": [
                    -47.128339929449716,
                    -22.872977100500353
                ]
            },
            "properties": {
                "entity": "PARTNER",
                "radius": 1100,
                "total": 53
            }
        },
        {
            "type": "Feature",
            "geometry": {
                "type": "Point",
                "coordinates": [
                    -46.5170251389802,
                    -23.496934495057406
                ]
            },
            "properties": {
                "entity": "PARTNER",
                "radius": 800,
                "total": 70
            }
        },
        {
            "type": "Feature",
            "geometry": {
                "type": "Point",
                "coordinates": [
                    -49.211161256490236,
                    -25.523908189446328
                ]
            },
            "properties": {
                "entity": "PARTNER",
                "radius": 500,
                "total": 51
            }
        },
        {
            "type": "Feature",
            "geometry": {
                "type": "Point",
                "coordinates": [
                    -46.506730875852185,
                    -23.458977157752685
                ]
            },
            "properties": {
                "entity": "PARTNER",
                "radius": 500,
                "total": 68
            }
        },
        {
            "type": "Feature",
            "geometry": {
                "type": "Point",
                "coordinates": [
                    -43.36255735332414,
                    -22.93348278685763
                ]
            },
            "properties": {
                "entity": "PARTNER",
                "radius": 200,
                "total": 70
            }
        },
        {
            "type": "Feature",
            "geometry": {
                "type": "Point",
                "coordinates": [
                    -46.541032008384754,
                    -23.48047309444565
                ]
            },
            "properties": {
                "entity": "PARTNER",
                "radius": 200,
                "total": 50
            }
        },
        {
            "type": "Feature",
            "geometry": {
                "type": "Point",
                "coordinates": [
                    -46.534738266514985,
                    -23.474612280382033
                ]
            },
            "properties": {
                "entity": "PARTNER",
                "radius": 200,
                "total": 60
            }
        },
        {
            "type": "Feature",
            "geometry": {
                "type": "Point",
                "coordinates": [
                    -34.861487946801574,
                    -7.127514803526192
                ]
            },
            "properties": {
                "entity": "PARTNER",
                "radius": 200,
                "total": 64
            }
        },
        {
            "type": "Feature",
            "geometry": {
                "type": "Point",
                "coordinates": [
                    -46.414827698422265,
                    -23.45697169970264
                ]
            },
            "properties": {
                "entity": "PARTNER",
                "radius": 1100,
                "total": 62
            }
        },
        {
            "type": "Feature",
            "geometry": {
                "type": "Point",
                "coordinates": [
                    -34.87689671750861,
                    -7.1939845695609215
                ]
            },
            "properties": {
                "entity": "PARTNER",
                "radius": 500,
                "total": 48
            }
        },
        {
            "type": "Feature",
            "geometry": {
                "type": "Point",
                "coordinates": [
                    -49.32238074986305,
                    -16.701006487324896
                ]
            },
            "properties": {
                "entity": "PARTNER",
                "radius": 500,
                "total": 69
            }
        },
        {
            "type": "Feature",
            "geometry": {
                "type": "Point",
                "coordinates": [
                    -43.99397681937422,
                    -19.886264404003562
                ]
            },
            "properties": {
                "entity": "PARTNER",
                "radius": 200,
                "total": 67
            }
        },
        {
            "type": "Feature",
            "geometry": {
                "type": "Point",
                "coordinates": [
                    -34.832360333699675,
                    -7.175382846040479
                ]
            },
            "properties": {
                "entity": "PARTNER",
                "radius": 800,
                "total": 70
            }
        },
        {
            "type": "Feature",
            "geometry": {
                "type": "Point",
                "coordinates": [
                    -38.612138883818716,
                    -3.7879112669853576
                ]
            },
            "properties": {
                "entity": "PARTNER",
                "radius": 500,
                "total": 57
            }
        },
        {
            "type": "Feature",
            "geometry": {
                "type": "Point",
                "coordinates": [
                    -48.105077036648254,
                    -15.799799507145929
                ]
            },
            "properties": {
                "entity": "PARTNER",
                "radius": 200,
                "total": 52
            }
        },
        {
            "type": "Feature",
            "geometry": {
                "type": "Point",
                "coordinates": [
                    -49.37050270680451,
                    -16.704964606499757
                ]
            },
            "properties": {
                "entity": "PARTNER",
                "radius": 1100,
                "total": 55
            }
        },
        {
            "type": "Feature",
            "geometry": {
                "type": "Point",
                "coordinates": [
                    -43.947490867325314,
                    -19.860356704888577
                ]
            },
            "properties": {
                "entity": "PARTNER",
                "radius": 200,
                "total": 66
            }
        },
        {
            "type": "Feature",
            "geometry": {
                "type": "Point",
                "coordinates": [
                    -34.828817614900544,
                    -7.112284304053417
                ]
            },
            "properties": {
                "entity": "PARTNER",
                "radius": 200,
                "total": 68
            }
        },
        {
            "type": "Feature",
            "geometry": {
                "type": "Point",
                "coordinates": [
                    -34.873508647062565,
                    -7.1479402379389105
                ]
            },
            "properties": {
                "entity": "PARTNER",
                "radius": 500,
                "total": 62
            }
        },
        {
            "type": "Feature",
            "geometry": {
                "type": "Point",
                "coordinates": [
                    -34.8174330431914,
                    -7.160085707053614
                ]
            },
            "properties": {
                "entity": "PARTNER",
                "radius": 500,
                "total": 62
            }
        },
        {
            "type": "Feature",
            "geometry": {
                "type": "Point",
                "coordinates": [
                    -49.2526650298813,
                    -25.491362028047853
                ]
            },
            "properties": {
                "entity": "PARTNER",
                "radius": 500,
                "total": 70
            }
        },
        {
            "type": "Feature",
            "geometry": {
                "type": "Point",
                "coordinates": [
                    -34.84146972794369,
                    -7.200934641100593
                ]
            },
            "properties": {
                "entity": "PARTNER",
                "radius": 800,
                "total": 67
            }
        },
        {
            "type": "Feature",
            "geometry": {
                "type": "Point",
                "coordinates": [
                    -43.30828865941695,
                    -22.849504041607968
                ]
            },
            "properties": {
                "entity": "PARTNER",
                "radius": 500,
                "total": 70
            }
        },
        {
            "type": "Feature",
            "geometry": {
                "type": "Point",
                "coordinates": [
                    -40.411660876581855,
                    -20.370799317911644
                ]
            },
            "properties": {
                "entity": "PARTNER",
                "radius": 1500,
                "total": 70
            }
        },
        {
            "type": "Feature",
            "geometry": {
                "type": "Point",
                "coordinates": [
                    -46.510054073493734,
                    -23.572513359927093
                ]
            },
            "properties": {
                "entity": "PARTNER",
                "radius": 200,
                "total": 48
            }
        },
        {
            "type": "Feature",
            "geometry": {
                "type": "Point",
                "coordinates": [
                    -38.5532082643856,
                    -3.8335136868682227
                ]
            },
            "properties": {
                "entity": "PARTNER",
                "radius": 200,
                "total": 48
            }
        },
        {
            "type": "Feature",
            "geometry": {
                "type": "Point",
                "coordinates": [
                    -34.938674508269486,
                    -8.097195619811638
                ]
            },
            "properties": {
                "entity": "PARTNER",
                "radius": 200,
                "total": 62
            }
        },
        {
            "type": "Feature",
            "geometry": {
                "type": "Point",
                "coordinates": [
                    -46.50834741994712,
                    -23.51423044072977
                ]
            },
            "properties": {
                "entity": "PARTNER",
                "radius": 200,
                "total": 63
            }
        },
        {
            "type": "Feature",
            "geometry": {
                "type": "Point",
                "coordinates": [
                    -46.56786748362737,
                    -23.456190079022317
                ]
            },
            "properties": {
                "entity": "PARTNER",
                "radius": 200,
                "total": 51
            }
        },
        {
            "type": "Feature",
            "geometry": {
                "type": "Point",
                "coordinates": [
                    -46.496566623658886,
                    -23.530127466963133
                ]
            },
            "properties": {
                "entity": "PARTNER",
                "radius": 200,
                "total": 54
            }
        },
        {
            "type": "Feature",
            "geometry": {
                "type": "Point",
                "coordinates": [
                    -46.55379957604678,
                    -23.498330620821573
                ]
            },
            "properties": {
                "entity": "PARTNER",
                "radius": 500,
                "total": 68
            }
        },
        {
            "type": "Feature",
            "geometry": {
                "type": "Point",
                "coordinates": [
                    -40.40700946638027,
                    -20.28632799678773
                ]
            },
            "properties": {
                "entity": "PARTNER",
                "radius": 1500,
                "total": 45
            }
        },
        {
            "type": "Feature",
            "geometry": {
                "type": "Point",
                "coordinates": [
                    -49.267859117206555,
                    -16.58784437532477
                ]
            },
            "properties": {
                "entity": "PARTNER",
                "radius": 1100,
                "total": 48
            }
        },
        {
            "type": "Feature",
            "geometry": {
                "type": "Point",
                "coordinates": [
                    -49.27708741294383,
                    -16.78836378998517
                ]
            },
            "properties": {
                "entity": "PARTNER",
                "radius": 1500,
                "total": 70
            }
        },
        {
            "type": "Feature",
            "geometry": {
                "type": "Point",
                "coordinates": [
                    -34.88177438626296,
                    -8.030878723646277
                ]
            },
            "properties": {
                "entity": "PARTNER",
                "radius": 200,
                "total": 66
            }
        },
        {
            "type": "Feature",
            "geometry": {
                "type": "Point",
                "coordinates": [
                    -46.5170251389802,
                    -23.496934495057406
                ]
            },
            "properties": {
                "entity": "PARTNER",
                "radius": 800,
                "total": 69
            }
        },
        {
            "type": "Feature",
            "geometry": {
                "type": "Point",
                "coordinates": [
                    -46.329809958350374,
                    -23.376143036305493
                ]
            },
            "properties": {
                "entity": "PARTNER",
                "radius": 1100,
                "total": 51
            }
        },
        {
            "type": "Feature",
            "geometry": {
                "type": "Point",
                "coordinates": [
                    -38.61228886656661,
                    -3.798225533572316
                ]
            },
            "properties": {
                "entity": "PARTNER",
                "radius": 800,
                "total": 69
            }
        },
        {
            "type": "Feature",
            "geometry": {
                "type": "Point",
                "coordinates": [
                    -49.266527975932924,
                    -16.7382939363428
                ]
            },
            "properties": {
                "entity": "PARTNER",
                "radius": 200,
                "total": 51
            }
        },
        {
            "type": "Feature",
            "geometry": {
                "type": "Point",
                "coordinates": [
                    -46.53213127099018,
                    -23.594532822825396
                ]
            },
            "properties": {
                "entity": "PARTNER",
                "radius": 500,
                "total": 70
            }
        },
        {
            "type": "Feature",
            "geometry": {
                "type": "Point",
                "coordinates": [
                    -40.270660568299455,
                    -20.19164576541806
                ]
            },
            "properties": {
                "entity": "PARTNER",
                "radius": 500,
                "total": 69
            }
        },
        {
            "type": "Feature",
            "geometry": {
                "type": "Point",
                "coordinates": [
                    -46.59533041086385,
                    -23.453393035181207
                ]
            },
            "properties": {
                "entity": "PARTNER",
                "radius": 500,
                "total": 67
            }
        },
        {
            "type": "Feature",
            "geometry": {
                "type": "Point",
                "coordinates": [
                    -46.60899988943106,
                    -23.501942636025877
                ]
            },
            "properties": {
                "entity": "PARTNER",
                "radius": 200,
                "total": 68
            }
        },
        {
            "type": "Feature",
            "geometry": {
                "type": "Point",
                "coordinates": [
                    -43.97688374718665,
                    -19.937977920167228
                ]
            },
            "properties": {
                "entity": "PARTNER",
                "radius": 200,
                "total": 68
            }
        },
        {
            "type": "Feature",
            "geometry": {
                "type": "Point",
                "coordinates": [
                    -34.930512205671114,
                    -8.173841675954366
                ]
            },
            "properties": {
                "entity": "PARTNER",
                "radius": 200,
                "total": 64
            }
        },
        {
            "type": "Feature",
            "geometry": {
                "type": "Point",
                "coordinates": [
                    -51.1342779307947,
                    -29.987869853976743
                ]
            },
            "properties": {
                "entity": "PARTNER",
                "radius": 800,
                "total": 69
            }
        },
        {
            "type": "Feature",
            "geometry": {
                "type": "Point",
                "coordinates": [
                    -38.56507403008164,
                    -3.829894663184132
                ]
            },
            "properties": {
                "entity": "PARTNER",
                "radius": 500,
                "total": 47
            }
        },
        {
            "type": "Feature",
            "geometry": {
                "type": "Point",
                "coordinates": [
                    -49.20332702390032,
                    -25.56168849380603
                ]
            },
            "properties": {
                "entity": "PARTNER",
                "radius": 500,
                "total": 54
            }
        },
        {
            "type": "Feature",
            "geometry": {
                "type": "Point",
                "coordinates": [
                    -34.826256325718276,
                    -7.154936986144281
                ]
            },
            "properties": {
                "entity": "PARTNER",
                "radius": 200,
                "total": 69
            }
        },
        {
            "type": "Feature",
            "geometry": {
                "type": "Point",
                "coordinates": [
                    -49.28026263298256,
                    -25.40896018307759
                ]
            },
            "properties": {
                "entity": "PARTNER",
                "radius": 500,
                "total": 67
            }
        },
        {
            "type": "Feature",
            "geometry": {
                "type": "Point",
                "coordinates": [
                    -46.58104856700331,
                    -23.592291966507446
                ]
            },
            "properties": {
                "entity": "PARTNER",
                "radius": 500,
                "total": 70
            }
        },
        {
            "type": "Feature",
            "geometry": {
                "type": "Point",
                "coordinates": [
                    -34.92656817389454,
                    -8.06996808529337
                ]
            },
            "properties": {
                "entity": "PARTNER",
                "radius": 200,
                "total": 67
            }
        },
        {
            "type": "Feature",
            "geometry": {
                "type": "Point",
                "coordinates": [
                    -49.22479354831929,
                    -16.650624258214325
                ]
            },
            "properties": {
                "entity": "PARTNER",
                "radius": 200,
                "total": 55
            }
        },
        {
            "type": "Feature",
            "geometry": {
                "type": "Point",
                "coordinates": [
                    -34.861965190133944,
                    -7.178687235932695
                ]
            },
            "properties": {
                "entity": "PARTNER",
                "radius": 200,
                "total": 58
            }
        },
        {
            "type": "Feature",
            "geometry": {
                "type": "Point",
                "coordinates": [
                    -34.88532718245884,
                    -8.093883882143698
                ]
            },
            "properties": {
                "entity": "PARTNER",
                "radius": 200,
                "total": 55
            }
        },
        {
            "type": "Feature",
            "geometry": {
                "type": "Point",
                "coordinates": [
                    -51.15536149342183,
                    -29.83174175111636
                ]
            },
            "properties": {
                "entity": "PARTNER",
                "radius": 800,
                "total": 70
            }
        },
        {
            "type": "Feature",
            "geometry": {
                "type": "Point",
                "coordinates": [
                    -49.15937585313867,
                    -25.434775344836925
                ]
            },
            "properties": {
                "entity": "PARTNER",
                "radius": 1100,
                "total": 70
            }
        },
        {
            "type": "Feature",
            "geometry": {
                "type": "Point",
                "coordinates": [
                    -46.51127001113888,
                    -23.509488461414282
                ]
            },
            "properties": {
                "entity": "PARTNER",
                "radius": 800,
                "total": 70
            }
        },
        {
            "type": "Feature",
            "geometry": {
                "type": "Point",
                "coordinates": [
                    -49.21766183110371,
                    -25.447399435706323
                ]
            },
            "properties": {
                "entity": "PARTNER",
                "radius": 800,
                "total": 70
            }
        },
        {
            "type": "Feature",
            "geometry": {
                "type": "Point",
                "coordinates": [
                    -35.22228595577051,
                    -7.098705435020449
                ]
            },
            "properties": {
                "entity": "PARTNER",
                "radius": 800,
                "total": 46
            }
        },
        {
            "type": "Feature",
            "geometry": {
                "type": "Point",
                "coordinates": [
                    -49.25461558343259,
                    -25.547893613895805
                ]
            },
            "properties": {
                "entity": "PARTNER",
                "radius": 800,
                "total": 70
            }
        },
        {
            "type": "Feature",
            "geometry": {
                "type": "Point",
                "coordinates": [
                    -46.524397902904255,
                    -23.539613689274194
                ]
            },
            "properties": {
                "entity": "PARTNER",
                "radius": 200,
                "total": 45
            }
        },
        {
            "type": "Feature",
            "geometry": {
                "type": "Point",
                "coordinates": [
                    -49.19972519381729,
                    -25.545528139760496
                ]
            },
            "properties": {
                "entity": "PARTNER",
                "radius": 200,
                "total": 65
            }
        },
        {
            "type": "Feature",
            "geometry": {
                "type": "Point",
                "coordinates": [
                    -51.11615056392009,
                    -29.688689415628474
                ]
            },
            "properties": {
                "entity": "PARTNER",
                "radius": 500,
                "total": 70
            }
        },
        {
            "type": "Feature",
            "geometry": {
                "type": "Point",
                "coordinates": [
                    -47.280772197773736,
                    -23.26967952940911
                ]
            },
            "properties": {
                "entity": "PARTNER",
                "radius": 1100,
                "total": 60
            }
        },
        {
            "type": "Feature",
            "geometry": {
                "type": "Point",
                "coordinates": [
                    -46.52646569363986,
                    -23.610138141022993
                ]
            },
            "properties": {
                "entity": "PARTNER",
                "radius": 1100,
                "total": 47
            }
        },
        {
            "type": "Feature",
            "geometry": {
                "type": "Point",
                "coordinates": [
                    -46.543101384620755,
                    -23.551046057741083
                ]
            },
            "properties": {
                "entity": "PARTNER",
                "radius": 200,
                "total": 70
            }
        },
        {
            "type": "Feature",
            "geometry": {
                "type": "Point",
                "coordinates": [
                    -43.56829919396676,
                    -22.926611430323995
                ]
            },
            "properties": {
                "entity": "PARTNER",
                "radius": 800,
                "total": 70
            }
        },
        {
            "type": "Feature",
            "geometry": {
                "type": "Point",
                "coordinates": [
                    -38.570434353487535,
                    -3.7885484378839545
                ]
            },
            "properties": {
                "entity": "PARTNER",
                "radius": 500,
                "total": 70
            }
        },
        {
            "type": "Feature",
            "geometry": {
                "type": "Point",
                "coordinates": [
                    -46.46541833736085,
                    -23.407020375369882
                ]
            },
            "properties": {
                "entity": "PARTNER",
                "radius": 200,
                "total": 52
            }
        },
        {
            "type": "Feature",
            "geometry": {
                "type": "Point",
                "coordinates": [
                    -47.78151142383996,
                    -15.649491102292357
                ]
            },
            "properties": {
                "entity": "PARTNER",
                "radius": 500,
                "total": 70
            }
        },
        {
            "type": "Feature",
            "geometry": {
                "type": "Point",
                "coordinates": [
                    -49.1974720961516,
                    -25.480056003758566
                ]
            },
            "properties": {
                "entity": "PARTNER",
                "radius": 800,
                "total": 46
            }
        },
        {
            "type": "Feature",
            "geometry": {
                "type": "Point",
                "coordinates": [
                    -47.06990086054738,
                    -22.85880766971381
                ]
            },
            "properties": {
                "entity": "PARTNER",
                "radius": 500,
                "total": 63
            }
        },
        {
            "type": "Feature",
            "geometry": {
                "type": "Point",
                "coordinates": [
                    -46.53788644314599,
                    -23.58199061501066
                ]
            },
            "properties": {
                "entity": "PARTNER",
                "radius": 500,
                "total": 70
            }
        },
        {
            "type": "Feature",
            "geometry": {
                "type": "Point",
                "coordinates": [
                    -46.548495745443596,
                    -23.526226413798923
                ]
            },
            "properties": {
                "entity": "PARTNER",
                "radius": 500,
                "total": 70
            }
        },
        {
            "type": "Feature",
            "geometry": {
                "type": "Point",
                "coordinates": [
                    -34.83811613217871,
                    -7.15830535442016
                ]
            },
            "properties": {
                "entity": "PARTNER",
                "radius": 500,
                "total": 70
            }
        },
        {
            "type": "Feature",
            "geometry": {
                "type": "Point",
                "coordinates": [
                    -49.19550908655781,
                    -25.511509632481538
                ]
            },
            "properties": {
                "entity": "PARTNER",
                "radius": 800,
                "total": 48
            }
        },
        {
            "type": "Feature",
            "geometry": {
                "type": "Point",
                "coordinates": [
                    -40.31959850003977,
                    -20.355589591095562
                ]
            },
            "properties": {
                "entity": "PARTNER",
                "radius": 500,
                "total": 69
            }
        },
        {
            "type": "Feature",
            "geometry": {
                "type": "Point",
                "coordinates": [
                    -40.39300730069262,
                    -20.35501134440788
                ]
            },
            "properties": {
                "entity": "PARTNER",
                "radius": 800,
                "total": 69
            }
        },
        {
            "type": "Feature",
            "geometry": {
                "type": "Point",
                "coordinates": [
                    -44.05161205409964,
                    -19.993440638188314
                ]
            },
            "properties": {
                "entity": "PARTNER",
                "radius": 1100,
                "total": 65
            }
        },
        {
            "type": "Feature",
            "geometry": {
                "type": "Point",
                "coordinates": [
                    -49.27322962419576,
                    -16.76080582083446
                ]
            },
            "properties": {
                "entity": "PARTNER",
                "radius": 500,
                "total": 63
            }
        },
        {
            "type": "Feature",
            "geometry": {
                "type": "Point",
                "coordinates": [
                    -43.887230243081135,
                    -19.897277874686562
                ]
            },
            "properties": {
                "entity": "PARTNER",
                "radius": 500,
                "total": 70
            }
        },
        {
            "type": "Feature",
            "geometry": {
                "type": "Point",
                "coordinates": [
                    -38.55481987504493,
                    -3.7389268302540835
                ]
            },
            "properties": {
                "entity": "PARTNER",
                "radius": 200,
                "total": 68
            }
        },
        {
            "type": "Feature",
            "geometry": {
                "type": "Point",
                "coordinates": [
                    -38.60878504202999,
                    -3.7621714866873965
                ]
            },
            "properties": {
                "entity": "PARTNER",
                "radius": 200,
                "total": 67
            }
        },
        {
            "type": "Feature",
            "geometry": {
                "type": "Point",
                "coordinates": [
                    -46.5402223761354,
                    -23.452841215710425
                ]
            },
            "properties": {
                "entity": "PARTNER",
                "radius": 200,
                "total": 70
            }
        },
        {
            "type": "Feature",
            "geometry": {
                "type": "Point",
                "coordinates": [
                    -43.51597701591604,
                    -22.923337033923172
                ]
            },
            "properties": {
                "entity": "PARTNER",
                "radius": 1100,
                "total": 50
            }
        },
        {
            "type": "Feature",
            "geometry": {
                "type": "Point",
                "coordinates": [
                    -49.25318745966717,
                    -25.418203217089655
                ]
            },
            "properties": {
                "entity": "PARTNER",
                "radius": 200,
                "total": 65
            }
        },
        {
            "type": "Feature",
            "geometry": {
                "type": "Point",
                "coordinates": [
                    -34.93572833545083,
                    -8.09890406848771
                ]
            },
            "properties": {
                "entity": "PARTNER",
                "radius": 500,
                "total": 62
            }
        },
        {
            "type": "Feature",
            "geometry": {
                "type": "Point",
                "coordinates": [
                    -46.51886917976573,
                    -23.45535094900901
                ]
            },
            "properties": {
                "entity": "PARTNER",
                "radius": 500,
                "total": 67
            }
        },
        {
            "type": "Feature",
            "geometry": {
                "type": "Point",
                "coordinates": [
                    -34.936082807871976,
                    -8.136369483281925
                ]
            },
            "properties": {
                "entity": "PARTNER",
                "radius": 200,
                "total": 51
            }
        },
        {
            "type": "Feature",
            "geometry": {
                "type": "Point",
                "coordinates": [
                    -44.032191543221174,
                    -19.949202016358143
                ]
            },
            "properties": {
                "entity": "PARTNER",
                "radius": 500,
                "total": 70
            }
        },
        {
            "type": "Feature",
            "geometry": {
                "type": "Point",
                "coordinates": [
                    -34.85544630621706,
                    -7.113890477319319
                ]
            },
            "properties": {
                "entity": "PARTNER",
                "radius": 200,
                "total": 67
            }
        },
        {
            "type": "Feature",
            "geometry": {
                "type": "Point",
                "coordinates": [
                    -43.93271616284932,
                    -19.881592750681065
                ]
            },
            "properties": {
                "entity": "PARTNER",
                "radius": 200,
                "total": 64
            }
        },
        {
            "type": "Feature",
            "geometry": {
                "type": "Point",
                "coordinates": [
                    -40.22785406976047,
                    -20.191961147316416
                ]
            },
            "properties": {
                "entity": "PARTNER",
                "radius": 500,
                "total": 70
            }
        },
        {
            "type": "Feature",
            "geometry": {
                "type": "Point",
                "coordinates": [
                    -38.58210033371322,
                    -3.771176789900692
                ]
            },
            "properties": {
                "entity": "PARTNER",
                "radius": 200,
                "total": 70
            }
        },
        {
            "type": "Feature",
            "geometry": {
                "type": "Point",
                "coordinates": [
                    -38.55186626590272,
                    -3.740691257442779
                ]
            },
            "properties": {
                "entity": "PARTNER",
                "radius": 500,
                "total": 70
            }
        },
        {
            "type": "Feature",
            "geometry": {
                "type": "Point",
                "coordinates": [
                    -49.20047580573973,
                    -25.39028676911452
                ]
            },
            "properties": {
                "entity": "PARTNER",
                "radius": 800,
                "total": 70
            }
        },
        {
            "type": "Feature",
            "geometry": {
                "type": "Point",
                "coordinates": [
                    -46.64176001298521,
                    -23.4712340548341
                ]
            },
            "properties": {
                "entity": "PARTNER",
                "radius": 1500,
                "total": 70
            }
        },
        {
            "type": "Feature",
            "geometry": {
                "type": "Point",
                "coordinates": [
                    -49.37784559384275,
                    -25.590394694597915
                ]
            },
            "properties": {
                "entity": "PARTNER",
                "radius": 1100,
                "total": 59
            }
        },
        {
            "type": "Feature",
            "geometry": {
                "type": "Point",
                "coordinates": [
                    -38.6458872761978,
                    -3.8544550287595416
                ]
            },
            "properties": {
                "entity": "PARTNER",
                "radius": 800,
                "total": 70
            }
        },
        {
            "type": "Feature",
            "geometry": {
                "type": "Point",
                "coordinates": [
                    -44.05137876239271,
                    -19.98384961359692
                ]
            },
            "properties": {
                "entity": "PARTNER",
                "radius": 800,
                "total": 70
            }
        },
        {
            "type": "Feature",
            "geometry": {
                "type": "Point",
                "coordinates": [
                    -46.5349639217835,
                    -23.586729073803156
                ]
            },
            "properties": {
                "entity": "PARTNER",
                "radius": 200,
                "total": 63
            }
        },
        {
            "type": "Feature",
            "geometry": {
                "type": "Point",
                "coordinates": [
                    -43.36832644036087,
                    -22.91782756513305
                ]
            },
            "properties": {
                "entity": "PARTNER",
                "radius": 200,
                "total": 48
            }
        },
        {
            "type": "Feature",
            "geometry": {
                "type": "Point",
                "coordinates": [
                    -43.378177460121556,
                    -22.943943246549864
                ]
            },
            "properties": {
                "entity": "PARTNER",
                "radius": 500,
                "total": 68
            }
        },
        {
            "type": "Feature",
            "geometry": {
                "type": "Point",
                "coordinates": [
                    -35.02637752698396,
                    -8.282659489075465
                ]
            },
            "properties": {
                "entity": "PARTNER",
                "radius": 200,
                "total": 57
            }
        },
        {
            "type": "Feature",
            "geometry": {
                "type": "Point",
                "coordinates": [
                    -49.232913198376465,
                    -25.35978336472205
                ]
            },
            "properties": {
                "entity": "PARTNER",
                "radius": 1100,
                "total": 70
            }
        },
        {
            "type": "Feature",
            "geometry": {
                "type": "Point",
                "coordinates": [
                    -49.21489501276932,
                    -25.36693682831334
                ]
            },
            "properties": {
                "entity": "PARTNER",
                "radius": 1100,
                "total": 58
            }
        },
        {
            "type": "Feature",
            "geometry": {
                "type": "Point",
                "coordinates": [
                    -49.25061219085102,
                    -25.43180844412177
                ]
            },
            "properties": {
                "entity": "PARTNER",
                "radius": 200,
                "total": 57
            }
        },
        {
            "type": "Feature",
            "geometry": {
                "type": "Point",
                "coordinates": [
                    -38.6274097236637,
                    -3.813469357088879
                ]
            },
            "properties": {
                "entity": "PARTNER",
                "radius": 800,
                "total": 51
            }
        },
        {
            "type": "Feature",
            "geometry": {
                "type": "Point",
                "coordinates": [
                    -38.579295988764216,
                    -3.78325513210415
                ]
            },
            "properties": {
                "entity": "PARTNER",
                "radius": 200,
                "total": 56
            }
        },
        {
            "type": "Feature",
            "geometry": {
                "type": "Point",
                "coordinates": [
                    -49.325862361520095,
                    -25.583422637881142
                ]
            },
            "properties": {
                "entity": "PARTNER",
                "radius": 1100,
                "total": 64
            }
        },
        {
            "type": "Feature",
            "geometry": {
                "type": "Point",
                "coordinates": [
                    -34.93041560485917,
                    -8.163625082239932
                ]
            },
            "properties": {
                "entity": "PARTNER",
                "radius": 500,
                "total": 70
            }
        },
        {
            "type": "Feature",
            "geometry": {
                "type": "Point",
                "coordinates": [
                    -38.58249911957112,
                    -3.7986805535464114
                ]
            },
            "properties": {
                "entity": "PARTNER",
                "radius": 500,
                "total": 70
            }
        },
        {
            "type": "Feature",
            "geometry": {
                "type": "Point",
                "coordinates": [
                    -38.579096658557866,
                    -3.769503349987381
                ]
            },
            "properties": {
                "entity": "PARTNER",
                "radius": 500,
                "total": 70
            }
        },
        {
            "type": "Feature",
            "geometry": {
                "type": "Point",
                "coordinates": [
                    -51.18368925945724,
                    -30.00589026359044
                ]
            },
            "properties": {
                "entity": "PARTNER",
                "radius": 200,
                "total": 65
            }
        },
        {
            "type": "Feature",
            "geometry": {
                "type": "Point",
                "coordinates": [
                    -38.58645046444341,
                    -3.865677224168094
                ]
            },
            "properties": {
                "entity": "PARTNER",
                "radius": 500,
                "total": 68
            }
        },
        {
            "type": "Feature",
            "geometry": {
                "type": "Point",
                "coordinates": [
                    -46.50232245913488,
                    -23.517576748252825
                ]
            },
            "properties": {
                "entity": "PARTNER",
                "radius": 500,
                "total": 62
            }
        },
        {
            "type": "Feature",
            "geometry": {
                "type": "Point",
                "coordinates": [
                    -46.52529688655773,
                    -23.570283903213475
                ]
            },
            "properties": {
                "entity": "PARTNER",
                "radius": 500,
                "total": 70
            }
        },
        {
            "type": "Feature",
            "geometry": {
                "type": "Point",
                "coordinates": [
                    -38.587708791558995,
                    -3.7470200720602547
                ]
            },
            "properties": {
                "entity": "PARTNER",
                "radius": 500,
                "total": 59
            }
        },
        {
            "type": "Feature",
            "geometry": {
                "type": "Point",
                "coordinates": [
                    -46.56184435264393,
                    -23.45954027117963
                ]
            },
            "properties": {
                "entity": "PARTNER",
                "radius": 500,
                "total": 70
            }
        },
        {
            "type": "Feature",
            "geometry": {
                "type": "Point",
                "coordinates": [
                    -49.254941409684335,
                    -25.380752439361522
                ]
            },
            "properties": {
                "entity": "PARTNER",
                "radius": 200,
                "total": 68
            }
        },
        {
            "type": "Feature",
            "geometry": {
                "type": "Point",
                "coordinates": [
                    -38.584256473335046,
                    -3.714405769467956
                ]
            },
            "properties": {
                "entity": "PARTNER",
                "radius": 500,
                "total": 67
            }
        },
        {
            "type": "Feature",
            "geometry": {
                "type": "Point",
                "coordinates": [
                    -43.89341848699978,
                    -19.900307555252645
                ]
            },
            "properties": {
                "entity": "PARTNER",
                "radius": 500,
                "total": 68
            }
        },
        {
            "type": "Feature",
            "geometry": {
                "type": "Point",
                "coordinates": [
                    -46.6483242883398,
                    -23.486297435519255
                ]
            },
            "properties": {
                "entity": "PARTNER",
                "radius": 1500,
                "total": 68
            }
        },
        {
            "type": "Feature",
            "geometry": {
                "type": "Point",
                "coordinates": [
                    -34.94450239104541,
                    -8.086966159741909
                ]
            },
            "properties": {
                "entity": "PARTNER",
                "radius": 200,
                "total": 66
            }
        },
        {
            "type": "Feature",
            "geometry": {
                "type": "Point",
                "coordinates": [
                    -43.94199815377894,
                    -19.886135441984862
                ]
            },
            "properties": {
                "entity": "PARTNER",
                "radius": 200,
                "total": 70
            }
        },
        {
            "type": "Feature",
            "geometry": {
                "type": "Point",
                "coordinates": [
                    -49.33965529913746,
                    -25.54227999867497
                ]
            },
            "properties": {
                "entity": "PARTNER",
                "radius": 1100,
                "total": 59
            }
        },
        {
            "type": "Feature",
            "geometry": {
                "type": "Point",
                "coordinates": [
                    -48.0237559053111,
                    -15.798594104159356
                ]
            },
            "properties": {
                "entity": "PARTNER",
                "radius": 500,
                "total": 70
            }
        },
        {
            "type": "Feature",
            "geometry": {
                "type": "Point",
                "coordinates": [
                    -38.61784685625573,
                    -3.770629642432268
                ]
            },
            "properties": {
                "entity": "PARTNER",
                "radius": 500,
                "total": 70
            }
        },
        {
            "type": "Feature",
            "geometry": {
                "type": "Point",
                "coordinates": [
                    -40.254986689794904,
                    -20.17100535282057
                ]
            },
            "properties": {
                "entity": "PARTNER",
                "radius": 800,
                "total": 59
            }
        },
        {
            "type": "Feature",
            "geometry": {
                "type": "Point",
                "coordinates": [
                    -49.25134006782859,
                    -25.36455471588949
                ]
            },
            "properties": {
                "entity": "PARTNER",
                "radius": 1100,
                "total": 70
            }
        },
        {
            "type": "Feature",
            "geometry": {
                "type": "Point",
                "coordinates": [
                    -51.15723903519537,
                    -30.028957197940358
                ]
            },
            "properties": {
                "entity": "PARTNER",
                "radius": 200,
                "total": 45
            }
        },
        {
            "type": "Feature",
            "geometry": {
                "type": "Point",
                "coordinates": [
                    -43.94509215750736,
                    -19.88764951094858
                ]
            },
            "properties": {
                "entity": "PARTNER",
                "radius": 500,
                "total": 70
            }
        },
        {
            "type": "Feature",
            "geometry": {
                "type": "Point",
                "coordinates": [
                    -48.09382005526465,
                    -15.826692049598606
                ]
            },
            "properties": {
                "entity": "PARTNER",
                "radius": 200,
                "total": 65
            }
        },
        {
            "type": "Feature",
            "geometry": {
                "type": "Point",
                "coordinates": [
                    -34.83213863206802,
                    -7.151504278841021
                ]
            },
            "properties": {
                "entity": "PARTNER",
                "radius": 200,
                "total": 50
            }
        },
        {
            "type": "Feature",
            "geometry": {
                "type": "Point",
                "coordinates": [
                    -38.56628598370049,
                    -3.7078043011345327
                ]
            },
            "properties": {
                "entity": "PARTNER",
                "radius": 500,
                "total": 66
            }
        },
        {
            "type": "Feature",
            "geometry": {
                "type": "Point",
                "coordinates": [
                    -51.14786179569666,
                    -30.022814142333395
                ]
            },
            "properties": {
                "entity": "PARTNER",
                "radius": 500,
                "total": 69
            }
        },
        {
            "type": "Feature",
            "geometry": {
                "type": "Point",
                "coordinates": [
                    -40.23937330220254,
                    -20.153553582957475
                ]
            },
            "properties": {
                "entity": "PARTNER",
                "radius": 1100,
                "total": 61
            }
        },
        {
            "type": "Feature",
            "geometry": {
                "type": "Point",
                "coordinates": [
                    -38.66195594563012,
                    -3.730404391616191
                ]
            },
            "properties": {
                "entity": "PARTNER",
                "radius": 500,
                "total": 70
            }
        },
        {
            "type": "Feature",
            "geometry": {
                "type": "Point",
                "coordinates": [
                    -40.29210131739777,
                    -20.35739227249096
                ]
            },
            "properties": {
                "entity": "PARTNER",
                "radius": 200,
                "total": 61
            }
        },
        {
            "type": "Feature",
            "geometry": {
                "type": "Point",
                "coordinates": [
                    -49.2507053047716,
                    -25.52280800353831
                ]
            },
            "properties": {
                "entity": "PARTNER",
                "radius": 500,
                "total": 68
            }
        },
        {
            "type": "Feature",
            "geometry": {
                "type": "Point",
                "coordinates": [
                    -34.831980282977185,
                    -7.134447622701006
                ]
            },
            "properties": {
                "entity": "PARTNER",
                "radius": 200,
                "total": 57
            }
        },
        {
            "type": "Feature",
            "geometry": {
                "type": "Point",
                "coordinates": [
                    -51.131189393772814,
                    -29.98674262838233
                ]
            },
            "properties": {
                "entity": "PARTNER",
                "radius": 1100,
                "total": 70
            }
        },
        {
            "type": "Feature",
            "geometry": {
                "type": "Point",
                "coordinates": [
                    -47.09179821383419,
                    -22.77416238145076
                ]
            },
            "properties": {
                "entity": "PARTNER",
                "radius": 1500,
                "total": 62
            }
        },
        {
            "type": "Feature",
            "geometry": {
                "type": "Point",
                "coordinates": [
                    -43.93418278882761,
                    -19.94238596604063
                ]
            },
            "properties": {
                "entity": "PARTNER",
                "radius": 200,
                "total": 57
            }
        },
        {
            "type": "Feature",
            "geometry": {
                "type": "Point",
                "coordinates": [
                    -38.62100097415228,
                    -3.782617302417732
                ]
            },
            "properties": {
                "entity": "PARTNER",
                "radius": 1100,
                "total": 69
            }
        },
        {
            "type": "Feature",
            "geometry": {
                "type": "Point",
                "coordinates": [
                    -43.96984430627096,
                    -19.899759154493907
                ]
            },
            "properties": {
                "entity": "PARTNER",
                "radius": 200,
                "total": 47
            }
        },
        {
            "type": "Feature",
            "geometry": {
                "type": "Point",
                "coordinates": [
                    -38.50130935340087,
                    -3.7466200746382983
                ]
            },
            "properties": {
                "entity": "PARTNER",
                "radius": 200,
                "total": 59
            }
        },
        {
            "type": "Feature",
            "geometry": {
                "type": "Point",
                "coordinates": [
                    -40.47809990310884,
                    -20.64720153294269
                ]
            },
            "properties": {
                "entity": "PARTNER",
                "radius": 500,
                "total": 67
            }
        },
        {
            "type": "Feature",
            "geometry": {
                "type": "Point",
                "coordinates": [
                    -38.570036042554825,
                    -3.7610451486411196
                ]
            },
            "properties": {
                "entity": "PARTNER",
                "radius": 200,
                "total": 69
            }
        },
        {
            "type": "Feature",
            "geometry": {
                "type": "Point",
                "coordinates": [
                    -47.31474205143049,
                    -23.18173323201087
                ]
            },
            "properties": {
                "entity": "PARTNER",
                "radius": 1100,
                "total": 51
            }
        },
        {
            "type": "Feature",
            "geometry": {
                "type": "Point",
                "coordinates": [
                    -49.26389781937622,
                    -25.375683763384796
                ]
            },
            "properties": {
                "entity": "PARTNER",
                "radius": 1100,
                "total": 70
            }
        },
        {
            "type": "Feature",
            "geometry": {
                "type": "Point",
                "coordinates": [
                    -43.57967304745227,
                    -22.889081718409386
                ]
            },
            "properties": {
                "entity": "PARTNER",
                "radius": 800,
                "total": 70
            }
        },
        {
            "type": "Feature",
            "geometry": {
                "type": "Point",
                "coordinates": [
                    -49.246394931471215,
                    -25.397742423559002
                ]
            },
            "properties": {
                "entity": "PARTNER",
                "radius": 200,
                "total": 68
            }
        },
        {
            "type": "Feature",
            "geometry": {
                "type": "Point",
                "coordinates": [
                    -46.53676085376558,
                    -23.439161155727053
                ]
            },
            "properties": {
                "entity": "PARTNER",
                "radius": 500,
                "total": 70
            }
        },
        {
            "type": "Feature",
            "geometry": {
                "type": "Point",
                "coordinates": [
                    -43.96427494085216,
                    -19.922329428104
                ]
            },
            "properties": {
                "entity": "PARTNER",
                "radius": 200,
                "total": 66
            }
        },
        {
            "type": "Feature",
            "geometry": {
                "type": "Point",
                "coordinates": [
                    -46.543101384620755,
                    -23.551046057741083
                ]
            },
            "properties": {
                "entity": "PARTNER",
                "radius": 500,
                "total": 70
            }
        },
        {
            "type": "Feature",
            "geometry": {
                "type": "Point",
                "coordinates": [
                    -38.59101177561344,
                    -3.769321155529554
                ]
            },
            "properties": {
                "entity": "PARTNER",
                "radius": 200,
                "total": 67
            }
        },
        {
            "type": "Feature",
            "geometry": {
                "type": "Point",
                "coordinates": [
                    -49.19100443813822,
                    -25.38044638590938
                ]
            },
            "properties": {
                "entity": "PARTNER",
                "radius": 1500,
                "total": 54
            }
        },
        {
            "type": "Feature",
            "geometry": {
                "type": "Point",
                "coordinates": [
                    -34.94459918963473,
                    -8.097184746572994
                ]
            },
            "properties": {
                "entity": "PARTNER",
                "radius": 800,
                "total": 70
            }
        },
        {
            "type": "Feature",
            "geometry": {
                "type": "Point",
                "coordinates": [
                    -48.115488248551486,
                    -15.847114337668188
                ]
            },
            "properties": {
                "entity": "PARTNER",
                "radius": 500,
                "total": 70
            }
        },
        {
            "type": "Feature",
            "geometry": {
                "type": "Point",
                "coordinates": [
                    -43.556166468699864,
                    -22.933135643593687
                ]
            },
            "properties": {
                "entity": "PARTNER",
                "radius": 500,
                "total": 46
            }
        },
        {
            "type": "Feature",
            "geometry": {
                "type": "Point",
                "coordinates": [
                    -51.07097140362884,
                    -30.0029364378829
                ]
            },
            "properties": {
                "entity": "PARTNER",
                "radius": 800,
                "total": 58
            }
        },
        {
            "type": "Feature",
            "geometry": {
                "type": "Point",
                "coordinates": [
                    -40.29328459938394,
                    -20.25691345626308
                ]
            },
            "properties": {
                "entity": "PARTNER",
                "radius": 500,
                "total": 56
            }
        },
        {
            "type": "Feature",
            "geometry": {
                "type": "Point",
                "coordinates": [
                    -43.36240774991004,
                    -22.92728303191064
                ]
            },
            "properties": {
                "entity": "PARTNER",
                "radius": 200,
                "total": 61
            }
        },
        {
            "type": "Feature",
            "geometry": {
                "type": "Point",
                "coordinates": [
                    -49.14946989171801,
                    -25.50108294147033
                ]
            },
            "properties": {
                "entity": "PARTNER",
                "radius": 1500,
                "total": 45
            }
        },
        {
            "type": "Feature",
            "geometry": {
                "type": "Point",
                "coordinates": [
                    -43.38454544939681,
                    -22.95308518786798
                ]
            },
            "properties": {
                "entity": "PARTNER",
                "radius": 800,
                "total": 65
            }
        },
        {
            "type": "Feature",
            "geometry": {
                "type": "Point",
                "coordinates": [
                    -49.27429192973335,
                    -25.412338851188565
                ]
            },
            "properties": {
                "entity": "PARTNER",
                "radius": 500,
                "total": 69
            }
        },
        {
            "type": "Feature",
            "geometry": {
                "type": "Point",
                "coordinates": [
                    -46.50843723609893,
                    -23.517298987378457
                ]
            },
            "properties": {
                "entity": "PARTNER",
                "radius": 800,
                "total": 48
            }
        },
        {
            "type": "Feature",
            "geometry": {
                "type": "Point",
                "coordinates": [
                    -38.59982347260947,
                    -3.7605894016466723
                ]
            },
            "properties": {
                "entity": "PARTNER",
                "radius": 500,
                "total": 69
            }
        },
        {
            "type": "Feature",
            "geometry": {
                "type": "Point",
                "coordinates": [
                    -51.18914448853517,
                    -29.915130537199637
                ]
            },
            "properties": {
                "entity": "PARTNER",
                "radius": 200,
                "total": 55
            }
        },
        {
            "type": "Feature",
            "geometry": {
                "type": "Point",
                "coordinates": [
                    -47.304884387949116,
                    -23.259231318584117
                ]
            },
            "properties": {
                "entity": "PARTNER",
                "radius": 800,
                "total": 66
            }
        },
        {
            "type": "Feature",
            "geometry": {
                "type": "Point",
                "coordinates": [
                    -43.99861470889513,
                    -19.825267104187738
                ]
            },
            "properties": {
                "entity": "PARTNER",
                "radius": 500,
                "total": 70
            }
        },
        {
            "type": "Feature",
            "geometry": {
                "type": "Point",
                "coordinates": [
                    -47.226860345261926,
                    -23.102887719376813
                ]
            },
            "properties": {
                "entity": "PARTNER",
                "radius": 500,
                "total": 70
            }
        },
        {
            "type": "Feature",
            "geometry": {
                "type": "Point",
                "coordinates": [
                    -34.92349359169678,
                    -8.058051712706503
                ]
            },
            "properties": {
                "entity": "PARTNER",
                "radius": 200,
                "total": 70
            }
        },
        {
            "type": "Feature",
            "geometry": {
                "type": "Point",
                "coordinates": [
                    -43.492538837674694,
                    -22.970463943923942
                ]
            },
            "properties": {
                "entity": "PARTNER",
                "radius": 1100,
                "total": 56
            }
        },
        {
            "type": "Feature",
            "geometry": {
                "type": "Point",
                "coordinates": [
                    -46.5170251389802,
                    -23.496934495057406
                ]
            },
            "properties": {
                "entity": "PARTNER",
                "radius": 1100,
                "total": 70
            }
        },
        {
            "type": "Feature",
            "geometry": {
                "type": "Point",
                "coordinates": [
                    -46.55370955150996,
                    -23.495261584976156
                ]
            },
            "properties": {
                "entity": "PARTNER",
                "radius": 500,
                "total": 69
            }
        },
        {
            "type": "Feature",
            "geometry": {
                "type": "Point",
                "coordinates": [
                    -49.28345345223221,
                    -25.413229737680208
                ]
            },
            "properties": {
                "entity": "PARTNER",
                "radius": 800,
                "total": 70
            }
        },
        {
            "type": "Feature",
            "geometry": {
                "type": "Point",
                "coordinates": [
                    -40.30641067413576,
                    -20.304669115584776
                ]
            },
            "properties": {
                "entity": "PARTNER",
                "radius": 500,
                "total": 69
            }
        },
        {
            "type": "Feature",
            "geometry": {
                "type": "Point",
                "coordinates": [
                    -38.581402532314755,
                    -3.723046116532683
                ]
            },
            "properties": {
                "entity": "PARTNER",
                "radius": 500,
                "total": 70
            }
        },
        {
            "type": "Feature",
            "geometry": {
                "type": "Point",
                "coordinates": [
                    -38.573089406557685,
                    -3.766156474630376
                ]
            },
            "properties": {
                "entity": "PARTNER",
                "radius": 200,
                "total": 55
            }
        },
        {
            "type": "Feature",
            "geometry": {
                "type": "Point",
                "coordinates": [
                    -46.518103444433635,
                    -23.533756728318632
                ]
            },
            "properties": {
                "entity": "PARTNER",
                "radius": 500,
                "total": 70
            }
        },
        {
            "type": "Feature",
            "geometry": {
                "type": "Point",
                "coordinates": [
                    -34.92397604071511,
                    -8.109143307803647
                ]
            },
            "properties": {
                "entity": "PARTNER",
                "radius": 200,
                "total": 69
            }
        },
        {
            "type": "Feature",
            "geometry": {
                "type": "Point",
                "coordinates": [
                    -43.92088010831978,
                    -19.897937836986753
                ]
            },
            "properties": {
                "entity": "PARTNER",
                "radius": 200,
                "total": 68
            }
        },
        {
            "type": "Feature",
            "geometry": {
                "type": "Point",
                "coordinates": [
                    -43.94370189274704,
                    -19.83002699362671
                ]
            },
            "properties": {
                "entity": "PARTNER",
                "radius": 500,
                "total": 70
            }
        },
        {
            "type": "Feature",
            "geometry": {
                "type": "Point",
                "coordinates": [
                    -43.904870376582316,
                    -19.867960319803252
                ]
            },
            "properties": {
                "entity": "PARTNER",
                "radius": 500,
                "total": 70
            }
        },
        {
            "type": "Feature",
            "geometry": {
                "type": "Point",
                "coordinates": [
                    -34.950653207174,
                    -8.110798397861917
                ]
            },
            "properties": {
                "entity": "PARTNER",
                "radius": 500,
                "total": 70
            }
        },
        {
            "type": "Feature",
            "geometry": {
                "type": "Point",
                "coordinates": [
                    -51.09494071459331,
                    -30.068916681869528
                ]
            },
            "properties": {
                "entity": "PARTNER",
                "radius": 800,
                "total": 47
            }
        },
        {
            "type": "Feature",
            "geometry": {
                "type": "Point",
                "coordinates": [
                    -47.639631891659675,
                    -15.640892302141767
                ]
            },
            "properties": {
                "entity": "PARTNER",
                "radius": 500,
                "total": 64
            }
        },
        {
            "type": "Feature",
            "geometry": {
                "type": "Point",
                "coordinates": [
                    -48.084656905253645,
                    -15.82217029656727
                ]
            },
            "properties": {
                "entity": "PARTNER",
                "radius": 200,
                "total": 62
            }
        },
        {
            "type": "Feature",
            "geometry": {
                "type": "Point",
                "coordinates": [
                    -47.93305410948571,
                    -15.786239838658645
                ]
            },
            "properties": {
                "entity": "PARTNER",
                "radius": 200,
                "total": 63
            }
        },
        {
            "type": "Feature",
            "geometry": {
                "type": "Point",
                "coordinates": [
                    -49.31385175186781,
                    -16.716166528210866
                ]
            },
            "properties": {
                "entity": "PARTNER",
                "radius": 500,
                "total": 65
            }
        },
        {
            "type": "Feature",
            "geometry": {
                "type": "Point",
                "coordinates": [
                    -46.5349639217835,
                    -23.586729073803156
                ]
            },
            "properties": {
                "entity": "PARTNER",
                "radius": 800,
                "total": 70
            }
        },
        {
            "type": "Feature",
            "geometry": {
                "type": "Point",
                "coordinates": [
                    -49.249268775586316,
                    -16.665675750671664
                ]
            },
            "properties": {
                "entity": "PARTNER",
                "radius": 500,
                "total": 70
            }
        },
        {
            "type": "Feature",
            "geometry": {
                "type": "Point",
                "coordinates": [
                    -35.27960106206722,
                    -8.098135257739441
                ]
            },
            "properties": {
                "entity": "PARTNER",
                "radius": 1100,
                "total": 69
            }
        },
        {
            "type": "Feature",
            "geometry": {
                "type": "Point",
                "coordinates": [
                    -49.26135389398564,
                    -16.668303812785197
                ]
            },
            "properties": {
                "entity": "PARTNER",
                "radius": 200,
                "total": 49
            }
        },
        {
            "type": "Feature",
            "geometry": {
                "type": "Point",
                "coordinates": [
                    -38.30988518221941,
                    -12.703800942414844
                ]
            },
            "properties": {
                "entity": "PARTNER",
                "radius": 800,
                "total": 57
            }
        },
        {
            "type": "Feature",
            "geometry": {
                "type": "Point",
                "coordinates": [
                    -47.976784711912764,
                    -15.840305975356518
                ]
            },
            "properties": {
                "entity": "PARTNER",
                "radius": 200,
                "total": 69
            }
        },
        {
            "type": "Feature",
            "geometry": {
                "type": "Point",
                "coordinates": [
                    -44.00101732158633,
                    -19.924486690515195
                ]
            },
            "properties": {
                "entity": "PARTNER",
                "radius": 500,
                "total": 70
            }
        },
        {
            "type": "Feature",
            "geometry": {
                "type": "Point",
                "coordinates": [
                    -43.38439562887488,
                    -22.946886920796732
                ]
            },
            "properties": {
                "entity": "PARTNER",
                "radius": 1100,
                "total": 69
            }
        },
        {
            "type": "Feature",
            "geometry": {
                "type": "Point",
                "coordinates": [
                    -49.26964953094876,
                    -25.542433317649486
                ]
            },
            "properties": {
                "entity": "PARTNER",
                "radius": 800,
                "total": 47
            }
        },
        {
            "type": "Feature",
            "geometry": {
                "type": "Point",
                "coordinates": [
                    -49.203958003651174,
                    -25.491567655500415
                ]
            },
            "properties": {
                "entity": "PARTNER",
                "radius": 800,
                "total": 48
            }
        },
        {
            "type": "Feature",
            "geometry": {
                "type": "Point",
                "coordinates": [
                    -38.58495446067098,
                    -3.762536376057981
                ]
            },
            "properties": {
                "entity": "PARTNER",
                "radius": 500,
                "total": 62
            }
        },
        {
            "type": "Feature",
            "geometry": {
                "type": "Point",
                "coordinates": [
                    -46.5934918201472,
                    -23.49497419604274
                ]
            },
            "properties": {
                "entity": "PARTNER",
                "radius": 200,
                "total": 54
            }
        },
        {
            "type": "Feature",
            "geometry": {
                "type": "Point",
                "coordinates": [
                    -49.25915058310397,
                    -25.502868010284637
                ]
            },
            "properties": {
                "entity": "PARTNER",
                "radius": 200,
                "total": 69
            }
        },
        {
            "type": "Feature",
            "geometry": {
                "type": "Point",
                "coordinates": [
                    -49.276655084723885,
                    -25.48083536045036
                ]
            },
            "properties": {
                "entity": "PARTNER",
                "radius": 500,
                "total": 61
            }
        },
        {
            "type": "Feature",
            "geometry": {
                "type": "Point",
                "coordinates": [
                    -43.24590398629276,
                    -22.939483137360988
                ]
            },
            "properties": {
                "entity": "PARTNER",
                "radius": 200,
                "total": 55
            }
        },
        {
            "type": "Feature",
            "geometry": {
                "type": "Point",
                "coordinates": [
                    -38.59401555222605,
                    -3.7709945745292606
                ]
            },
            "properties": {
                "entity": "PARTNER",
                "radius": 200,
                "total": 45
            }
        },
        {
            "type": "Feature",
            "geometry": {
                "type": "Point",
                "coordinates": [
                    -49.22950468349835,
                    -25.437669082072766
                ]
            },
            "properties": {
                "entity": "PARTNER",
                "radius": 500,
                "total": 54
            }
        },
        {
            "type": "Feature",
            "geometry": {
                "type": "Point",
                "coordinates": [
                    -43.89875948245404,
                    -19.868131121029776
                ]
            },
            "properties": {
                "entity": "PARTNER",
                "radius": 800,
                "total": 70
            }
        },
        {
            "type": "Feature",
            "geometry": {
                "type": "Point",
                "coordinates": [
                    -43.39844160313494,
                    -22.89224311304058
                ]
            },
            "properties": {
                "entity": "PARTNER",
                "radius": 1100,
                "total": 69
            }
        },
        {
            "type": "Feature",
            "geometry": {
                "type": "Point",
                "coordinates": [
                    -46.593311403695814,
                    -23.488836135765837
                ]
            },
            "properties": {
                "entity": "PARTNER",
                "radius": 500,
                "total": 69
            }
        },
        {
            "type": "Feature",
            "geometry": {
                "type": "Point",
                "coordinates": [
                    -38.54325374051085,
                    -3.7631733273315784
                ]
            },
            "properties": {
                "entity": "PARTNER",
                "radius": 200,
                "total": 61
            }
        },
        {
            "type": "Feature",
            "geometry": {
                "type": "Point",
                "coordinates": [
                    -40.25860798380914,
                    -20.20131440915523
                ]
            },
            "properties": {
                "entity": "PARTNER",
                "radius": 500,
                "total": 65
            }
        },
        {
            "type": "Feature",
            "geometry": {
                "type": "Point",
                "coordinates": [
                    -46.5402223761354,
                    -23.452841215710425
                ]
            },
            "properties": {
                "entity": "PARTNER",
                "radius": 500,
                "total": 70
            }
        },
        {
            "type": "Feature",
            "geometry": {
                "type": "Point",
                "coordinates": [
                    -38.56683342818801,
                    -3.745620279644411
                ]
            },
            "properties": {
                "entity": "PARTNER",
                "radius": 200,
                "total": 46
            }
        },
        {
            "type": "Feature",
            "geometry": {
                "type": "Point",
                "coordinates": [
                    -38.63101504039783,
                    -3.8564015266812945
                ]
            },
            "properties": {
                "entity": "PARTNER",
                "radius": 1100,
                "total": 70
            }
        },
        {
            "type": "Feature",
            "geometry": {
                "type": "Point",
                "coordinates": [
                    -49.32658037000862,
                    -25.428300980266986
                ]
            },
            "properties": {
                "entity": "PARTNER",
                "radius": 500,
                "total": 68
            }
        },
        {
            "type": "Feature",
            "geometry": {
                "type": "Point",
                "coordinates": [
                    -46.59376245128038,
                    -23.504180433819283
                ]
            },
            "properties": {
                "entity": "PARTNER",
                "radius": 500,
                "total": 69
            }
        },
        {
            "type": "Feature",
            "geometry": {
                "type": "Point",
                "coordinates": [
                    -46.47440121240807,
                    -23.505013959680895
                ]
            },
            "properties": {
                "entity": "PARTNER",
                "radius": 800,
                "total": 70
            }
        },
        {
            "type": "Feature",
            "geometry": {
                "type": "Point",
                "coordinates": [
                    -34.96522629296769,
                    -7.149294905021696
                ]
            },
            "properties": {
                "entity": "PARTNER",
                "radius": 1500,
                "total": 70
            }
        },
        {
            "type": "Feature",
            "geometry": {
                "type": "Point",
                "coordinates": [
                    -43.26277476481984,
                    -22.873911889419702
                ]
            },
            "properties": {
                "entity": "PARTNER",
                "radius": 1100,
                "total": 70
            }
        },
        {
            "type": "Feature",
            "geometry": {
                "type": "Point",
                "coordinates": [
                    -38.61173895098669,
                    -3.76040681116244
                ]
            },
            "properties": {
                "entity": "PARTNER",
                "radius": 800,
                "total": 53
            }
        },
        {
            "type": "Feature",
            "geometry": {
                "type": "Point",
                "coordinates": [
                    -46.51491129555422,
                    -23.529293967667233
                ]
            },
            "properties": {
                "entity": "PARTNER",
                "radius": 500,
                "total": 49
            }
        },
        {
            "type": "Feature",
            "geometry": {
                "type": "Point",
                "coordinates": [
                    -34.84112084096746,
                    -7.163411549278344
                ]
            },
            "properties": {
                "entity": "PARTNER",
                "radius": 500,
                "total": 68
            }
        },
        {
            "type": "Feature",
            "geometry": {
                "type": "Point",
                "coordinates": [
                    -49.25287953938603,
                    -25.409264485349407
                ]
            },
            "properties": {
                "entity": "PARTNER",
                "radius": 200,
                "total": 67
            }
        },
        {
            "type": "Feature",
            "geometry": {
                "type": "Point",
                "coordinates": [
                    -49.24721582414517,
                    -25.421580689659976
                ]
            },
            "properties": {
                "entity": "PARTNER",
                "radius": 500,
                "total": 67
            }
        },
        {
            "type": "Feature",
            "geometry": {
                "type": "Point",
                "coordinates": [
                    -43.563902122184395,
                    -22.87243185854361
                ]
            },
            "properties": {
                "entity": "PARTNER",
                "radius": 1100,
                "total": 48
            }
        },
        {
            "type": "Feature",
            "geometry": {
                "type": "Point",
                "coordinates": [
                    -34.93242790997167,
                    -8.063144454162146
                ]
            },
            "properties": {
                "entity": "PARTNER",
                "radius": 200,
                "total": 54
            }
        },
        {
            "type": "Feature",
            "geometry": {
                "type": "Point",
                "coordinates": [
                    -49.28407012468091,
                    -25.431103883138665
                ]
            },
            "properties": {
                "entity": "PARTNER",
                "radius": 200,
                "total": 57
            }
        },
        {
            "type": "Feature",
            "geometry": {
                "type": "Point",
                "coordinates": [
                    -38.502051182643804,
                    -3.798184999010311
                ]
            },
            "properties": {
                "entity": "PARTNER",
                "radius": 200,
                "total": 45
            }
        },
        {
            "type": "Feature",
            "geometry": {
                "type": "Point",
                "coordinates": [
                    -51.17773730466182,
                    -30.009172794515496
                ]
            },
            "properties": {
                "entity": "PARTNER",
                "radius": 500,
                "total": 67
            }
        },
        {
            "type": "Feature",
            "geometry": {
                "type": "Point",
                "coordinates": [
                    -43.38409599657062,
                    -22.934489044456743
                ]
            },
            "properties": {
                "entity": "PARTNER",
                "radius": 500,
                "total": 56
            }
        },
        {
            "type": "Feature",
            "geometry": {
                "type": "Point",
                "coordinates": [
                    -47.979935608277465,
                    -15.845107034923979
                ]
            },
            "properties": {
                "entity": "PARTNER",
                "radius": 500,
                "total": 70
            }
        },
        {
            "type": "Feature",
            "geometry": {
                "type": "Point",
                "coordinates": [
                    -51.18368925945724,
                    -30.00589026359044
                ]
            },
            "properties": {
                "entity": "PARTNER",
                "radius": 800,
                "total": 70
            }
        },
        {
            "type": "Feature",
            "geometry": {
                "type": "Point",
                "coordinates": [
                    -38.55481987504493,
                    -3.7389268302540835
                ]
            },
            "properties": {
                "entity": "PARTNER",
                "radius": 500,
                "total": 69
            }
        },
        {
            "type": "Feature",
            "geometry": {
                "type": "Point",
                "coordinates": [
                    -40.26745442704329,
                    -20.183686686602623
                ]
            },
            "properties": {
                "entity": "PARTNER",
                "radius": 800,
                "total": 67
            }
        },
        {
            "type": "Feature",
            "geometry": {
                "type": "Point",
                "coordinates": [
                    -46.57542247930948,
                    -23.505022719033974
                ]
            },
            "properties": {
                "entity": "PARTNER",
                "radius": 500,
                "total": 70
            }
        },
        {
            "type": "Feature",
            "geometry": {
                "type": "Point",
                "coordinates": [
                    -34.84725748928248,
                    -7.187268928655845
                ]
            },
            "properties": {
                "entity": "PARTNER",
                "radius": 200,
                "total": 47
            }
        },
        {
            "type": "Feature",
            "geometry": {
                "type": "Point",
                "coordinates": [
                    -38.561523005030836,
                    -3.7904036591529033
                ]
            },
            "properties": {
                "entity": "PARTNER",
                "radius": 500,
                "total": 68
            }
        },
        {
            "type": "Feature",
            "geometry": {
                "type": "Point",
                "coordinates": [
                    -47.97497002723077,
                    -15.881591360286862
                ]
            },
            "properties": {
                "entity": "PARTNER",
                "radius": 500,
                "total": 61
            }
        },
        {
            "type": "Feature",
            "geometry": {
                "type": "Point",
                "coordinates": [
                    -38.59696944280391,
                    -3.7692299956558943
                ]
            },
            "properties": {
                "entity": "PARTNER",
                "radius": 800,
                "total": 49
            }
        },
        {
            "type": "Feature",
            "geometry": {
                "type": "Point",
                "coordinates": [
                    -43.92366562260262,
                    -19.88665110848013
                ]
            },
            "properties": {
                "entity": "PARTNER",
                "radius": 200,
                "total": 57
            }
        },
        {
            "type": "Feature",
            "geometry": {
                "type": "Point",
                "coordinates": [
                    -51.21680892450498,
                    -30.072431861819343
                ]
            },
            "properties": {
                "entity": "PARTNER",
                "radius": 500,
                "total": 70
            }
        },
        {
            "type": "Feature",
            "geometry": {
                "type": "Point",
                "coordinates": [
                    -51.21523903546858,
                    -30.03373190934566
                ]
            },
            "properties": {
                "entity": "PARTNER",
                "radius": 200,
                "total": 55
            }
        },
        {
            "type": "Feature",
            "geometry": {
                "type": "Point",
                "coordinates": [
                    -43.369074761361986,
                    -22.948825173054303
                ]
            },
            "properties": {
                "entity": "PARTNER",
                "radius": 800,
                "total": 69
            }
        },
        {
            "type": "Feature",
            "geometry": {
                "type": "Point",
                "coordinates": [
                    -49.287158238845244,
                    -25.432393379259228
                ]
            },
            "properties": {
                "entity": "PARTNER",
                "radius": 500,
                "total": 70
            }
        },
        {
            "type": "Feature",
            "geometry": {
                "type": "Point",
                "coordinates": [
                    -40.31645044531187,
                    -20.350831537856553
                ]
            },
            "properties": {
                "entity": "PARTNER",
                "radius": 500,
                "total": 70
            }
        },
        {
            "type": "Feature",
            "geometry": {
                "type": "Point",
                "coordinates": [
                    -40.37768340113908,
                    -20.35354049850514
                ]
            },
            "properties": {
                "entity": "PARTNER",
                "radius": 800,
                "total": 70
            }
        },
        {
            "type": "Feature",
            "geometry": {
                "type": "Point",
                "coordinates": [
                    -44.00797319142172,
                    -19.8330109079042
                ]
            },
            "properties": {
                "entity": "PARTNER",
                "radius": 800,
                "total": 70
            }
        },
        {
            "type": "Feature",
            "geometry": {
                "type": "Point",
                "coordinates": [
                    -43.558669443830325,
                    -22.909805577575558
                ]
            },
            "properties": {
                "entity": "PARTNER",
                "radius": 500,
                "total": 70
            }
        },
        {
            "type": "Feature",
            "geometry": {
                "type": "Point",
                "coordinates": [
                    -49.30491772558532,
                    -16.621851294695375
                ]
            },
            "properties": {
                "entity": "PARTNER",
                "radius": 800,
                "total": 58
            }
        },
        {
            "type": "Feature",
            "geometry": {
                "type": "Point",
                "coordinates": [
                    -49.29724514664338,
                    -25.460084406102215
                ]
            },
            "properties": {
                "entity": "PARTNER",
                "radius": 500,
                "total": 70
            }
        },
        {
            "type": "Feature",
            "geometry": {
                "type": "Point",
                "coordinates": [
                    -47.65684794872665,
                    -15.610407477495084
                ]
            },
            "properties": {
                "entity": "PARTNER",
                "radius": 200,
                "total": 46
            }
        },
        {
            "type": "Feature",
            "geometry": {
                "type": "Point",
                "coordinates": [
                    -38.576142833278595,
                    -3.7712678349121376
                ]
            },
            "properties": {
                "entity": "PARTNER",
                "radius": 500,
                "total": 52
            }
        },
        {
            "type": "Feature",
            "geometry": {
                "type": "Point",
                "coordinates": [
                    -46.60454438338777,
                    -23.454506573886228
                ]
            },
            "properties": {
                "entity": "PARTNER",
                "radius": 500,
                "total": 47
            }
        },
        {
            "type": "Feature",
            "geometry": {
                "type": "Point",
                "coordinates": [
                    -38.49058243402772,
                    -3.829304786528002
                ]
            },
            "properties": {
                "entity": "PARTNER",
                "radius": 500,
                "total": 70
            }
        },
        {
            "type": "Feature",
            "geometry": {
                "type": "Point",
                "coordinates": [
                    -35.31245660610727,
                    -8.120203609719637
                ]
            },
            "properties": {
                "entity": "PARTNER",
                "radius": 500,
                "total": 47
            }
        },
        {
            "type": "Feature",
            "geometry": {
                "type": "Point",
                "coordinates": [
                    -34.915587638151116,
                    -8.161946740134336
                ]
            },
            "properties": {
                "entity": "PARTNER",
                "radius": 200,
                "total": 45
            }
        },
        {
            "type": "Feature",
            "geometry": {
                "type": "Point",
                "coordinates": [
                    -47.19844296901666,
                    -23.071901866037635
                ]
            },
            "properties": {
                "entity": "PARTNER",
                "radius": 500,
                "total": 70
            }
        },
        {
            "type": "Feature",
            "geometry": {
                "type": "Point",
                "coordinates": [
                    -43.30311449987135,
                    -22.889984715737736
                ]
            },
            "properties": {
                "entity": "PARTNER",
                "radius": 200,
                "total": 50
            }
        },
        {
            "type": "Feature",
            "geometry": {
                "type": "Point",
                "coordinates": [
                    -51.12210766700833,
                    -29.91247098944278
                ]
            },
            "properties": {
                "entity": "PARTNER",
                "radius": 800,
                "total": 51
            }
        },
        {
            "type": "Feature",
            "geometry": {
                "type": "Point",
                "coordinates": [
                    -47.068467173369676,
                    -22.91300838421376
                ]
            },
            "properties": {
                "entity": "PARTNER",
                "radius": 500,
                "total": 70
            }
        },
        {
            "type": "Feature",
            "geometry": {
                "type": "Point",
                "coordinates": [
                    -49.30208200991825,
                    -25.51197046975277
                ]
            },
            "properties": {
                "entity": "PARTNER",
                "radius": 500,
                "total": 66
            }
        },
        {
            "type": "Feature",
            "geometry": {
                "type": "Point",
                "coordinates": [
                    -43.90579501846346,
                    -19.906365948046076
                ]
            },
            "properties": {
                "entity": "PARTNER",
                "radius": 500,
                "total": 68
            }
        },
        {
            "type": "Feature",
            "geometry": {
                "type": "Point",
                "coordinates": [
                    -46.58238370014445,
                    -23.42938696498903
                ]
            },
            "properties": {
                "entity": "PARTNER",
                "radius": 1500,
                "total": 70
            }
        },
        {
            "type": "Feature",
            "geometry": {
                "type": "Point",
                "coordinates": [
                    -34.93569611256353,
                    -8.095497973961905
                ]
            },
            "properties": {
                "entity": "PARTNER",
                "radius": 800,
                "total": 70
            }
        },
        {
            "type": "Feature",
            "geometry": {
                "type": "Point",
                "coordinates": [
                    -38.489890807946786,
                    -3.781177357137256
                ]
            },
            "properties": {
                "entity": "PARTNER",
                "radius": 200,
                "total": 55
            }
        },
        {
            "type": "Feature",
            "geometry": {
                "type": "Point",
                "coordinates": [
                    -34.92397604071511,
                    -8.109143307803647
                ]
            },
            "properties": {
                "entity": "PARTNER",
                "radius": 500,
                "total": 55
            }
        },
        {
            "type": "Feature",
            "geometry": {
                "type": "Point",
                "coordinates": [
                    -49.298685076001256,
                    -25.501756530313372
                ]
            },
            "properties": {
                "entity": "PARTNER",
                "radius": 200,
                "total": 58
            }
        },
        {
            "type": "Feature",
            "geometry": {
                "type": "Point",
                "coordinates": [
                    -40.20315778029348,
                    -20.179365694743367
                ]
            },
            "properties": {
                "entity": "PARTNER",
                "radius": 500,
                "total": 53
            }
        },
        {
            "type": "Feature",
            "geometry": {
                "type": "Point",
                "coordinates": [
                    -43.573607213441576,
                    -22.892345724151504
                ]
            },
            "properties": {
                "entity": "PARTNER",
                "radius": 1100,
                "total": 68
            }
        },
        {
            "type": "Feature",
            "geometry": {
                "type": "Point",
                "coordinates": [
                    -35.03243679841885,
                    -8.296271087382458
                ]
            },
            "properties": {
                "entity": "PARTNER",
                "radius": 500,
                "total": 52
            }
        },
        {
            "type": "Feature",
            "geometry": {
                "type": "Point",
                "coordinates": [
                    -34.87382740209234,
                    -7.182055436092139
                ]
            },
            "properties": {
                "entity": "PARTNER",
                "radius": 800,
                "total": 70
            }
        },
        {
            "type": "Feature",
            "geometry": {
                "type": "Point",
                "coordinates": [
                    -49.29117165100351,
                    -25.460484609000133
                ]
            },
            "properties": {
                "entity": "PARTNER",
                "radius": 200,
                "total": 58
            }
        },
        {
            "type": "Feature",
            "geometry": {
                "type": "Point",
                "coordinates": [
                    -34.84118427219379,
                    -7.170234092183518
                ]
            },
            "properties": {
                "entity": "PARTNER",
                "radius": 800,
                "total": 70
            }
        },
        {
            "type": "Feature",
            "geometry": {
                "type": "Point",
                "coordinates": [
                    -38.52183487034842,
                    -3.72395763614797
                ]
            },
            "properties": {
                "entity": "PARTNER",
                "radius": 500,
                "total": 70
            }
        },
        {
            "type": "Feature",
            "geometry": {
                "type": "Point",
                "coordinates": [
                    -43.27239846013627,
                    -22.89074474404161
                ]
            },
            "properties": {
                "entity": "PARTNER",
                "radius": 500,
                "total": 56
            }
        },
        {
            "type": "Feature",
            "geometry": {
                "type": "Point",
                "coordinates": [
                    -49.27366935091324,
                    -25.482523516056027
                ]
            },
            "properties": {
                "entity": "PARTNER",
                "radius": 800,
                "total": 70
            }
        },
        {
            "type": "Feature",
            "geometry": {
                "type": "Point",
                "coordinates": [
                    -34.86202882782576,
                    -7.185509921498056
                ]
            },
            "properties": {
                "entity": "PARTNER",
                "radius": 200,
                "total": 49
            }
        },
        {
            "type": "Feature",
            "geometry": {
                "type": "Point",
                "coordinates": [
                    -34.86794397784854,
                    -7.185488427307836
                ]
            },
            "properties": {
                "entity": "PARTNER",
                "radius": 1100,
                "total": 70
            }
        },
        {
            "type": "Feature",
            "geometry": {
                "type": "Point",
                "coordinates": [
                    -51.13687799293122,
                    -29.901487896885364
                ]
            },
            "properties": {
                "entity": "PARTNER",
                "radius": 500,
                "total": 46
            }
        },
        {
            "type": "Feature",
            "geometry": {
                "type": "Point",
                "coordinates": [
                    -43.91484614939676,
                    -19.901309298650187
                ]
            },
            "properties": {
                "entity": "PARTNER",
                "radius": 500,
                "total": 68
            }
        },
        {
            "type": "Feature",
            "geometry": {
                "type": "Point",
                "coordinates": [
                    -38.55871836230882,
                    -3.8024817245410807
                ]
            },
            "properties": {
                "entity": "PARTNER",
                "radius": 200,
                "total": 58
            }
        },
        {
            "type": "Feature",
            "geometry": {
                "type": "Point",
                "coordinates": [
                    -49.21127896962192,
                    -25.438860263705486
                ]
            },
            "properties": {
                "entity": "PARTNER",
                "radius": 1100,
                "total": 69
            }
        },
        {
            "type": "Feature",
            "geometry": {
                "type": "Point",
                "coordinates": [
                    -46.53329945035388,
                    -23.425478656903064
                ]
            },
            "properties": {
                "entity": "PARTNER",
                "radius": 500,
                "total": 65
            }
        },
        {
            "type": "Feature",
            "geometry": {
                "type": "Point",
                "coordinates": [
                    -49.352002194860866,
                    -25.459448825465156
                ]
            },
            "properties": {
                "entity": "PARTNER",
                "radius": 500,
                "total": 48
            }
        },
        {
            "type": "Feature",
            "geometry": {
                "type": "Point",
                "coordinates": [
                    -46.632727434786844,
                    -23.476262258831355
                ]
            },
            "properties": {
                "entity": "PARTNER",
                "radius": 1100,
                "total": 69
            }
        },
        {
            "type": "Feature",
            "geometry": {
                "type": "Point",
                "coordinates": [
                    -43.35633930965693,
                    -22.93053774477756
                ]
            },
            "properties": {
                "entity": "PARTNER",
                "radius": 200,
                "total": 68
            }
        },
        {
            "type": "Feature",
            "geometry": {
                "type": "Point",
                "coordinates": [
                    -51.20092124812186,
                    -30.05576080136078
                ]
            },
            "properties": {
                "entity": "PARTNER",
                "radius": 200,
                "total": 64
            }
        },
        {
            "type": "Feature",
            "geometry": {
                "type": "Point",
                "coordinates": [
                    -40.30005582747598,
                    -20.291958203399016
                ]
            },
            "properties": {
                "entity": "PARTNER",
                "radius": 200,
                "total": 68
            }
        },
        {
            "type": "Feature",
            "geometry": {
                "type": "Point",
                "coordinates": [
                    -34.935438340733526,
                    -8.068248337112326
                ]
            },
            "properties": {
                "entity": "PARTNER",
                "radius": 500,
                "total": 70
            }
        },
        {
            "type": "Feature",
            "geometry": {
                "type": "Point",
                "coordinates": [
                    -43.98925634414824,
                    -19.817522155485523
                ]
            },
            "properties": {
                "entity": "PARTNER",
                "radius": 500,
                "total": 70
            }
        },
        {
            "type": "Feature",
            "geometry": {
                "type": "Point",
                "coordinates": [
                    -48.02482086601457,
                    -16.042341746130916
                ]
            },
            "properties": {
                "entity": "PARTNER",
                "radius": 800,
                "total": 67
            }
        },
        {
            "type": "Feature",
            "geometry": {
                "type": "Point",
                "coordinates": [
                    -44.018030070996524,
                    -19.869564332454093
                ]
            },
            "properties": {
                "entity": "PARTNER",
                "radius": 500,
                "total": 70
            }
        },
        {
            "type": "Feature",
            "geometry": {
                "type": "Point",
                "coordinates": [
                    -43.55457615352811,
                    -22.868022922344316
                ]
            },
            "properties": {
                "entity": "PARTNER",
                "radius": 1500,
                "total": 51
            }
        },
        {
            "type": "Feature",
            "geometry": {
                "type": "Point",
                "coordinates": [
                    -46.56189468721262,
                    -23.565540562277917
                ]
            },
            "properties": {
                "entity": "PARTNER",
                "radius": 500,
                "total": 70
            }
        },
        {
            "type": "Feature",
            "geometry": {
                "type": "Point",
                "coordinates": [
                    -49.30491772558532,
                    -16.621851294695375
                ]
            },
            "properties": {
                "entity": "PARTNER",
                "radius": 1500,
                "total": 70
            }
        },
        {
            "type": "Feature",
            "geometry": {
                "type": "Point",
                "coordinates": [
                    -40.49040216972163,
                    -20.650276646752058
                ]
            },
            "properties": {
                "entity": "PARTNER",
                "radius": 800,
                "total": 68
            }
        },
        {
            "type": "Feature",
            "geometry": {
                "type": "Point",
                "coordinates": [
                    -38.540300076031876,
                    -3.764937639068027
                ]
            },
            "properties": {
                "entity": "PARTNER",
                "radius": 200,
                "total": 56
            }
        },
        {
            "type": "Feature",
            "geometry": {
                "type": "Point",
                "coordinates": [
                    -38.56753025951664,
                    -3.793750763793632
                ]
            },
            "properties": {
                "entity": "PARTNER",
                "radius": 500,
                "total": 67
            }
        },
        {
            "type": "Feature",
            "geometry": {
                "type": "Point",
                "coordinates": [
                    -49.28200970716133,
                    -25.45959570300033
                ]
            },
            "properties": {
                "entity": "PARTNER",
                "radius": 200,
                "total": 66
            }
        },
        {
            "type": "Feature",
            "geometry": {
                "type": "Point",
                "coordinates": [
                    -49.21127896962192,
                    -25.438860263705486
                ]
            },
            "properties": {
                "entity": "PARTNER",
                "radius": 1500,
                "total": 70
            }
        },
        {
            "type": "Feature",
            "geometry": {
                "type": "Point",
                "coordinates": [
                    -48.1257826453597,
                    -15.787303100930139
                ]
            },
            "properties": {
                "entity": "PARTNER",
                "radius": 500,
                "total": 57
            }
        },
        {
            "type": "Feature",
            "geometry": {
                "type": "Point",
                "coordinates": [
                    -49.26646517478835,
                    -25.450171839125613
                ]
            },
            "properties": {
                "entity": "PARTNER",
                "radius": 500,
                "total": 70
            }
        },
        {
            "type": "Feature",
            "geometry": {
                "type": "Point",
                "coordinates": [
                    -51.16572070518644,
                    -30.012970342199903
                ]
            },
            "properties": {
                "entity": "PARTNER",
                "radius": 200,
                "total": 57
            }
        },
        {
            "type": "Feature",
            "geometry": {
                "type": "Point",
                "coordinates": [
                    -51.1470789882491,
                    -30.00344726088501
                ]
            },
            "properties": {
                "entity": "PARTNER",
                "radius": 500,
                "total": 70
            }
        },
        {
            "type": "Feature",
            "geometry": {
                "type": "Point",
                "coordinates": [
                    -49.26975226751912,
                    -25.5454075794985
                ]
            },
            "properties": {
                "entity": "PARTNER",
                "radius": 1500,
                "total": 70
            }
        },
        {
            "type": "Feature",
            "geometry": {
                "type": "Point",
                "coordinates": [
                    -38.56343196118589,
                    -3.7164444189617827
                ]
            },
            "properties": {
                "entity": "PARTNER",
                "radius": 500,
                "total": 70
            }
        },
        {
            "type": "Feature",
            "geometry": {
                "type": "Point",
                "coordinates": [
                    -38.49294317168556,
                    -3.7862886427359146
                ]
            },
            "properties": {
                "entity": "PARTNER",
                "radius": 200,
                "total": 60
            }
        },
        {
            "type": "Feature",
            "geometry": {
                "type": "Point",
                "coordinates": [
                    -46.58090484616886,
                    -23.4832591212551
                ]
            },
            "properties": {
                "entity": "PARTNER",
                "radius": 500,
                "total": 70
            }
        },
        {
            "type": "Feature",
            "geometry": {
                "type": "Point",
                "coordinates": [
                    -49.27018278872035,
                    -16.759334810717327
                ]
            },
            "properties": {
                "entity": "PARTNER",
                "radius": 1100,
                "total": 70
            }
        },
        {
            "type": "Feature",
            "geometry": {
                "type": "Point",
                "coordinates": [
                    -38.57229263347717,
                    -3.711150737037072
                ]
            },
            "properties": {
                "entity": "PARTNER",
                "radius": 1100,
                "total": 70
            }
        },
        {
            "type": "Feature",
            "geometry": {
                "type": "Point",
                "coordinates": [
                    -51.091898329584055,
                    -29.690729315960386
                ]
            },
            "properties": {
                "entity": "PARTNER",
                "radius": 800,
                "total": 58
            }
        },
        {
            "type": "Feature",
            "geometry": {
                "type": "Point",
                "coordinates": [
                    -49.25864555046601,
                    -25.39992649256567
                ]
            },
            "properties": {
                "entity": "PARTNER",
                "radius": 200,
                "total": 51
            }
        },
        {
            "type": "Feature",
            "geometry": {
                "type": "Point",
                "coordinates": [
                    -34.88556259620127,
                    -7.1717773482053815
                ]
            },
            "properties": {
                "entity": "PARTNER",
                "radius": 800,
                "total": 70
            }
        },
        {
            "type": "Feature",
            "geometry": {
                "type": "Point",
                "coordinates": [
                    -43.57133231532577,
                    -22.92498016700582
                ]
            },
            "properties": {
                "entity": "PARTNER",
                "radius": 1500,
                "total": 48
            }
        },
        {
            "type": "Feature",
            "geometry": {
                "type": "Point",
                "coordinates": [
                    -34.88977863531758,
                    -7.937181575720495
                ]
            },
            "properties": {
                "entity": "PARTNER",
                "radius": 500,
                "total": 47
            }
        },
        {
            "type": "Feature",
            "geometry": {
                "type": "Point",
                "coordinates": [
                    -46.57479161483958,
                    -23.483539519399304
                ]
            },
            "properties": {
                "entity": "PARTNER",
                "radius": 500,
                "total": 70
            }
        },
        {
            "type": "Feature",
            "geometry": {
                "type": "Point",
                "coordinates": [
                    -40.28045788863086,
                    -20.225094425628367
                ]
            },
            "properties": {
                "entity": "PARTNER",
                "radius": 800,
                "total": 64
            }
        },
        {
            "type": "Feature",
            "geometry": {
                "type": "Point",
                "coordinates": [
                    -38.58004354536543,
                    -3.834825127538369
                ]
            },
            "properties": {
                "entity": "PARTNER",
                "radius": 500,
                "total": 55
            }
        },
        {
            "type": "Feature",
            "geometry": {
                "type": "Point",
                "coordinates": [
                    -38.56678365811324,
                    -3.7421824325988844
                ]
            },
            "properties": {
                "entity": "PARTNER",
                "radius": 200,
                "total": 45
            }
        },
        {
            "type": "Feature",
            "geometry": {
                "type": "Point",
                "coordinates": [
                    -43.92397419291763,
                    -19.89945209690055
                ]
            },
            "properties": {
                "entity": "PARTNER",
                "radius": 500,
                "total": 69
            }
        },
        {
            "type": "Feature",
            "geometry": {
                "type": "Point",
                "coordinates": [
                    -40.36865693168503,
                    -20.36158261717552
                ]
            },
            "properties": {
                "entity": "PARTNER",
                "radius": 1100,
                "total": 66
            }
        },
        {
            "type": "Feature",
            "geometry": {
                "type": "Point",
                "coordinates": [
                    -38.5700858297448,
                    -3.7644830392201722
                ]
            },
            "properties": {
                "entity": "PARTNER",
                "radius": 800,
                "total": 70
            }
        },
        {
            "type": "Feature",
            "geometry": {
                "type": "Point",
                "coordinates": [
                    -43.2271756088277,
                    -22.927533436422863
                ]
            },
            "properties": {
                "entity": "PARTNER",
                "radius": 200,
                "total": 50
            }
        },
        {
            "type": "Feature",
            "geometry": {
                "type": "Point",
                "coordinates": [
                    -38.53488892420692,
                    -3.8028442253065013
                ]
            },
            "properties": {
                "entity": "PARTNER",
                "radius": 200,
                "total": 61
            }
        },
        {
            "type": "Feature",
            "geometry": {
                "type": "Point",
                "coordinates": [
                    -38.5968696068054,
                    -3.7623540147472356
                ]
            },
            "properties": {
                "entity": "PARTNER",
                "radius": 1500,
                "total": 70
            }
        },
        {
            "type": "Feature",
            "geometry": {
                "type": "Point",
                "coordinates": [
                    -51.16858504182705,
                    -30.00856274027169
                ]
            },
            "properties": {
                "entity": "PARTNER",
                "radius": 500,
                "total": 61
            }
        },
        {
            "type": "Feature",
            "geometry": {
                "type": "Point",
                "coordinates": [
                    -46.534018830965444,
                    -23.450049101467453
                ]
            },
            "properties": {
                "entity": "PARTNER",
                "radius": 500,
                "total": 46
            }
        },
        {
            "type": "Feature",
            "geometry": {
                "type": "Point",
                "coordinates": [
                    -48.11568040157839,
                    -15.8536967308233
                ]
            },
            "properties": {
                "entity": "PARTNER",
                "radius": 1500,
                "total": 70
            }
        },
        {
            "type": "Feature",
            "geometry": {
                "type": "Point",
                "coordinates": [
                    -49.242885522409836,
                    -25.472609973777498
                ]
            },
            "properties": {
                "entity": "PARTNER",
                "radius": 800,
                "total": 70
            }
        },
        {
            "type": "Feature",
            "geometry": {
                "type": "Point",
                "coordinates": [
                    -48.09095761720875,
                    -15.831768597715472
                ]
            },
            "properties": {
                "entity": "PARTNER",
                "radius": 800,
                "total": 70
            }
        },
        {
            "type": "Feature",
            "geometry": {
                "type": "Point",
                "coordinates": [
                    -49.34654856662055,
                    -25.477711559695205
                ]
            },
            "properties": {
                "entity": "PARTNER",
                "radius": 800,
                "total": 70
            }
        },
        {
            "type": "Feature",
            "geometry": {
                "type": "Point",
                "coordinates": [
                    -51.238871383801815,
                    -30.091338419957474
                ]
            },
            "properties": {
                "entity": "PARTNER",
                "radius": 200,
                "total": 51
            }
        },
        {
            "type": "Feature",
            "geometry": {
                "type": "Point",
                "coordinates": [
                    -49.18685458372258,
                    -25.525495603993
                ]
            },
            "properties": {
                "entity": "PARTNER",
                "radius": 1500,
                "total": 57
            }
        },
        {
            "type": "Feature",
            "geometry": {
                "type": "Point",
                "coordinates": [
                    -48.008481435628724,
                    -15.791049379379746
                ]
            },
            "properties": {
                "entity": "PARTNER",
                "radius": 500,
                "total": 63
            }
        },
        {
            "type": "Feature",
            "geometry": {
                "type": "Point",
                "coordinates": [
                    -38.55747514267775,
                    -3.716535674866622
                ]
            },
            "properties": {
                "entity": "PARTNER",
                "radius": 500,
                "total": 66
            }
        },
        {
            "type": "Feature",
            "geometry": {
                "type": "Point",
                "coordinates": [
                    -43.35656362904747,
                    -22.939836888500658
                ]
            },
            "properties": {
                "entity": "PARTNER",
                "radius": 500,
                "total": 70
            }
        },
        {
            "type": "Feature",
            "geometry": {
                "type": "Point",
                "coordinates": [
                    -48.057932857044854,
                    -15.834938815172148
                ]
            },
            "properties": {
                "entity": "PARTNER",
                "radius": 200,
                "total": 65
            }
        },
        {
            "type": "Feature",
            "geometry": {
                "type": "Point",
                "coordinates": [
                    -49.18276082574362,
                    -25.406376672714615
                ]
            },
            "properties": {
                "entity": "PARTNER",
                "radius": 1100,
                "total": 52
            }
        },
        {
            "type": "Feature",
            "geometry": {
                "type": "Point",
                "coordinates": [
                    -40.189866169733264,
                    -20.12196339684587
                ]
            },
            "properties": {
                "entity": "PARTNER",
                "radius": 1500,
                "total": 58
            }
        },
        {
            "type": "Feature",
            "geometry": {
                "type": "Point",
                "coordinates": [
                    -43.54320093290072,
                    -22.905560325249866
                ]
            },
            "properties": {
                "entity": "PARTNER",
                "radius": 800,
                "total": 70
            }
        },
        {
            "type": "Feature",
            "geometry": {
                "type": "Point",
                "coordinates": [
                    -34.858292189431495,
                    -7.101938339688647
                ]
            },
            "properties": {
                "entity": "PARTNER",
                "radius": 200,
                "total": 68
            }
        },
        {
            "type": "Feature",
            "geometry": {
                "type": "Point",
                "coordinates": [
                    -46.59493527572247,
                    -23.544062300541068
                ]
            },
            "properties": {
                "entity": "PARTNER",
                "radius": 200,
                "total": 50
            }
        },
        {
            "type": "Feature",
            "geometry": {
                "type": "Point",
                "coordinates": [
                    -51.156455934322636,
                    -30.009592846389232
                ]
            },
            "properties": {
                "entity": "PARTNER",
                "radius": 500,
                "total": 68
            }
        },
        {
            "type": "Feature",
            "geometry": {
                "type": "Point",
                "coordinates": [
                    -46.580146957790944,
                    -23.56163250848744
                ]
            },
            "properties": {
                "entity": "PARTNER",
                "radius": 200,
                "total": 64
            }
        },
        {
            "type": "Feature",
            "geometry": {
                "type": "Point",
                "coordinates": [
                    -51.13253051289034,
                    -30.019949966264484
                ]
            },
            "properties": {
                "entity": "PARTNER",
                "radius": 200,
                "total": 70
            }
        },
        {
            "type": "Feature",
            "geometry": {
                "type": "Point",
                "coordinates": [
                    -48.108995520159326,
                    -15.830935149264267
                ]
            },
            "properties": {
                "entity": "PARTNER",
                "radius": 800,
                "total": 49
            }
        },
        {
            "type": "Feature",
            "geometry": {
                "type": "Point",
                "coordinates": [
                    -51.119058260260374,
                    -29.987769072508275
                ]
            },
            "properties": {
                "entity": "PARTNER",
                "radius": 1500,
                "total": 70
            }
        },
        {
            "type": "Feature",
            "geometry": {
                "type": "Point",
                "coordinates": [
                    -43.36255735332414,
                    -22.93348278685763
                ]
            },
            "properties": {
                "entity": "PARTNER",
                "radius": 500,
                "total": 69
            }
        },
        {
            "type": "Feature",
            "geometry": {
                "type": "Point",
                "coordinates": [
                    -34.8173066511659,
                    -7.1464410336498245
                ]
            },
            "properties": {
                "entity": "PARTNER",
                "radius": 500,
                "total": 67
            }
        },
        {
            "type": "Feature",
            "geometry": {
                "type": "Point",
                "coordinates": [
                    -46.46037884975027,
                    -23.444161032395147
                ]
            },
            "properties": {
                "entity": "PARTNER",
                "radius": 800,
                "total": 61
            }
        },
        {
            "type": "Feature",
            "geometry": {
                "type": "Point",
                "coordinates": [
                    -46.6051761870326,
                    -23.475996286254333
                ]
            },
            "properties": {
                "entity": "PARTNER",
                "radius": 200,
                "total": 63
            }
        },
        {
            "type": "Feature",
            "geometry": {
                "type": "Point",
                "coordinates": [
                    -47.903638751206195,
                    -15.81065843120723
                ]
            },
            "properties": {
                "entity": "PARTNER",
                "radius": 200,
                "total": 64
            }
        },
        {
            "type": "Feature",
            "geometry": {
                "type": "Point",
                "coordinates": [
                    -43.230062129295405,
                    -22.919707712573846
                ]
            },
            "properties": {
                "entity": "PARTNER",
                "radius": 200,
                "total": 68
            }
        },
        {
            "type": "Feature",
            "geometry": {
                "type": "Point",
                "coordinates": [
                    -47.97124635071125,
                    -15.857041225365403
                ]
            },
            "properties": {
                "entity": "PARTNER",
                "radius": 500,
                "total": 70
            }
        },
        {
            "type": "Feature",
            "geometry": {
                "type": "Point",
                "coordinates": [
                    -38.5257796769768,
                    -3.790947727613671
                ]
            },
            "properties": {
                "entity": "PARTNER",
                "radius": 500,
                "total": 65
            }
        },
        {
            "type": "Feature",
            "geometry": {
                "type": "Point",
                "coordinates": [
                    -46.974792023401726,
                    -22.94690265279588
                ]
            },
            "properties": {
                "entity": "PARTNER",
                "radius": 500,
                "total": 67
            }
        },
        {
            "type": "Feature",
            "geometry": {
                "type": "Point",
                "coordinates": [
                    -47.98575995851328,
                    -15.838247808513431
                ]
            },
            "properties": {
                "entity": "PARTNER",
                "radius": 200,
                "total": 63
            }
        },
        {
            "type": "Feature",
            "geometry": {
                "type": "Point",
                "coordinates": [
                    -43.35641408206004,
                    -22.933637571161558
                ]
            },
            "properties": {
                "entity": "PARTNER",
                "radius": 500,
                "total": 57
            }
        },
        {
            "type": "Feature",
            "geometry": {
                "type": "Point",
                "coordinates": [
                    -43.30925761402353,
                    -22.88983200330994
                ]
            },
            "properties": {
                "entity": "PARTNER",
                "radius": 800,
                "total": 70
            }
        },
        {
            "type": "Feature",
            "geometry": {
                "type": "Point",
                "coordinates": [
                    -49.26563620271348,
                    -25.51437162096824
                ]
            },
            "properties": {
                "entity": "PARTNER",
                "radius": 500,
                "total": 59
            }
        },
        {
            "type": "Feature",
            "geometry": {
                "type": "Point",
                "coordinates": [
                    -43.40731800819079,
                    -22.8780520236277
                ]
            },
            "properties": {
                "entity": "PARTNER",
                "radius": 1500,
                "total": 58
            }
        },
        {
            "type": "Feature",
            "geometry": {
                "type": "Point",
                "coordinates": [
                    -46.633269782895155,
                    -23.494676739452842
                ]
            },
            "properties": {
                "entity": "PARTNER",
                "radius": 800,
                "total": 65
            }
        },
        {
            "type": "Feature",
            "geometry": {
                "type": "Point",
                "coordinates": [
                    -49.297862236098524,
                    -25.47794675760188
                ]
            },
            "properties": {
                "entity": "PARTNER",
                "radius": 500,
                "total": 70
            }
        },
        {
            "type": "Feature",
            "geometry": {
                "type": "Point",
                "coordinates": [
                    -49.316694829118134,
                    -16.71111334918527
                ]
            },
            "properties": {
                "entity": "PARTNER",
                "radius": 500,
                "total": 58
            }
        },
        {
            "type": "Feature",
            "geometry": {
                "type": "Point",
                "coordinates": [
                    -43.92737692309434,
                    -19.91376547379334
                ]
            },
            "properties": {
                "entity": "PARTNER",
                "radius": 200,
                "total": 67
            }
        },
        {
            "type": "Feature",
            "geometry": {
                "type": "Point",
                "coordinates": [
                    -43.28816598498121,
                    -22.907421705841898
                ]
            },
            "properties": {
                "entity": "PARTNER",
                "radius": 500,
                "total": 69
            }
        },
        {
            "type": "Feature",
            "geometry": {
                "type": "Point",
                "coordinates": [
                    -38.54615773812427,
                    -3.7579711956045916
                ]
            },
            "properties": {
                "entity": "PARTNER",
                "radius": 200,
                "total": 60
            }
        },
        {
            "type": "Feature",
            "geometry": {
                "type": "Point",
                "coordinates": [
                    -49.218071789681794,
                    -25.45931241703862
                ]
            },
            "properties": {
                "entity": "PARTNER",
                "radius": 500,
                "total": 67
            }
        },
        {
            "type": "Feature",
            "geometry": {
                "type": "Point",
                "coordinates": [
                    -51.22438946005807,
                    -30.034337784811008
                ]
            },
            "properties": {
                "entity": "PARTNER",
                "radius": 200,
                "total": 59
            }
        },
        {
            "type": "Feature",
            "geometry": {
                "type": "Point",
                "coordinates": [
                    -34.88562646547346,
                    -7.178600453588453
                ]
            },
            "properties": {
                "entity": "PARTNER",
                "radius": 1500,
                "total": 70
            }
        },
        {
            "type": "Feature",
            "geometry": {
                "type": "Point",
                "coordinates": [
                    -34.846908295774654,
                    -7.149744563114863
                ]
            },
            "properties": {
                "entity": "PARTNER",
                "radius": 200,
                "total": 54
            }
        },
        {
            "type": "Feature",
            "geometry": {
                "type": "Point",
                "coordinates": [
                    -34.92364754202608,
                    -7.132395677960502
                ]
            },
            "properties": {
                "entity": "PARTNER",
                "radius": 500,
                "total": 57
            }
        },
        {
            "type": "Feature",
            "geometry": {
                "type": "Point",
                "coordinates": [
                    -48.04246757961268,
                    -15.820815302291898
                ]
            },
            "properties": {
                "entity": "PARTNER",
                "radius": 500,
                "total": 45
            }
        },
        {
            "type": "Feature",
            "geometry": {
                "type": "Point",
                "coordinates": [
                    -49.298787935325656,
                    -25.504732213634618
                ]
            },
            "properties": {
                "entity": "PARTNER",
                "radius": 500,
                "total": 70
            }
        },
        {
            "type": "Feature",
            "geometry": {
                "type": "Point",
                "coordinates": [
                    -38.488023844356746,
                    -3.858570474284885
                ]
            },
            "properties": {
                "entity": "PARTNER",
                "radius": 800,
                "total": 65
            }
        },
        {
            "type": "Feature",
            "geometry": {
                "type": "Point",
                "coordinates": [
                    -38.379623660749196,
                    -12.935803836451168
                ]
            },
            "properties": {
                "entity": "PARTNER",
                "radius": 200,
                "total": 62
            }
        },
        {
            "type": "Feature",
            "geometry": {
                "type": "Point",
                "coordinates": [
                    -34.944276538640416,
                    -8.063121935489912
                ]
            },
            "properties": {
                "entity": "PARTNER",
                "radius": 800,
                "total": 70
            }
        },
        {
            "type": "Feature",
            "geometry": {
                "type": "Point",
                "coordinates": [
                    -43.99049558269177,
                    -19.868748218023505
                ]
            },
            "properties": {
                "entity": "PARTNER",
                "radius": 200,
                "total": 51
            }
        },
        {
            "type": "Feature",
            "geometry": {
                "type": "Point",
                "coordinates": [
                    -38.59701936152355,
                    -3.772667994960288
                ]
            },
            "properties": {
                "entity": "PARTNER",
                "radius": 1500,
                "total": 56
            }
        },
        {
            "type": "Feature",
            "geometry": {
                "type": "Point",
                "coordinates": [
                    -34.890546470648864,
                    -8.018940332786107
                ]
            },
            "properties": {
                "entity": "PARTNER",
                "radius": 200,
                "total": 53
            }
        },
        {
            "type": "Feature",
            "geometry": {
                "type": "Point",
                "coordinates": [
                    -43.93681965495657,
                    -19.79817269549726
                ]
            },
            "properties": {
                "entity": "PARTNER",
                "radius": 800,
                "total": 51
            }
        },
        {
            "type": "Feature",
            "geometry": {
                "type": "Point",
                "coordinates": [
                    -34.92887037468834,
                    -8.000129428445048
                ]
            },
            "properties": {
                "entity": "PARTNER",
                "radius": 500,
                "total": 70
            }
        },
        {
            "type": "Feature",
            "geometry": {
                "type": "Point",
                "coordinates": [
                    -43.99072796121001,
                    -19.878350302242485
                ]
            },
            "properties": {
                "entity": "PARTNER",
                "radius": 200,
                "total": 56
            }
        },
        {
            "type": "Feature",
            "geometry": {
                "type": "Point",
                "coordinates": [
                    -35.003138034932704,
                    -8.022120517806085
                ]
            },
            "properties": {
                "entity": "PARTNER",
                "radius": 200,
                "total": 50
            }
        },
        {
            "type": "Feature",
            "geometry": {
                "type": "Point",
                "coordinates": [
                    -43.99707075785119,
                    -19.887777527639813
                ]
            },
            "properties": {
                "entity": "PARTNER",
                "radius": 200,
                "total": 67
            }
        },
        {
            "type": "Feature",
            "geometry": {
                "type": "Point",
                "coordinates": [
                    -48.10803512290037,
                    -15.798014434865253
                ]
            },
            "properties": {
                "entity": "PARTNER",
                "radius": 800,
                "total": 70
            }
        },
        {
            "type": "Feature",
            "geometry": {
                "type": "Point",
                "coordinates": [
                    -34.84105741097188,
                    -7.156588934534884
                ]
            },
            "properties": {
                "entity": "PARTNER",
                "radius": 500,
                "total": 65
            }
        },
        {
            "type": "Feature",
            "geometry": {
                "type": "Point",
                "coordinates": [
                    -49.327052080262106,
                    -16.754664208757927
                ]
            },
            "properties": {
                "entity": "PARTNER",
                "radius": 800,
                "total": 68
            }
        },
        {
            "type": "Feature",
            "geometry": {
                "type": "Point",
                "coordinates": [
                    -34.93663070340098,
                    -8.194264664300968
                ]
            },
            "properties": {
                "entity": "PARTNER",
                "radius": 500,
                "total": 70
            }
        },
        {
            "type": "Feature",
            "geometry": {
                "type": "Point",
                "coordinates": [
                    -49.30796235814891,
                    -16.719748503266405
                ]
            },
            "properties": {
                "entity": "PARTNER",
                "radius": 800,
                "total": 70
            }
        },
        {
            "type": "Feature",
            "geometry": {
                "type": "Point",
                "coordinates": [
                    -38.60227790613503,
                    -3.724445078144758
                ]
            },
            "properties": {
                "entity": "PARTNER",
                "radius": 200,
                "total": 46
            }
        },
        {
            "type": "Feature",
            "geometry": {
                "type": "Point",
                "coordinates": [
                    -49.23568215841318,
                    -25.44025024070509
                ]
            },
            "properties": {
                "entity": "PARTNER",
                "radius": 500,
                "total": 70
            }
        },
        {
            "type": "Feature",
            "geometry": {
                "type": "Point",
                "coordinates": [
                    -34.88750517067679,
                    -8.010430046677204
                ]
            },
            "properties": {
                "entity": "PARTNER",
                "radius": 200,
                "total": 58
            }
        },
        {
            "type": "Feature",
            "geometry": {
                "type": "Point",
                "coordinates": [
                    -49.19066091380389,
                    -25.54761077615935
                ]
            },
            "properties": {
                "entity": "PARTNER",
                "radius": 1500,
                "total": 53
            }
        },
        {
            "type": "Feature",
            "geometry": {
                "type": "Point",
                "coordinates": [
                    -38.53545279993865,
                    -12.66388958699078
                ]
            },
            "properties": {
                "entity": "PARTNER",
                "radius": 800,
                "total": 54
            }
        },
        {
            "type": "Feature",
            "geometry": {
                "type": "Point",
                "coordinates": [
                    -46.47804166061332,
                    -23.524822371453613
                ]
            },
            "properties": {
                "entity": "PARTNER",
                "radius": 500,
                "total": 70
            }
        },
        {
            "type": "Feature",
            "geometry": {
                "type": "Point",
                "coordinates": [
                    -46.46968538237183,
                    -23.448354201063307
                ]
            },
            "properties": {
                "entity": "PARTNER",
                "radius": 1500,
                "total": 56
            }
        },
        {
            "type": "Feature",
            "geometry": {
                "type": "Point",
                "coordinates": [
                    -43.99049558269177,
                    -19.868748218023505
                ]
            },
            "properties": {
                "entity": "PARTNER",
                "radius": 500,
                "total": 70
            }
        },
        {
            "type": "Feature",
            "geometry": {
                "type": "Point",
                "coordinates": [
                    -48.07226090882945,
                    -15.913367586203696
                ]
            },
            "properties": {
                "entity": "PARTNER",
                "radius": 800,
                "total": 70
            }
        },
        {
            "type": "Feature",
            "geometry": {
                "type": "Point",
                "coordinates": [
                    -43.297120316349385,
                    -22.896339838835093
                ]
            },
            "properties": {
                "entity": "PARTNER",
                "radius": 500,
                "total": 68
            }
        },
        {
            "type": "Feature",
            "geometry": {
                "type": "Point",
                "coordinates": [
                    -43.93310209098633,
                    -19.897594415739864
                ]
            },
            "properties": {
                "entity": "PARTNER",
                "radius": 200,
                "total": 69
            }
        },
        {
            "type": "Feature",
            "geometry": {
                "type": "Point",
                "coordinates": [
                    -34.890482477534675,
                    -8.012127625934365
                ]
            },
            "properties": {
                "entity": "PARTNER",
                "radius": 500,
                "total": 69
            }
        },
        {
            "type": "Feature",
            "geometry": {
                "type": "Point",
                "coordinates": [
                    -49.29251182554266,
                    -25.41114066909192
                ]
            },
            "properties": {
                "entity": "PARTNER",
                "radius": 800,
                "total": 66
            }
        },
        {
            "type": "Feature",
            "geometry": {
                "type": "Point",
                "coordinates": [
                    -38.60227790613503,
                    -3.724445078144758
                ]
            },
            "properties": {
                "entity": "PARTNER",
                "radius": 800,
                "total": 59
            }
        },
        {
            "type": "Feature",
            "geometry": {
                "type": "Point",
                "coordinates": [
                    -43.998072282857734,
                    -19.80284960567187
                ]
            },
            "properties": {
                "entity": "PARTNER",
                "radius": 500,
                "total": 54
            }
        },
        {
            "type": "Feature",
            "geometry": {
                "type": "Point",
                "coordinates": [
                    -35.038628924492876,
                    -8.015227937242928
                ]
            },
            "properties": {
                "entity": "PARTNER",
                "radius": 800,
                "total": 70
            }
        },
        {
            "type": "Feature",
            "geometry": {
                "type": "Point",
                "coordinates": [
                    -51.2245016280039,
                    -30.03710280010235
                ]
            },
            "properties": {
                "entity": "PARTNER",
                "radius": 200,
                "total": 65
            }
        },
        {
            "type": "Feature",
            "geometry": {
                "type": "Point",
                "coordinates": [
                    -34.89128645978737,
                    -7.151285367085268
                ]
            },
            "properties": {
                "entity": "PARTNER",
                "radius": 800,
                "total": 57
            }
        },
        {
            "type": "Feature",
            "geometry": {
                "type": "Point",
                "coordinates": [
                    -46.6329986049607,
                    -23.485470010518128
                ]
            },
            "properties": {
                "entity": "PARTNER",
                "radius": 1100,
                "total": 70
            }
        },
        {
            "type": "Feature",
            "geometry": {
                "type": "Point",
                "coordinates": [
                    -46.620593093378886,
                    -23.479896155004226
                ]
            },
            "properties": {
                "entity": "PARTNER",
                "radius": 800,
                "total": 68
            }
        },
        {
            "type": "Feature",
            "geometry": {
                "type": "Point",
                "coordinates": [
                    -48.03989145179108,
                    -15.835768227706193
                ]
            },
            "properties": {
                "entity": "PARTNER",
                "radius": 200,
                "total": 70
            }
        },
        {
            "type": "Feature",
            "geometry": {
                "type": "Point",
                "coordinates": [
                    -43.961412774261234,
                    -19.930413755718533
                ]
            },
            "properties": {
                "entity": "PARTNER",
                "radius": 200,
                "total": 65
            }
        },
        {
            "type": "Feature",
            "geometry": {
                "type": "Point",
                "coordinates": [
                    -35.01780571970883,
                    -8.006755719993103
                ]
            },
            "properties": {
                "entity": "PARTNER",
                "radius": 1100,
                "total": 59
            }
        },
        {
            "type": "Feature",
            "geometry": {
                "type": "Point",
                "coordinates": [
                    -43.9333336568056,
                    -19.907194232428342
                ]
            },
            "properties": {
                "entity": "PARTNER",
                "radius": 200,
                "total": 66
            }
        },
        {
            "type": "Feature",
            "geometry": {
                "type": "Point",
                "coordinates": [
                    -47.1118973701072,
                    -22.93562720295166
                ]
            },
            "properties": {
                "entity": "PARTNER",
                "radius": 500,
                "total": 58
            }
        },
        {
            "type": "Feature",
            "geometry": {
                "type": "Point",
                "coordinates": [
                    -49.2216870463401,
                    -25.387409255542156
                ]
            },
            "properties": {
                "entity": "PARTNER",
                "radius": 800,
                "total": 70
            }
        },
        {
            "type": "Feature",
            "geometry": {
                "type": "Point",
                "coordinates": [
                    -38.578399063241946,
                    -3.7213728652986577
                ]
            },
            "properties": {
                "entity": "PARTNER",
                "radius": 800,
                "total": 70
            }
        },
        {
            "type": "Feature",
            "geometry": {
                "type": "Point",
                "coordinates": [
                    -34.835238249338296,
                    -7.16684422052976
                ]
            },
            "properties": {
                "entity": "PARTNER",
                "radius": 1100,
                "total": 55
            }
        },
        {
            "type": "Feature",
            "geometry": {
                "type": "Point",
                "coordinates": [
                    -49.29117165100351,
                    -25.460484609000133
                ]
            },
            "properties": {
                "entity": "PARTNER",
                "radius": 500,
                "total": 70
            }
        },
        {
            "type": "Feature",
            "geometry": {
                "type": "Point",
                "coordinates": [
                    -34.91446339577531,
                    -8.042740026443738
                ]
            },
            "properties": {
                "entity": "PARTNER",
                "radius": 200,
                "total": 54
            }
        },
        {
            "type": "Feature",
            "geometry": {
                "type": "Point",
                "coordinates": [
                    -49.347883960276555,
                    -25.428384271541148
                ]
            },
            "properties": {
                "entity": "PARTNER",
                "radius": 500,
                "total": 65
            }
        },
        {
            "type": "Feature",
            "geometry": {
                "type": "Point",
                "coordinates": [
                    -43.294234871683,
                    -22.904168678838836
                ]
            },
            "properties": {
                "entity": "PARTNER",
                "radius": 500,
                "total": 69
            }
        },
        {
            "type": "Feature",
            "geometry": {
                "type": "Point",
                "coordinates": [
                    -43.961567429101805,
                    -19.93681158443418
                ]
            },
            "properties": {
                "entity": "PARTNER",
                "radius": 200,
                "total": 66
            }
        },
        {
            "type": "Feature",
            "geometry": {
                "type": "Point",
                "coordinates": [
                    -51.189256479888705,
                    -29.91790134720233
                ]
            },
            "properties": {
                "entity": "PARTNER",
                "radius": 200,
                "total": 46
            }
        },
        {
            "type": "Feature",
            "geometry": {
                "type": "Point",
                "coordinates": [
                    -38.4497194528636,
                    -12.984258881396865
                ]
            },
            "properties": {
                "entity": "PARTNER",
                "radius": 200,
                "total": 65
            }
        },
        {
            "type": "Feature",
            "geometry": {
                "type": "Point",
                "coordinates": [
                    -38.581402532314755,
                    -3.723046116532683
                ]
            },
            "properties": {
                "entity": "PARTNER",
                "radius": 1100,
                "total": 65
            }
        },
        {
            "type": "Feature",
            "geometry": {
                "type": "Point",
                "coordinates": [
                    -43.93310209098633,
                    -19.897594415739864
                ]
            },
            "properties": {
                "entity": "PARTNER",
                "radius": 500,
                "total": 70
            }
        },
        {
            "type": "Feature",
            "geometry": {
                "type": "Point",
                "coordinates": [
                    -51.13971405823371,
                    -30.047094382723028
                ]
            },
            "properties": {
                "entity": "PARTNER",
                "radius": 200,
                "total": 69
            }
        },
        {
            "type": "Feature",
            "geometry": {
                "type": "Point",
                "coordinates": [
                    -43.90254679572191,
                    -19.898451411132523
                ]
            },
            "properties": {
                "entity": "PARTNER",
                "radius": 800,
                "total": 69
            }
        },
        {
            "type": "Feature",
            "geometry": {
                "type": "Point",
                "coordinates": [
                    -34.846908295774654,
                    -7.149744563114863
                ]
            },
            "properties": {
                "entity": "PARTNER",
                "radius": 1100,
                "total": 70
            }
        },
        {
            "type": "Feature",
            "geometry": {
                "type": "Point",
                "coordinates": [
                    -46.59605213165655,
                    -23.477952928443894
                ]
            },
            "properties": {
                "entity": "PARTNER",
                "radius": 200,
                "total": 67
            }
        },
        {
            "type": "Feature",
            "geometry": {
                "type": "Point",
                "coordinates": [
                    -38.55491929886855,
                    -3.7458024341931395
                ]
            },
            "properties": {
                "entity": "PARTNER",
                "radius": 200,
                "total": 47
            }
        },
        {
            "type": "Feature",
            "geometry": {
                "type": "Point",
                "coordinates": [
                    -47.88740839082943,
                    -15.770163594403325
                ]
            },
            "properties": {
                "entity": "PARTNER",
                "radius": 200,
                "total": 61
            }
        },
        {
            "type": "Feature",
            "geometry": {
                "type": "Point",
                "coordinates": [
                    -34.93247377752683,
                    -7.127242999190172
                ]
            },
            "properties": {
                "entity": "PARTNER",
                "radius": 1500,
                "total": 46
            }
        },
        {
            "type": "Feature",
            "geometry": {
                "type": "Point",
                "coordinates": [
                    -46.55357843740086,
                    -23.595087019186217
                ]
            },
            "properties": {
                "entity": "PARTNER",
                "radius": 500,
                "total": 70
            }
        },
        {
            "type": "Feature",
            "geometry": {
                "type": "Point",
                "coordinates": [
                    -49.287055443691735,
                    -25.429414726784348
                ]
            },
            "properties": {
                "entity": "PARTNER",
                "radius": 500,
                "total": 69
            }
        },
        {
            "type": "Feature",
            "geometry": {
                "type": "Point",
                "coordinates": [
                    -34.864461169802695,
                    -7.129209519436782
                ]
            },
            "properties": {
                "entity": "PARTNER",
                "radius": 500,
                "total": 53
            }
        },
        {
            "type": "Feature",
            "geometry": {
                "type": "Point",
                "coordinates": [
                    -38.57703962324852,
                    -3.833151436615303
                ]
            },
            "properties": {
                "entity": "PARTNER",
                "radius": 1100,
                "total": 66
            }
        },
        {
            "type": "Feature",
            "geometry": {
                "type": "Point",
                "coordinates": [
                    -49.31772904778842,
                    -25.436348516447897
                ]
            },
            "properties": {
                "entity": "PARTNER",
                "radius": 500,
                "total": 69
            }
        },
        {
            "type": "Feature",
            "geometry": {
                "type": "Point",
                "coordinates": [
                    -34.850421316763,
                    -7.209430898781241
                ]
            },
            "properties": {
                "entity": "PARTNER",
                "radius": 500,
                "total": 67
            }
        },
        {
            "type": "Feature",
            "geometry": {
                "type": "Point",
                "coordinates": [
                    -34.84061343546062,
                    -7.108828636019581
                ]
            },
            "properties": {
                "entity": "PARTNER",
                "radius": 200,
                "total": 63
            }
        },
        {
            "type": "Feature",
            "geometry": {
                "type": "Point",
                "coordinates": [
                    -34.8275264954296,
                    -7.928788602131331
                ]
            },
            "properties": {
                "entity": "PARTNER",
                "radius": 800,
                "total": 48
            }
        },
        {
            "type": "Feature",
            "geometry": {
                "type": "Point",
                "coordinates": [
                    -46.63043952156527,
                    -23.502489522834296
                ]
            },
            "properties": {
                "entity": "PARTNER",
                "radius": 1500,
                "total": 69
            }
        },
        {
            "type": "Feature",
            "geometry": {
                "type": "Point",
                "coordinates": [
                    -46.5436840174442,
                    -23.466518835795522
                ]
            },
            "properties": {
                "entity": "PARTNER",
                "radius": 500,
                "total": 69
            }
        },
        {
            "type": "Feature",
            "geometry": {
                "type": "Point",
                "coordinates": [
                    -34.86900463340344,
                    -7.932113526998061
                ]
            },
            "properties": {
                "entity": "PARTNER",
                "radius": 1100,
                "total": 56
            }
        },
        {
            "type": "Feature",
            "geometry": {
                "type": "Point",
                "coordinates": [
                    -51.1312200445113,
                    -29.836568097619708
                ]
            },
            "properties": {
                "entity": "PARTNER",
                "radius": 800,
                "total": 46
            }
        },
        {
            "type": "Feature",
            "geometry": {
                "type": "Point",
                "coordinates": [
                    -46.533974523614766,
                    -23.552998404442377
                ]
            },
            "properties": {
                "entity": "PARTNER",
                "radius": 500,
                "total": 70
            }
        },
        {
            "type": "Feature",
            "geometry": {
                "type": "Point",
                "coordinates": [
                    -49.2550582495526,
                    -16.65883033370971
                ]
            },
            "properties": {
                "entity": "PARTNER",
                "radius": 500,
                "total": 63
            }
        },
        {
            "type": "Feature",
            "geometry": {
                "type": "Point",
                "coordinates": [
                    -34.91161400217622,
                    -8.054667547797479
                ]
            },
            "properties": {
                "entity": "PARTNER",
                "radius": 200,
                "total": 66
            }
        },
        {
            "type": "Feature",
            "geometry": {
                "type": "Point",
                "coordinates": [
                    -43.47213077415277,
                    -23.015934689051125
                ]
            },
            "properties": {
                "entity": "PARTNER",
                "radius": 200,
                "total": 70
            }
        },
        {
            "type": "Feature",
            "geometry": {
                "type": "Point",
                "coordinates": [
                    -48.0757812525278,
                    -15.827524152813494
                ]
            },
            "properties": {
                "entity": "PARTNER",
                "radius": 800,
                "total": 70
            }
        },
        {
            "type": "Feature",
            "geometry": {
                "type": "Point",
                "coordinates": [
                    -51.16039479123915,
                    -29.956486245048715
                ]
            },
            "properties": {
                "entity": "PARTNER",
                "radius": 800,
                "total": 58
            }
        },
        {
            "type": "Feature",
            "geometry": {
                "type": "Point",
                "coordinates": [
                    -47.05160504304585,
                    -22.85969427071602
                ]
            },
            "properties": {
                "entity": "PARTNER",
                "radius": 200,
                "total": 58
            }
        },
        {
            "type": "Feature",
            "geometry": {
                "type": "Point",
                "coordinates": [
                    -47.91577746126426,
                    -15.70949360398237
                ]
            },
            "properties": {
                "entity": "PARTNER",
                "radius": 1500,
                "total": 60
            }
        },
        {
            "type": "Feature",
            "geometry": {
                "type": "Point",
                "coordinates": [
                    -38.50416386264208,
                    -3.737980687997246
                ]
            },
            "properties": {
                "entity": "PARTNER",
                "radius": 200,
                "total": 62
            }
        },
        {
            "type": "Feature",
            "geometry": {
                "type": "Point",
                "coordinates": [
                    -49.3448995970713,
                    -25.430074452139504
                ]
            },
            "properties": {
                "entity": "PARTNER",
                "radius": 800,
                "total": 70
            }
        },
        {
            "type": "Feature",
            "geometry": {
                "type": "Point",
                "coordinates": [
                    -34.84959558002529,
                    -7.120735924032631
                ]
            },
            "properties": {
                "entity": "PARTNER",
                "radius": 200,
                "total": 68
            }
        },
        {
            "type": "Feature",
            "geometry": {
                "type": "Point",
                "coordinates": [
                    -38.537048653958436,
                    -3.746075354670062
                ]
            },
            "properties": {
                "entity": "PARTNER",
                "radius": 200,
                "total": 65
            }
        },
        {
            "type": "Feature",
            "geometry": {
                "type": "Point",
                "coordinates": [
                    -34.91148559565944,
                    -8.041042444892216
                ]
            },
            "properties": {
                "entity": "PARTNER",
                "radius": 200,
                "total": 53
            }
        },
        {
            "type": "Feature",
            "geometry": {
                "type": "Point",
                "coordinates": [
                    -46.49966902294758,
                    -23.531522714069467
                ]
            },
            "properties": {
                "entity": "PARTNER",
                "radius": 500,
                "total": 65
            }
        },
        {
            "type": "Feature",
            "geometry": {
                "type": "Point",
                "coordinates": [
                    -49.296113906063766,
                    -25.427325588772735
                ]
            },
            "properties": {
                "entity": "PARTNER",
                "radius": 500,
                "total": 70
            }
        },
        {
            "type": "Feature",
            "geometry": {
                "type": "Point",
                "coordinates": [
                    -46.492925737165116,
                    -23.510321255818948
                ]
            },
            "properties": {
                "entity": "PARTNER",
                "radius": 800,
                "total": 47
            }
        },
        {
            "type": "Feature",
            "geometry": {
                "type": "Point",
                "coordinates": [
                    -47.13412098734427,
                    -22.96390125893796
                ]
            },
            "properties": {
                "entity": "PARTNER",
                "radius": 800,
                "total": 49
            }
        },
        {
            "type": "Feature",
            "geometry": {
                "type": "Point",
                "coordinates": [
                    -34.83501645125194,
                    -7.1429651866969985
                ]
            },
            "properties": {
                "entity": "PARTNER",
                "radius": 800,
                "total": 70
            }
        },
        {
            "type": "Feature",
            "geometry": {
                "type": "Point",
                "coordinates": [
                    -46.62077376089824,
                    -23.486034616911947
                ]
            },
            "properties": {
                "entity": "PARTNER",
                "radius": 800,
                "total": 70
            }
        },
        {
            "type": "Feature",
            "geometry": {
                "type": "Point",
                "coordinates": [
                    -51.20008685942316,
                    -29.96005824024209
                ]
            },
            "properties": {
                "entity": "PARTNER",
                "radius": 1100,
                "total": 59
            }
        },
        {
            "type": "Feature",
            "geometry": {
                "type": "Point",
                "coordinates": [
                    -48.09382005526465,
                    -15.826692049598606
                ]
            },
            "properties": {
                "entity": "PARTNER",
                "radius": 800,
                "total": 59
            }
        },
        {
            "type": "Feature",
            "geometry": {
                "type": "Point",
                "coordinates": [
                    -43.48426685106803,
                    -23.00942246706454
                ]
            },
            "properties": {
                "entity": "PARTNER",
                "radius": 500,
                "total": 70
            }
        },
        {
            "type": "Feature",
            "geometry": {
                "type": "Point",
                "coordinates": [
                    -43.463103768374346,
                    -23.02391434994403
                ]
            },
            "properties": {
                "entity": "PARTNER",
                "radius": 200,
                "total": 68
            }
        },
        {
            "type": "Feature",
            "geometry": {
                "type": "Point",
                "coordinates": [
                    -48.09668242087279,
                    -15.821615337430854
                ]
            },
            "properties": {
                "entity": "PARTNER",
                "radius": 1100,
                "total": 65
            }
        },
        {
            "type": "Feature",
            "geometry": {
                "type": "Point",
                "coordinates": [
                    -46.58382617845784,
                    -23.47851460818854
                ]
            },
            "properties": {
                "entity": "PARTNER",
                "radius": 500,
                "total": 69
            }
        },
        {
            "type": "Feature",
            "geometry": {
                "type": "Point",
                "coordinates": [
                    -49.29487684686173,
                    -25.47963531220991
                ]
            },
            "properties": {
                "entity": "PARTNER",
                "radius": 500,
                "total": 69
            }
        },
        {
            "type": "Feature",
            "geometry": {
                "type": "Point",
                "coordinates": [
                    -40.21532833170629,
                    -20.176085238293847
                ]
            },
            "properties": {
                "entity": "PARTNER",
                "radius": 1500,
                "total": 60
            }
        },
        {
            "type": "Feature",
            "geometry": {
                "type": "Point",
                "coordinates": [
                    -38.548862977996215,
                    -3.7390178874029383
                ]
            },
            "properties": {
                "entity": "PARTNER",
                "radius": 500,
                "total": 70
            }
        },
        {
            "type": "Feature",
            "geometry": {
                "type": "Point",
                "coordinates": [
                    -49.21343079418215,
                    -25.50139016675516
                ]
            },
            "properties": {
                "entity": "PARTNER",
                "radius": 1500,
                "total": 70
            }
        },
        {
            "type": "Feature",
            "geometry": {
                "type": "Point",
                "coordinates": [
                    -38.50195226589127,
                    -3.79130959994014
                ]
            },
            "properties": {
                "entity": "PARTNER",
                "radius": 200,
                "total": 69
            }
        },
        {
            "type": "Feature",
            "geometry": {
                "type": "Point",
                "coordinates": [
                    -34.92032271880519,
                    -8.035916006340255
                ]
            },
            "properties": {
                "entity": "PARTNER",
                "radius": 200,
                "total": 59
            }
        },
        {
            "type": "Feature",
            "geometry": {
                "type": "Point",
                "coordinates": [
                    -34.890546470648864,
                    -8.018940332786107
                ]
            },
            "properties": {
                "entity": "PARTNER",
                "radius": 500,
                "total": 67
            }
        },
        {
            "type": "Feature",
            "geometry": {
                "type": "Point",
                "coordinates": [
                    -38.56643528099692,
                    -3.7181176751645486
                ]
            },
            "properties": {
                "entity": "PARTNER",
                "radius": 500,
                "total": 65
            }
        },
        {
            "type": "Feature",
            "geometry": {
                "type": "Point",
                "coordinates": [
                    -48.09850634750626,
                    -15.884149174488927
                ]
            },
            "properties": {
                "entity": "PARTNER",
                "radius": 500,
                "total": 67
            }
        },
        {
            "type": "Feature",
            "geometry": {
                "type": "Point",
                "coordinates": [
                    -46.491489953047584,
                    -23.461205594114592
                ]
            },
            "properties": {
                "entity": "PARTNER",
                "radius": 1500,
                "total": 65
            }
        },
        {
            "type": "Feature",
            "geometry": {
                "type": "Point",
                "coordinates": [
                    -46.553038225862544,
                    -23.57669256101208
                ]
            },
            "properties": {
                "entity": "PARTNER",
                "radius": 200,
                "total": 51
            }
        },
        {
            "type": "Feature",
            "geometry": {
                "type": "Point",
                "coordinates": [
                    -46.56984954751818,
                    -23.523712857172388
                ]
            },
            "properties": {
                "entity": "PARTNER",
                "radius": 500,
                "total": 70
            }
        },
        {
            "type": "Feature",
            "geometry": {
                "type": "Point",
                "coordinates": [
                    -38.56668411940021,
                    -3.735306756800288
                ]
            },
            "properties": {
                "entity": "PARTNER",
                "radius": 500,
                "total": 69
            }
        },
        {
            "type": "Feature",
            "geometry": {
                "type": "Point",
                "coordinates": [
                    -34.94158845240594,
                    -8.092080960196498
                ]
            },
            "properties": {
                "entity": "PARTNER",
                "radius": 800,
                "total": 70
            }
        },
        {
            "type": "Feature",
            "geometry": {
                "type": "Point",
                "coordinates": [
                    -48.054878139781906,
                    -15.83343117147758
                ]
            },
            "properties": {
                "entity": "PARTNER",
                "radius": 200,
                "total": 54
            }
        },
        {
            "type": "Feature",
            "geometry": {
                "type": "Point",
                "coordinates": [
                    -43.92397419291763,
                    -19.89945209690055
                ]
            },
            "properties": {
                "entity": "PARTNER",
                "radius": 500,
                "total": 66
            }
        },
        {
            "type": "Feature",
            "geometry": {
                "type": "Point",
                "coordinates": [
                    -34.97131071073878,
                    -8.102244255634824
                ]
            },
            "properties": {
                "entity": "PARTNER",
                "radius": 500,
                "total": 70
            }
        },
        {
            "type": "Feature",
            "geometry": {
                "type": "Point",
                "coordinates": [
                    -38.56663435076193,
                    -3.7318689280967066
                ]
            },
            "properties": {
                "entity": "PARTNER",
                "radius": 800,
                "total": 65
            }
        },
        {
            "type": "Feature",
            "geometry": {
                "type": "Point",
                "coordinates": [
                    -38.55511815225544,
                    -3.759553714644554
                ]
            },
            "properties": {
                "entity": "PARTNER",
                "radius": 200,
                "total": 67
            }
        },
        {
            "type": "Feature",
            "geometry": {
                "type": "Point",
                "coordinates": [
                    -46.55199924856091,
                    -23.436928315809492
                ]
            },
            "properties": {
                "entity": "PARTNER",
                "radius": 200,
                "total": 52
            }
        },
        {
            "type": "Feature",
            "geometry": {
                "type": "Point",
                "coordinates": [
                    -40.23402839208811,
                    -20.19510928105347
                ]
            },
            "properties": {
                "entity": "PARTNER",
                "radius": 1100,
                "total": 51
            }
        },
        {
            "type": "Feature",
            "geometry": {
                "type": "Point",
                "coordinates": [
                    -49.29724514664338,
                    -25.460084406102215
                ]
            },
            "properties": {
                "entity": "PARTNER",
                "radius": 500,
                "total": 70
            }
        },
        {
            "type": "Feature",
            "geometry": {
                "type": "Point",
                "coordinates": [
                    -43.25737445119748,
                    -22.90507800557803
                ]
            },
            "properties": {
                "entity": "PARTNER",
                "radius": 500,
                "total": 70
            }
        },
        {
            "type": "Feature",
            "geometry": {
                "type": "Point",
                "coordinates": [
                    -51.231686297268475,
                    -30.064227447230817
                ]
            },
            "properties": {
                "entity": "PARTNER",
                "radius": 500,
                "total": 69
            }
        },
        {
            "type": "Feature",
            "geometry": {
                "type": "Point",
                "coordinates": [
                    -43.3645442027478,
                    -22.888446991603402
                ]
            },
            "properties": {
                "entity": "PARTNER",
                "radius": 500,
                "total": 70
            }
        },
        {
            "type": "Feature",
            "geometry": {
                "type": "Point",
                "coordinates": [
                    -49.30796235814891,
                    -16.719748503266405
                ]
            },
            "properties": {
                "entity": "PARTNER",
                "radius": 800,
                "total": 66
            }
        },
        {
            "type": "Feature",
            "geometry": {
                "type": "Point",
                "coordinates": [
                    -46.5613940792784,
                    -23.444186992551717
                ]
            },
            "properties": {
                "entity": "PARTNER",
                "radius": 800,
                "total": 66
            }
        },
        {
            "type": "Feature",
            "geometry": {
                "type": "Point",
                "coordinates": [
                    -40.25237401005157,
                    -20.19497478153464
                ]
            },
            "properties": {
                "entity": "PARTNER",
                "radius": 1500,
                "total": 49
            }
        },
        {
            "type": "Feature",
            "geometry": {
                "type": "Point",
                "coordinates": [
                    -38.59561273372372,
                    -3.881013094497323
                ]
            },
            "properties": {
                "entity": "PARTNER",
                "radius": 500,
                "total": 47
            }
        },
        {
            "type": "Feature",
            "geometry": {
                "type": "Point",
                "coordinates": [
                    -43.940917025410194,
                    -19.84131993364509
                ]
            },
            "properties": {
                "entity": "PARTNER",
                "radius": 500,
                "total": 70
            }
        },
        {
            "type": "Feature",
            "geometry": {
                "type": "Point",
                "coordinates": [
                    -46.58701797149699,
                    -23.482978488400324
                ]
            },
            "properties": {
                "entity": "PARTNER",
                "radius": 800,
                "total": 69
            }
        },
        {
            "type": "Feature",
            "geometry": {
                "type": "Point",
                "coordinates": [
                    -46.56939904190746,
                    -23.508371603050396
                ]
            },
            "properties": {
                "entity": "PARTNER",
                "radius": 800,
                "total": 69
            }
        },
        {
            "type": "Feature",
            "geometry": {
                "type": "Point",
                "coordinates": [
                    -48.11481574117203,
                    -15.824073546834246
                ]
            },
            "properties": {
                "entity": "PARTNER",
                "radius": 1100,
                "total": 62
            }
        },
        {
            "type": "Feature",
            "geometry": {
                "type": "Point",
                "coordinates": [
                    -34.923783052671865,
                    -8.088707329767885
                ]
            },
            "properties": {
                "entity": "PARTNER",
                "radius": 500,
                "total": 63
            }
        },
        {
            "type": "Feature",
            "geometry": {
                "type": "Point",
                "coordinates": [
                    -34.908860815662926,
                    -8.076812853400371
                ]
            },
            "properties": {
                "entity": "PARTNER",
                "radius": 500,
                "total": 70
            }
        },
        {
            "type": "Feature",
            "geometry": {
                "type": "Point",
                "coordinates": [
                    -40.321553188765385,
                    -20.296578586181454
                ]
            },
            "properties": {
                "entity": "PARTNER",
                "radius": 500,
                "total": 70
            }
        },
        {
            "type": "Feature",
            "geometry": {
                "type": "Point",
                "coordinates": [
                    -44.00140490704516,
                    -19.94048098138119
                ]
            },
            "properties": {
                "entity": "PARTNER",
                "radius": 500,
                "total": 70
            }
        },
        {
            "type": "Feature",
            "geometry": {
                "type": "Point",
                "coordinates": [
                    -47.97086464148374,
                    -15.843872764439537
                ]
            },
            "properties": {
                "entity": "PARTNER",
                "radius": 200,
                "total": 67
            }
        },
        {
            "type": "Feature",
            "geometry": {
                "type": "Point",
                "coordinates": [
                    -46.55312825897016,
                    -23.579758589080004
                ]
            },
            "properties": {
                "entity": "PARTNER",
                "radius": 500,
                "total": 69
            }
        },
        {
            "type": "Feature",
            "geometry": {
                "type": "Point",
                "coordinates": [
                    -46.57614351888386,
                    -23.529568123657803
                ]
            },
            "properties": {
                "entity": "PARTNER",
                "radius": 200,
                "total": 62
            }
        },
        {
            "type": "Feature",
            "geometry": {
                "type": "Point",
                "coordinates": [
                    -34.90047221810032,
                    -8.12961854334472
                ]
            },
            "properties": {
                "entity": "PARTNER",
                "radius": 200,
                "total": 65
            }
        },
        {
            "type": "Feature",
            "geometry": {
                "type": "Point",
                "coordinates": [
                    -38.51021918128619,
                    -3.744765210982352
                ]
            },
            "properties": {
                "entity": "PARTNER",
                "radius": 200,
                "total": 70
            }
        },
        {
            "type": "Feature",
            "geometry": {
                "type": "Point",
                "coordinates": [
                    -49.30959743950655,
                    -25.465237762544
                ]
            },
            "properties": {
                "entity": "PARTNER",
                "radius": 500,
                "total": 70
            }
        },
        {
            "type": "Feature",
            "geometry": {
                "type": "Point",
                "coordinates": [
                    -49.28200970716133,
                    -25.45959570300033
                ]
            },
            "properties": {
                "entity": "PARTNER",
                "radius": 500,
                "total": 69
            }
        },
        {
            "type": "Feature",
            "geometry": {
                "type": "Point",
                "coordinates": [
                    -51.19554308509016,
                    -29.922926863614734
                ]
            },
            "properties": {
                "entity": "PARTNER",
                "radius": 800,
                "total": 70
            }
        },
        {
            "type": "Feature",
            "geometry": {
                "type": "Point",
                "coordinates": [
                    -49.223681226862965,
                    -16.6147114489196
                ]
            },
            "properties": {
                "entity": "PARTNER",
                "radius": 800,
                "total": 61
            }
        },
        {
            "type": "Feature",
            "geometry": {
                "type": "Point",
                "coordinates": [
                    -43.913998087362174,
                    -19.866103193084918
                ]
            },
            "properties": {
                "entity": "PARTNER",
                "radius": 500,
                "total": 67
            }
        },
        {
            "type": "Feature",
            "geometry": {
                "type": "Point",
                "coordinates": [
                    -49.2620339476876,
                    -25.498204340367913
                ]
            },
            "properties": {
                "entity": "PARTNER",
                "radius": 800,
                "total": 62
            }
        },
        {
            "type": "Feature",
            "geometry": {
                "type": "Point",
                "coordinates": [
                    -43.937668829524256,
                    -19.83340114061792
                ]
            },
            "properties": {
                "entity": "PARTNER",
                "radius": 800,
                "total": 70
            }
        },
        {
            "type": "Feature",
            "geometry": {
                "type": "Point",
                "coordinates": [
                    -47.973729261900836,
                    -15.838797062088192
                ]
            },
            "properties": {
                "entity": "PARTNER",
                "radius": 500,
                "total": 65
            }
        },
        {
            "type": "Feature",
            "geometry": {
                "type": "Point",
                "coordinates": [
                    -43.914075180191126,
                    -19.869304240380202
                ]
            },
            "properties": {
                "entity": "PARTNER",
                "radius": 500,
                "total": 59
            }
        },
        {
            "type": "Feature",
            "geometry": {
                "type": "Point",
                "coordinates": [
                    -49.325552046513224,
                    -25.486559413973843
                ]
            },
            "properties": {
                "entity": "PARTNER",
                "radius": 800,
                "total": 70
            }
        },
        {
            "type": "Feature",
            "geometry": {
                "type": "Point",
                "coordinates": [
                    -48.056890170973226,
                    -15.902545779023766
                ]
            },
            "properties": {
                "entity": "PARTNER",
                "radius": 500,
                "total": 68
            }
        },
        {
            "type": "Feature",
            "geometry": {
                "type": "Point",
                "coordinates": [
                    -47.91633822219719,
                    -15.83316534330732
                ]
            },
            "properties": {
                "entity": "PARTNER",
                "radius": 200,
                "total": 59
            }
        },
        {
            "type": "Feature",
            "geometry": {
                "type": "Point",
                "coordinates": [
                    -49.30970034134379,
                    -25.468214826731334
                ]
            },
            "properties": {
                "entity": "PARTNER",
                "radius": 800,
                "total": 70
            }
        },
        {
            "type": "Feature",
            "geometry": {
                "type": "Point",
                "coordinates": [
                    -46.56081388175726,
                    -23.528734882173417
                ]
            },
            "properties": {
                "entity": "PARTNER",
                "radius": 200,
                "total": 49
            }
        },
        {
            "type": "Feature",
            "geometry": {
                "type": "Point",
                "coordinates": [
                    -46.53514382352379,
                    -23.592860440833512
                ]
            },
            "properties": {
                "entity": "PARTNER",
                "radius": 1100,
                "total": 55
            }
        },
        {
            "type": "Feature",
            "geometry": {
                "type": "Point",
                "coordinates": [
                    -47.02883052808239,
                    -22.81282031836511
                ]
            },
            "properties": {
                "entity": "PARTNER",
                "radius": 500,
                "total": 55
            }
        },
        {
            "type": "Feature",
            "geometry": {
                "type": "Point",
                "coordinates": [
                    -43.318360350486095,
                    -22.884950239340164
                ]
            },
            "properties": {
                "entity": "PARTNER",
                "radius": 500,
                "total": 64
            }
        },
        {
            "type": "Feature",
            "geometry": {
                "type": "Point",
                "coordinates": [
                    -38.49294317168556,
                    -3.7862886427359146
                ]
            },
            "properties": {
                "entity": "PARTNER",
                "radius": 500,
                "total": 70
            }
        },
        {
            "type": "Feature",
            "geometry": {
                "type": "Point",
                "coordinates": [
                    -38.58205048763915,
                    -3.7677388456413032
                ]
            },
            "properties": {
                "entity": "PARTNER",
                "radius": 1500,
                "total": 67
            }
        },
        {
            "type": "Feature",
            "geometry": {
                "type": "Point",
                "coordinates": [
                    -44.03837991237727,
                    -19.95222473399526
                ]
            },
            "properties": {
                "entity": "PARTNER",
                "radius": 500,
                "total": 69
            }
        },
        {
            "type": "Feature",
            "geometry": {
                "type": "Point",
                "coordinates": [
                    -49.30939163872395,
                    -25.459283275612076
                ]
            },
            "properties": {
                "entity": "PARTNER",
                "radius": 800,
                "total": 70
            }
        },
        {
            "type": "Feature",
            "geometry": {
                "type": "Point",
                "coordinates": [
                    -49.2187009192936,
                    -25.389098002476896
                ]
            },
            "properties": {
                "entity": "PARTNER",
                "radius": 1100,
                "total": 70
            }
        },
        {
            "type": "Feature",
            "geometry": {
                "type": "Point",
                "coordinates": [
                    -46.53073721960895,
                    -23.442510838175757
                ]
            },
            "properties": {
                "entity": "PARTNER",
                "radius": 800,
                "total": 62
            }
        },
        {
            "type": "Feature",
            "geometry": {
                "type": "Point",
                "coordinates": [
                    -46.5613940792784,
                    -23.444186992551717
                ]
            },
            "properties": {
                "entity": "PARTNER",
                "radius": 1100,
                "total": 64
            }
        },
        {
            "type": "Feature",
            "geometry": {
                "type": "Point",
                "coordinates": [
                    -44.0260031854178,
                    -19.946178974129687
                ]
            },
            "properties": {
                "entity": "PARTNER",
                "radius": 500,
                "total": 61
            }
        },
        {
            "type": "Feature",
            "geometry": {
                "type": "Point",
                "coordinates": [
                    -46.53073721960895,
                    -23.442510838175757
                ]
            },
            "properties": {
                "entity": "PARTNER",
                "radius": 1100,
                "total": 69
            }
        },
        {
            "type": "Feature",
            "geometry": {
                "type": "Point",
                "coordinates": [
                    -43.38439562887488,
                    -22.946886920796732
                ]
            },
            "properties": {
                "entity": "PARTNER",
                "radius": 1100,
                "total": 66
            }
        },
        {
            "type": "Feature",
            "geometry": {
                "type": "Point",
                "coordinates": [
                    -49.21766183110371,
                    -25.447399435706323
                ]
            },
            "properties": {
                "entity": "PARTNER",
                "radius": 1500,
                "total": 70
            }
        },
        {
            "type": "Feature",
            "geometry": {
                "type": "Point",
                "coordinates": [
                    -49.31050103122358,
                    -16.704908714583006
                ]
            },
            "properties": {
                "entity": "PARTNER",
                "radius": 500,
                "total": 54
            }
        },
        {
            "type": "Feature",
            "geometry": {
                "type": "Point",
                "coordinates": [
                    -43.33206463709894,
                    -22.943553214334308
                ]
            },
            "properties": {
                "entity": "PARTNER",
                "radius": 200,
                "total": 54
            }
        },
        {
            "type": "Feature",
            "geometry": {
                "type": "Point",
                "coordinates": [
                    -49.24886758019251,
                    -25.38115032990603
                ]
            },
            "properties": {
                "entity": "PARTNER",
                "radius": 800,
                "total": 68
            }
        },
        {
            "type": "Feature",
            "geometry": {
                "type": "Point",
                "coordinates": [
                    -47.96780912423317,
                    -15.842363809253905
                ]
            },
            "properties": {
                "entity": "PARTNER",
                "radius": 800,
                "total": 65
            }
        },
        {
            "type": "Feature",
            "geometry": {
                "type": "Point",
                "coordinates": [
                    -49.34376607381493,
                    -25.397306207200167
                ]
            },
            "properties": {
                "entity": "PARTNER",
                "radius": 500,
                "total": 56
            }
        },
        {
            "type": "Feature",
            "geometry": {
                "type": "Point",
                "coordinates": [
                    -43.99513369039743,
                    -19.807740714933807
                ]
            },
            "properties": {
                "entity": "PARTNER",
                "radius": 800,
                "total": 54
            }
        },
        {
            "type": "Feature",
            "geometry": {
                "type": "Point",
                "coordinates": [
                    -48.018315602378664,
                    -15.81862617579971
                ]
            },
            "properties": {
                "entity": "PARTNER",
                "radius": 500,
                "total": 68
            }
        },
        {
            "type": "Feature",
            "geometry": {
                "type": "Point",
                "coordinates": [
                    -46.530962150225314,
                    -23.5546714094576
                ]
            },
            "properties": {
                "entity": "PARTNER",
                "radius": 500,
                "total": 48
            }
        },
        {
            "type": "Feature",
            "geometry": {
                "type": "Point",
                "coordinates": [
                    -34.843459363327014,
                    -7.0968768493889405
                ]
            },
            "properties": {
                "entity": "PARTNER",
                "radius": 200,
                "total": 59
            }
        },
        {
            "type": "Feature",
            "geometry": {
                "type": "Point",
                "coordinates": [
                    -47.048549636295974,
                    -22.961891425734034
                ]
            },
            "properties": {
                "entity": "PARTNER",
                "radius": 500,
                "total": 54
            }
        },
        {
            "type": "Feature",
            "geometry": {
                "type": "Point",
                "coordinates": [
                    -43.381436331280604,
                    -22.951613512222284
                ]
            },
            "properties": {
                "entity": "PARTNER",
                "radius": 1100,
                "total": 69
            }
        },
        {
            "type": "Feature",
            "geometry": {
                "type": "Point",
                "coordinates": [
                    -51.15802218693002,
                    -30.048315238897917
                ]
            },
            "properties": {
                "entity": "PARTNER",
                "radius": 500,
                "total": 64
            }
        },
        {
            "type": "Feature",
            "geometry": {
                "type": "Point",
                "coordinates": [
                    -38.63101504039783,
                    -3.8564015266812945
                ]
            },
            "properties": {
                "entity": "PARTNER",
                "radius": 1500,
                "total": 69
            }
        },
        {
            "type": "Feature",
            "geometry": {
                "type": "Point",
                "coordinates": [
                    -49.304205698048165,
                    -16.69544082950305
                ]
            },
            "properties": {
                "entity": "PARTNER",
                "radius": 800,
                "total": 70
            }
        },
        {
            "type": "Feature",
            "geometry": {
                "type": "Point",
                "coordinates": [
                    -44.04441284050049,
                    -19.94885081816545
                ]
            },
            "properties": {
                "entity": "PARTNER",
                "radius": 800,
                "total": 70
            }
        },
        {
            "type": "Feature",
            "geometry": {
                "type": "Point",
                "coordinates": [
                    -46.53748037890707,
                    -23.46372744111025
                ]
            },
            "properties": {
                "entity": "PARTNER",
                "radius": 200,
                "total": 47
            }
        },
        {
            "type": "Feature",
            "geometry": {
                "type": "Point",
                "coordinates": [
                    -46.47786231007824,
                    -23.518685439425887
                ]
            },
            "properties": {
                "entity": "PARTNER",
                "radius": 1500,
                "total": 61
            }
        },
        {
            "type": "Feature",
            "geometry": {
                "type": "Point",
                "coordinates": [
                    -34.99429854865175,
                    -8.027250042467111
                ]
            },
            "properties": {
                "entity": "PARTNER",
                "radius": 500,
                "total": 70
            }
        },
        {
            "type": "Feature",
            "geometry": {
                "type": "Point",
                "coordinates": [
                    -49.297656535759174,
                    -25.471993118599226
                ]
            },
            "properties": {
                "entity": "PARTNER",
                "radius": 500,
                "total": 68
            }
        },
        {
            "type": "Feature",
            "geometry": {
                "type": "Point",
                "coordinates": [
                    -43.91098122588511,
                    -19.86778931114505
                ]
            },
            "properties": {
                "entity": "PARTNER",
                "radius": 800,
                "total": 69
            }
        },
        {
            "type": "Feature",
            "geometry": {
                "type": "Point",
                "coordinates": [
                    -34.88837662980542,
                    -7.156414023228045
                ]
            },
            "properties": {
                "entity": "PARTNER",
                "radius": 1500,
                "total": 57
            }
        },
        {
            "type": "Feature",
            "geometry": {
                "type": "Point",
                "coordinates": [
                    -49.346033237095156,
                    -25.462828249365405
                ]
            },
            "properties": {
                "entity": "PARTNER",
                "radius": 800,
                "total": 58
            }
        },
        {
            "type": "Feature",
            "geometry": {
                "type": "Point",
                "coordinates": [
                    -48.09095761720875,
                    -15.831768597715472
                ]
            },
            "properties": {
                "entity": "PARTNER",
                "radius": 1500,
                "total": 69
            }
        },
        {
            "type": "Feature",
            "geometry": {
                "type": "Point",
                "coordinates": [
                    -47.047350594707915,
                    -22.921762665159612
                ]
            },
            "properties": {
                "entity": "PARTNER",
                "radius": 500,
                "total": 70
            }
        },
        {
            "type": "Feature",
            "geometry": {
                "type": "Point",
                "coordinates": [
                    -38.4467277137219,
                    -12.985955873724803
                ]
            },
            "properties": {
                "entity": "PARTNER",
                "radius": 500,
                "total": 69
            }
        },
        {
            "type": "Feature",
            "geometry": {
                "type": "Point",
                "coordinates": [
                    -43.3061487985579,
                    -22.888357661055597
                ]
            },
            "properties": {
                "entity": "PARTNER",
                "radius": 1100,
                "total": 70
            }
        },
        {
            "type": "Feature",
            "geometry": {
                "type": "Point",
                "coordinates": [
                    -47.982895552843836,
                    -15.843323576703067
                ]
            },
            "properties": {
                "entity": "PARTNER",
                "radius": 500,
                "total": 69
            }
        },
        {
            "type": "Feature",
            "geometry": {
                "type": "Point",
                "coordinates": [
                    -48.08780725701777,
                    -15.826969577402329
                ]
            },
            "properties": {
                "entity": "PARTNER",
                "radius": 1500,
                "total": 69
            }
        },
        {
            "type": "Feature",
            "geometry": {
                "type": "Point",
                "coordinates": [
                    -51.19232950421171,
                    -30.06897433722073
                ]
            },
            "properties": {
                "entity": "PARTNER",
                "radius": 500,
                "total": 69
            }
        },
        {
            "type": "Feature",
            "geometry": {
                "type": "Point",
                "coordinates": [
                    -38.53114151602601,
                    -3.749603971702268
                ]
            },
            "properties": {
                "entity": "PARTNER",
                "radius": 200,
                "total": 63
            }
        },
        {
            "type": "Feature",
            "geometry": {
                "type": "Point",
                "coordinates": [
                    -48.086191959617935,
                    -15.874833240774741
                ]
            },
            "properties": {
                "entity": "PARTNER",
                "radius": 200,
                "total": 52
            }
        },
        {
            "type": "Feature",
            "geometry": {
                "type": "Point",
                "coordinates": [
                    -47.065094587425854,
                    -22.902348549414878
                ]
            },
            "properties": {
                "entity": "PARTNER",
                "radius": 200,
                "total": 67
            }
        },
        {
            "type": "Feature",
            "geometry": {
                "type": "Point",
                "coordinates": [
                    -49.21004954579259,
                    -25.403105228201976
                ]
            },
            "properties": {
                "entity": "PARTNER",
                "radius": 1100,
                "total": 53
            }
        },
        {
            "type": "Feature",
            "geometry": {
                "type": "Point",
                "coordinates": [
                    -49.316694829118134,
                    -16.71111334918527
                ]
            },
            "properties": {
                "entity": "PARTNER",
                "radius": 800,
                "total": 68
            }
        },
        {
            "type": "Feature",
            "geometry": {
                "type": "Point",
                "coordinates": [
                    -49.254941409684335,
                    -25.380752439361522
                ]
            },
            "properties": {
                "entity": "PARTNER",
                "radius": 1100,
                "total": 51
            }
        },
        {
            "type": "Feature",
            "geometry": {
                "type": "Point",
                "coordinates": [
                    -43.95754550957557,
                    -19.896905081215994
                ]
            },
            "properties": {
                "entity": "PARTNER",
                "radius": 500,
                "total": 70
            }
        },
        {
            "type": "Feature",
            "geometry": {
                "type": "Point",
                "coordinates": [
                    -46.605685233690046,
                    -23.597296258918355
                ]
            },
            "properties": {
                "entity": "PARTNER",
                "radius": 1500,
                "total": 68
            }
        },
        {
            "type": "Feature",
            "geometry": {
                "type": "Point",
                "coordinates": [
                    -48.06298800763341,
                    -15.80173928176421
                ]
            },
            "properties": {
                "entity": "PARTNER",
                "radius": 200,
                "total": 61
            }
        },
        {
            "type": "Feature",
            "geometry": {
                "type": "Point",
                "coordinates": [
                    -34.82919746710344,
                    -7.1532206551522535
                ]
            },
            "properties": {
                "entity": "PARTNER",
                "radius": 1500,
                "total": 69
            }
        },
        {
            "type": "Feature",
            "geometry": {
                "type": "Point",
                "coordinates": [
                    -40.282539205394386,
                    -20.336740228467875
                ]
            },
            "properties": {
                "entity": "PARTNER",
                "radius": 200,
                "total": 68
            }
        },
        {
            "type": "Feature",
            "geometry": {
                "type": "Point",
                "coordinates": [
                    -38.5174634252736,
                    -3.834055788541341
                ]
            },
            "properties": {
                "entity": "PARTNER",
                "radius": 500,
                "total": 46
            }
        },
        {
            "type": "Feature",
            "geometry": {
                "type": "Point",
                "coordinates": [
                    -46.581265448549075,
                    -23.495535843876002
                ]
            },
            "properties": {
                "entity": "PARTNER",
                "radius": 800,
                "total": 49
            }
        },
        {
            "type": "Feature",
            "geometry": {
                "type": "Point",
                "coordinates": [
                    -49.25915058310397,
                    -25.502868010284637
                ]
            },
            "properties": {
                "entity": "PARTNER",
                "radius": 1100,
                "total": 54
            }
        },
        {
            "type": "Feature",
            "geometry": {
                "type": "Point",
                "coordinates": [
                    -34.85143175592708,
                    -7.952588474095569
                ]
            },
            "properties": {
                "entity": "PARTNER",
                "radius": 800,
                "total": 51
            }
        },
        {
            "type": "Feature",
            "geometry": {
                "type": "Point",
                "coordinates": [
                    -49.27343233635952,
                    -16.767328190525138
                ]
            },
            "properties": {
                "entity": "PARTNER",
                "radius": 1500,
                "total": 70
            }
        },
        {
            "type": "Feature",
            "geometry": {
                "type": "Point",
                "coordinates": [
                    -34.8666973721963,
                    -8.001953124895307
                ]
            },
            "properties": {
                "entity": "PARTNER",
                "radius": 500,
                "total": 70
            }
        },
        {
            "type": "Feature",
            "geometry": {
                "type": "Point",
                "coordinates": [
                    -47.96207957259987,
                    -15.85251478384638
                ]
            },
            "properties": {
                "entity": "PARTNER",
                "radius": 800,
                "total": 69
            }
        },
        {
            "type": "Feature",
            "geometry": {
                "type": "Point",
                "coordinates": [
                    -34.88511554599338,
                    -7.124013602509743
                ]
            },
            "properties": {
                "entity": "PARTNER",
                "radius": 500,
                "total": 59
            }
        },
        {
            "type": "Feature",
            "geometry": {
                "type": "Point",
                "coordinates": [
                    -43.99072796121001,
                    -19.878350302242485
                ]
            },
            "properties": {
                "entity": "PARTNER",
                "radius": 200,
                "total": 66
            }
        },
        {
            "type": "Feature",
            "geometry": {
                "type": "Point",
                "coordinates": [
                    -38.5206154911179,
                    -3.846043101642259
                ]
            },
            "properties": {
                "entity": "PARTNER",
                "radius": 1500,
                "total": 70
            }
        },
        {
            "type": "Feature",
            "geometry": {
                "type": "Point",
                "coordinates": [
                    -38.40624737835738,
                    -12.900338071035442
                ]
            },
            "properties": {
                "entity": "PARTNER",
                "radius": 800,
                "total": 63
            }
        },
        {
            "type": "Feature",
            "geometry": {
                "type": "Point",
                "coordinates": [
                    -34.927791110752764,
                    -8.199386868078506
                ]
            },
            "properties": {
                "entity": "PARTNER",
                "radius": 200,
                "total": 67
            }
        },
        {
            "type": "Feature",
            "geometry": {
                "type": "Point",
                "coordinates": [
                    -44.01014453915085,
                    -19.92262547716966
                ]
            },
            "properties": {
                "entity": "PARTNER",
                "radius": 500,
                "total": 52
            }
        },
        {
            "type": "Feature",
            "geometry": {
                "type": "Point",
                "coordinates": [
                    -46.510503244314044,
                    -23.58784413449065
                ]
            },
            "properties": {
                "entity": "PARTNER",
                "radius": 1100,
                "total": 48
            }
        },
        {
            "type": "Feature",
            "geometry": {
                "type": "Point",
                "coordinates": [
                    -34.92465158745909,
                    -8.180662219904352
                ]
            },
            "properties": {
                "entity": "PARTNER",
                "radius": 200,
                "total": 70
            }
        },
        {
            "type": "Feature",
            "geometry": {
                "type": "Point",
                "coordinates": [
                    -34.86717970867885,
                    -7.103610428298655
                ]
            },
            "properties": {
                "entity": "PARTNER",
                "radius": 500,
                "total": 70
            }
        },
        {
            "type": "Feature",
            "geometry": {
                "type": "Point",
                "coordinates": [
                    -38.49974035303833,
                    -3.844639549309924
                ]
            },
            "properties": {
                "entity": "PARTNER",
                "radius": 1100,
                "total": 70
            }
        },
        {
            "type": "Feature",
            "geometry": {
                "type": "Point",
                "coordinates": [
                    -38.51076365426164,
                    -3.782579679958949
                ]
            },
            "properties": {
                "entity": "PARTNER",
                "radius": 800,
                "total": 68
            }
        },
        {
            "type": "Feature",
            "geometry": {
                "type": "Point",
                "coordinates": [
                    -43.46583666054628,
                    -23.009900314368792
                ]
            },
            "properties": {
                "entity": "PARTNER",
                "radius": 500,
                "total": 70
            }
        },
        {
            "type": "Feature",
            "geometry": {
                "type": "Point",
                "coordinates": [
                    -48.060232687802895,
                    -15.913922864006615
                ]
            },
            "properties": {
                "entity": "PARTNER",
                "radius": 800,
                "total": 50
            }
        },
        {
            "type": "Feature",
            "geometry": {
                "type": "Point",
                "coordinates": [
                    -49.296113906063766,
                    -25.427325588772735
                ]
            },
            "properties": {
                "entity": "PARTNER",
                "radius": 500,
                "total": 69
            }
        },
        {
            "type": "Feature",
            "geometry": {
                "type": "Point",
                "coordinates": [
                    -34.86080732150924,
                    -8.00537031859935
                ]
            },
            "properties": {
                "entity": "PARTNER",
                "radius": 500,
                "total": 64
            }
        },
        {
            "type": "Feature",
            "geometry": {
                "type": "Point",
                "coordinates": [
                    -43.354544990074984,
                    -22.856108401430507
                ]
            },
            "properties": {
                "entity": "PARTNER",
                "radius": 800,
                "total": 70
            }
        },
        {
            "type": "Feature",
            "geometry": {
                "type": "Point",
                "coordinates": [
                    -38.52551863808588,
                    -13.009111022368833
                ]
            },
            "properties": {
                "entity": "PARTNER",
                "radius": 200,
                "total": 63
            }
        },
        {
            "type": "Feature",
            "geometry": {
                "type": "Point",
                "coordinates": [
                    -38.35460765074339,
                    -12.875338035609676
                ]
            },
            "properties": {
                "entity": "PARTNER",
                "radius": 1100,
                "total": 69
            }
        },
        {
            "type": "Feature",
            "geometry": {
                "type": "Point",
                "coordinates": [
                    -51.236514539662714,
                    -30.033301255262593
                ]
            },
            "properties": {
                "entity": "PARTNER",
                "radius": 200,
                "total": 60
            }
        },
        {
            "type": "Feature",
            "geometry": {
                "type": "Point",
                "coordinates": [
                    -51.23005733786417,
                    -30.09902225219407
                ]
            },
            "properties": {
                "entity": "PARTNER",
                "radius": 500,
                "total": 70
            }
        },
        {
            "type": "Feature",
            "geometry": {
                "type": "Point",
                "coordinates": [
                    -34.84601905119876,
                    -8.007100319354555
                ]
            },
            "properties": {
                "entity": "PARTNER",
                "radius": 500,
                "total": 69
            }
        },
        {
            "type": "Feature",
            "geometry": {
                "type": "Point",
                "coordinates": [
                    -46.59231917475654,
                    -23.455068680071673
                ]
            },
            "properties": {
                "entity": "PARTNER",
                "radius": 800,
                "total": 68
            }
        },
        {
            "type": "Feature",
            "geometry": {
                "type": "Point",
                "coordinates": [
                    -46.544133894886464,
                    -23.48186841403417
                ]
            },
            "properties": {
                "entity": "PARTNER",
                "radius": 500,
                "total": 70
            }
        },
        {
            "type": "Feature",
            "geometry": {
                "type": "Point",
                "coordinates": [
                    -46.544001255150555,
                    -23.58171116988669
                ]
            },
            "properties": {
                "entity": "PARTNER",
                "radius": 800,
                "total": 64
            }
        },
        {
            "type": "Feature",
            "geometry": {
                "type": "Point",
                "coordinates": [
                    -51.13411414927012,
                    -29.681592864526742
                ]
            },
            "properties": {
                "entity": "PARTNER",
                "radius": 200,
                "total": 47
            }
        },
        {
            "type": "Feature",
            "geometry": {
                "type": "Point",
                "coordinates": [
                    -46.5676873166361,
                    -23.450048917809152
                ]
            },
            "properties": {
                "entity": "PARTNER",
                "radius": 1500,
                "total": 55
            }
        },
        {
            "type": "Feature",
            "geometry": {
                "type": "Point",
                "coordinates": [
                    -38.53774345777196,
                    -3.794204363778141
                ]
            },
            "properties": {
                "entity": "PARTNER",
                "radius": 200,
                "total": 58
            }
        },
        {
            "type": "Feature",
            "geometry": {
                "type": "Point",
                "coordinates": [
                    -43.32694051551014,
                    -22.858352755909518
                ]
            },
            "properties": {
                "entity": "PARTNER",
                "radius": 800,
                "total": 58
            }
        },
        {
            "type": "Feature",
            "geometry": {
                "type": "Point",
                "coordinates": [
                    -44.04441284050049,
                    -19.94885081816545
                ]
            },
            "properties": {
                "entity": "PARTNER",
                "radius": 800,
                "total": 55
            }
        },
        {
            "type": "Feature",
            "geometry": {
                "type": "Point",
                "coordinates": [
                    -51.12635299584703,
                    -30.017697040346793
                ]
            },
            "properties": {
                "entity": "PARTNER",
                "radius": 500,
                "total": 61
            }
        },
        {
            "type": "Feature",
            "geometry": {
                "type": "Point",
                "coordinates": [
                    -34.92925661468728,
                    -8.041008596386769
                ]
            },
            "properties": {
                "entity": "PARTNER",
                "radius": 500,
                "total": 70
            }
        },
        {
            "type": "Feature",
            "geometry": {
                "type": "Point",
                "coordinates": [
                    -49.24124397018102,
                    -25.424957855212245
                ]
            },
            "properties": {
                "entity": "PARTNER",
                "radius": 800,
                "total": 69
            }
        },
        {
            "type": "Feature",
            "geometry": {
                "type": "Point",
                "coordinates": [
                    -51.194857371989414,
                    -30.056277790504907
                ]
            },
            "properties": {
                "entity": "PARTNER",
                "radius": 500,
                "total": 70
            }
        },
        {
            "type": "Feature",
            "geometry": {
                "type": "Point",
                "coordinates": [
                    -38.511555717842015,
                    -3.837583788603604
                ]
            },
            "properties": {
                "entity": "PARTNER",
                "radius": 1100,
                "total": 70
            }
        },
        {
            "type": "Feature",
            "geometry": {
                "type": "Point",
                "coordinates": [
                    -38.57599338338279,
                    -3.760954082586949
                ]
            },
            "properties": {
                "entity": "PARTNER",
                "radius": 1100,
                "total": 45
            }
        },
        {
            "type": "Feature",
            "geometry": {
                "type": "Point",
                "coordinates": [
                    -47.854381414098896,
                    -15.669348741620095
                ]
            },
            "properties": {
                "entity": "PARTNER",
                "radius": 500,
                "total": 70
            }
        },
        {
            "type": "Feature",
            "geometry": {
                "type": "Point",
                "coordinates": [
                    -46.582076854235616,
                    -23.52315181805827
                ]
            },
            "properties": {
                "entity": "PARTNER",
                "radius": 500,
                "total": 59
            }
        },
        {
            "type": "Feature",
            "geometry": {
                "type": "Point",
                "coordinates": [
                    -49.22265672159307,
                    -16.678526883135735
                ]
            },
            "properties": {
                "entity": "PARTNER",
                "radius": 800,
                "total": 70
            }
        },
        {
            "type": "Feature",
            "geometry": {
                "type": "Point",
                "coordinates": [
                    -47.04841730210938,
                    -22.85520706084733
                ]
            },
            "properties": {
                "entity": "PARTNER",
                "radius": 200,
                "total": 55
            }
        },
        {
            "type": "Feature",
            "geometry": {
                "type": "Point",
                "coordinates": [
                    -49.199332479993124,
                    -25.445610783306375
                ]
            },
            "properties": {
                "entity": "PARTNER",
                "radius": 1500,
                "total": 51
            }
        },
        {
            "type": "Feature",
            "geometry": {
                "type": "Point",
                "coordinates": [
                    -38.49092828201352,
                    -3.8533689074553066
                ]
            },
            "properties": {
                "entity": "PARTNER",
                "radius": 1500,
                "total": 70
            }
        },
        {
            "type": "Feature",
            "geometry": {
                "type": "Point",
                "coordinates": [
                    -38.604575709508445,
                    -3.882596419484554
                ]
            },
            "properties": {
                "entity": "PARTNER",
                "radius": 500,
                "total": 45
            }
        },
        {
            "type": "Feature",
            "geometry": {
                "type": "Point",
                "coordinates": [
                    -49.22488158892253,
                    -16.750308224780778
                ]
            },
            "properties": {
                "entity": "PARTNER",
                "radius": 800,
                "total": 69
            }
        },
        {
            "type": "Feature",
            "geometry": {
                "type": "Point",
                "coordinates": [
                    -46.564816695831105,
                    -23.5608006441963
                ]
            },
            "properties": {
                "entity": "PARTNER",
                "radius": 500,
                "total": 70
            }
        },
        {
            "type": "Feature",
            "geometry": {
                "type": "Point",
                "coordinates": [
                    -34.92346143092831,
                    -8.054645411445332
                ]
            },
            "properties": {
                "entity": "PARTNER",
                "radius": 500,
                "total": 70
            }
        },
        {
            "type": "Feature",
            "geometry": {
                "type": "Point",
                "coordinates": [
                    -38.513299307420965,
                    -12.999080331873625
                ]
            },
            "properties": {
                "entity": "PARTNER",
                "radius": 200,
                "total": 46
            }
        },
        {
            "type": "Feature",
            "geometry": {
                "type": "Point",
                "coordinates": [
                    -49.2388021472708,
                    -16.71525969225458
                ]
            },
            "properties": {
                "entity": "PARTNER",
                "radius": 200,
                "total": 57
            }
        },
        {
            "type": "Feature",
            "geometry": {
                "type": "Point",
                "coordinates": [
                    -43.936582181018366,
                    -19.915107393633686
                ]
            },
            "properties": {
                "entity": "PARTNER",
                "radius": 200,
                "total": 57
            }
        },
        {
            "type": "Feature",
            "geometry": {
                "type": "Point",
                "coordinates": [
                    -40.36461009027668,
                    -20.3090003013633
                ]
            },
            "properties": {
                "entity": "PARTNER",
                "radius": 800,
                "total": 70
            }
        },
        {
            "type": "Feature",
            "geometry": {
                "type": "Point",
                "coordinates": [
                    -38.50495536367596,
                    -3.7929832556188643
                ]
            },
            "properties": {
                "entity": "PARTNER",
                "radius": 800,
                "total": 70
            }
        },
        {
            "type": "Feature",
            "geometry": {
                "type": "Point",
                "coordinates": [
                    -49.32847270996933,
                    -16.703948627248216
                ]
            },
            "properties": {
                "entity": "PARTNER",
                "radius": 1100,
                "total": 56
            }
        },
        {
            "type": "Feature",
            "geometry": {
                "type": "Point",
                "coordinates": [
                    -51.12572238578692,
                    -30.077407473404
                ]
            },
            "properties": {
                "entity": "PARTNER",
                "radius": 1100,
                "total": 52
            }
        },
        {
            "type": "Feature",
            "geometry": {
                "type": "Point",
                "coordinates": [
                    -43.2571515827101,
                    -22.895774619333526
                ]
            },
            "properties": {
                "entity": "PARTNER",
                "radius": 1100,
                "total": 68
            }
        },
        {
            "type": "Feature",
            "geometry": {
                "type": "Point",
                "coordinates": [
                    -34.87629081236749,
                    -7.129164944091445
                ]
            },
            "properties": {
                "entity": "PARTNER",
                "radius": 1100,
                "total": 70
            }
        },
        {
            "type": "Feature",
            "geometry": {
                "type": "Point",
                "coordinates": [
                    -38.61363890612296,
                    -3.89105615372284
                ]
            },
            "properties": {
                "entity": "PARTNER",
                "radius": 500,
                "total": 70
            }
        },
        {
            "type": "Feature",
            "geometry": {
                "type": "Point",
                "coordinates": [
                    -38.50781003473174,
                    -3.7843437760229786
                ]
            },
            "properties": {
                "entity": "PARTNER",
                "radius": 1100,
                "total": 70
            }
        },
        {
            "type": "Feature",
            "geometry": {
                "type": "Point",
                "coordinates": [
                    -43.99405429682858,
                    -19.88946465132856
                ]
            },
            "properties": {
                "entity": "PARTNER",
                "radius": 500,
                "total": 69
            }
        },
        {
            "type": "Feature",
            "geometry": {
                "type": "Point",
                "coordinates": [
                    -49.29498278205428,
                    -25.394552322470616
                ]
            },
            "properties": {
                "entity": "PARTNER",
                "radius": 800,
                "total": 70
            }
        },
        {
            "type": "Feature",
            "geometry": {
                "type": "Point",
                "coordinates": [
                    -44.02205521214762,
                    -19.909478602112916
                ]
            },
            "properties": {
                "entity": "PARTNER",
                "radius": 500,
                "total": 70
            }
        },
        {
            "type": "Feature",
            "geometry": {
                "type": "Point",
                "coordinates": [
                    -43.96427494085216,
                    -19.922329428104
                ]
            },
            "properties": {
                "entity": "PARTNER",
                "radius": 500,
                "total": 69
            }
        },
        {
            "type": "Feature",
            "geometry": {
                "type": "Point",
                "coordinates": [
                    -49.28044361313553,
                    -16.70324296554066
                ]
            },
            "properties": {
                "entity": "PARTNER",
                "radius": 200,
                "total": 58
            }
        },
        {
            "type": "Feature",
            "geometry": {
                "type": "Point",
                "coordinates": [
                    -38.534392759113096,
                    -3.768466203961547
                ]
            },
            "properties": {
                "entity": "PARTNER",
                "radius": 500,
                "total": 67
            }
        },
        {
            "type": "Feature",
            "geometry": {
                "type": "Point",
                "coordinates": [
                    -49.23952153844176,
                    -16.641670831852327
                ]
            },
            "properties": {
                "entity": "PARTNER",
                "radius": 500,
                "total": 57
            }
        },
        {
            "type": "Feature",
            "geometry": {
                "type": "Point",
                "coordinates": [
                    -38.510417164791086,
                    -3.7585158436443797
                ]
            },
            "properties": {
                "entity": "PARTNER",
                "radius": 200,
                "total": 61
            }
        },
        {
            "type": "Feature",
            "geometry": {
                "type": "Point",
                "coordinates": [
                    -38.56698274128542,
                    -3.755933857068957
                ]
            },
            "properties": {
                "entity": "PARTNER",
                "radius": 1100,
                "total": 70
            }
        },
        {
            "type": "Feature",
            "geometry": {
                "type": "Point",
                "coordinates": [
                    -47.96780912423317,
                    -15.842363809253905
                ]
            },
            "properties": {
                "entity": "PARTNER",
                "radius": 800,
                "total": 59
            }
        },
        {
            "type": "Feature",
            "geometry": {
                "type": "Point",
                "coordinates": [
                    -46.540942045811065,
                    -23.477403340094877
                ]
            },
            "properties": {
                "entity": "PARTNER",
                "radius": 800,
                "total": 48
            }
        },
        {
            "type": "Feature",
            "geometry": {
                "type": "Point",
                "coordinates": [
                    -34.83511150573031,
                    -7.1531991657081155
                ]
            },
            "properties": {
                "entity": "PARTNER",
                "radius": 1500,
                "total": 67
            }
        },
        {
            "type": "Feature",
            "geometry": {
                "type": "Point",
                "coordinates": [
                    -47.023780910519115,
                    -22.950726567766935
                ]
            },
            "properties": {
                "entity": "PARTNER",
                "radius": 500,
                "total": 69
            }
        },
        {
            "type": "Feature",
            "geometry": {
                "type": "Point",
                "coordinates": [
                    -46.52340912001649,
                    -23.50586330374561
                ]
            },
            "properties": {
                "entity": "PARTNER",
                "radius": 800,
                "total": 46
            }
        },
        {
            "type": "Feature",
            "geometry": {
                "type": "Point",
                "coordinates": [
                    -44.00101732158633,
                    -19.924486690515195
                ]
            },
            "properties": {
                "entity": "PARTNER",
                "radius": 500,
                "total": 48
            }
        },
        {
            "type": "Feature",
            "geometry": {
                "type": "Point",
                "coordinates": [
                    -48.063563025216716,
                    -15.821493845458422
                ]
            },
            "properties": {
                "entity": "PARTNER",
                "radius": 200,
                "total": 47
            }
        },
        {
            "type": "Feature",
            "geometry": {
                "type": "Point",
                "coordinates": [
                    -47.89209422281813,
                    -15.723762109733766
                ]
            },
            "properties": {
                "entity": "PARTNER",
                "radius": 800,
                "total": 70
            }
        },
        {
            "type": "Feature",
            "geometry": {
                "type": "Point",
                "coordinates": [
                    -38.45794646088458,
                    -12.928693001713789
                ]
            },
            "properties": {
                "entity": "PARTNER",
                "radius": 500,
                "total": 49
            }
        },
        {
            "type": "Feature",
            "geometry": {
                "type": "Point",
                "coordinates": [
                    -46.534514182461876,
                    -23.571398660909228
                ]
            },
            "properties": {
                "entity": "PARTNER",
                "radius": 800,
                "total": 70
            }
        },
        {
            "type": "Feature",
            "geometry": {
                "type": "Point",
                "coordinates": [
                    -38.55792266729615,
                    -3.747475821166202
                ]
            },
            "properties": {
                "entity": "PARTNER",
                "radius": 1100,
                "total": 70
            }
        },
        {
            "type": "Feature",
            "geometry": {
                "type": "Point",
                "coordinates": [
                    -43.39289846989445,
                    -22.917205223493035
                ]
            },
            "properties": {
                "entity": "PARTNER",
                "radius": 200,
                "total": 70
            }
        },
        {
            "type": "Feature",
            "geometry": {
                "type": "Point",
                "coordinates": [
                    -49.2981132760372,
                    -16.692497522808043
                ]
            },
            "properties": {
                "entity": "PARTNER",
                "radius": 800,
                "total": 70
            }
        },
        {
            "type": "Feature",
            "geometry": {
                "type": "Point",
                "coordinates": [
                    -49.24775035075829,
                    -16.616709624611918
                ]
            },
            "properties": {
                "entity": "PARTNER",
                "radius": 500,
                "total": 51
            }
        },
        {
            "type": "Feature",
            "geometry": {
                "type": "Point",
                "coordinates": [
                    -34.93790089892601,
                    -8.015441826546676
                ]
            },
            "properties": {
                "entity": "PARTNER",
                "radius": 500,
                "total": 67
            }
        },
        {
            "type": "Feature",
            "geometry": {
                "type": "Point",
                "coordinates": [
                    -34.94162070416594,
                    -8.095487122131468
                ]
            },
            "properties": {
                "entity": "PARTNER",
                "radius": 1100,
                "total": 70
            }
        },
        {
            "type": "Feature",
            "geometry": {
                "type": "Point",
                "coordinates": [
                    -44.02197759857801,
                    -19.9062790348379
                ]
            },
            "properties": {
                "entity": "PARTNER",
                "radius": 800,
                "total": 70
            }
        },
        {
            "type": "Feature",
            "geometry": {
                "type": "Point",
                "coordinates": [
                    -43.914075180191126,
                    -19.869304240380202
                ]
            },
            "properties": {
                "entity": "PARTNER",
                "radius": 800,
                "total": 66
            }
        },
        {
            "type": "Feature",
            "geometry": {
                "type": "Point",
                "coordinates": [
                    -43.931088514226275,
                    -19.94087259079565
                ]
            },
            "properties": {
                "entity": "PARTNER",
                "radius": 200,
                "total": 55
            }
        },
        {
            "type": "Feature",
            "geometry": {
                "type": "Point",
                "coordinates": [
                    -43.97765579336626,
                    -19.84348541161
                ]
            },
            "properties": {
                "entity": "PARTNER",
                "radius": 200,
                "total": 58
            }
        },
        {
            "type": "Feature",
            "geometry": {
                "type": "Point",
                "coordinates": [
                    -34.83473130441467,
                    -7.112262290273309
                ]
            },
            "properties": {
                "entity": "PARTNER",
                "radius": 200,
                "total": 52
            }
        },
        {
            "type": "Feature",
            "geometry": {
                "type": "Point",
                "coordinates": [
                    -49.236778400642166,
                    -16.649990325949158
                ]
            },
            "properties": {
                "entity": "PARTNER",
                "radius": 500,
                "total": 70
            }
        },
        {
            "type": "Feature",
            "geometry": {
                "type": "Point",
                "coordinates": [
                    -38.5368501557733,
                    -3.7323244245431932
                ]
            },
            "properties": {
                "entity": "PARTNER",
                "radius": 200,
                "total": 46
            }
        },
        {
            "type": "Feature",
            "geometry": {
                "type": "Point",
                "coordinates": [
                    -34.84621002053919,
                    -7.074689379392588
                ]
            },
            "properties": {
                "entity": "PARTNER",
                "radius": 500,
                "total": 70
            }
        }
    ]
}