delivery_station,latitude,longitude,radius_meters
DAM1,-3.0585196949868374,-60.13104108137905,3219
DAM1,-2.647794708942601,-60.075603693122325,3219
DAM1,-2.7245510057781663,-60.173394337312004,3219
DAM1,-2.715130797465112,-60.11630183982884,3219
DAM1,-2.916977014561821,-60.23833100962829,3219
DAM1,-2.760911344633808,-60.11826636526944,3219
DAM1,-3.0319439178444214,-59.92165452770864,3219
DAM1,-2.7407234415678534,-60.04175757008751,3219
DAM1,-2.821560408545193,-60.02629671167569,3219
DAM1,-2.902419027006581,-60.01082952177663,3219
DAM1,-2.6828049695470053,-60.05819294893609,3219
DAM1,-3.131511935937817,-60.02063364268101,3219
DAM1,-3.100710697276574,-59.92458979779061,3219
DAM1,-2.816084544360114,-60.17732869727662,3219
DAM1,-2.6612417941342703,-60.01943546418019,3219
DAM1,-2.9117914232024003,-60.06800444006572,3219
DAM1,-2.700322973094823,-60.210123857983504,3219
DAM1,-2.879511487479817,-60.009849408615146,3219
DAM1,-2.786524611255947,-60.04371887062125,3219
DAM1,-2.783802197426682,-60.11924870951608,3219
DAM1,-3.054865886885844,-59.92263289673536,3219
DAM1,-2.8552291740019364,-60.046661228919106,3219
DAM1,-2.8107909849163204,-60.00690939512448,3219
DAM1,-2.95339565729217,-60.1832318686999,3219
DAM1,-3.0291222473584836,-59.99731593126902,3219
DAM1,-3.0641998930685097,-59.97987614098165,3219
DAM1,-2.919762975718165,-60.162889325403206,3219
DAM1,-2.771676974506436,-60.13762957797702,3219
DAM1,-2.67878657298371,-60.1714274835307,3219
DAM1,-2.901034002468902,-60.0486230728285,3219
DAM1,-2.793200593866994,-60.176345025725404,3219
DAM1,-2.906233436135945,-60.21898435794092,3219
DAM1,-3.0477816261514237,-60.11166845104556,3219
DAM1,-3.076367805385925,-59.961451829957525,3219
DAM1,-2.696264307395378,-60.002010459049515,3219
DAM1,-2.8524769848180456,-60.12219606840847,3219
DAM1,-2.8982619607244633,-60.12416124616986,3219
DAM1,-2.7205136728240267,-59.965187007483046,3219
DAM1,-2.733962499359484,-60.230451265781724,3219
DAM1,-2.735315891149078,-60.192745240790885,3219
DAM1,-2.8053263139243207,-60.157972362115586,3219
DAM1,-2.6625745470850752,-59.98164255619196,3219
DAM1,-2.8698372767188394,-60.274055326706105,3219
DAM1,-3.0576945227515715,-59.846904876856016,3219
DAM1,-2.9818969566938325,-60.03316062140696,3219
DAM1,-2.729947414495179,-60.0223756729198,3219
DAM1,-3.0305334406927704,-59.95949335713374,3219
DAM1,-3.0692551712182254,-60.15041005168248,3219
DAM1,-2.83232728842954,-60.045680388481586,3219
DAM1,-2.6841432600572537,-60.02041547945105,3219
DAM1,-3.111458297310638,-59.9440019733611,3219
DAM1,-2.6370123609262244,-60.05623130267759,3219
DAM1,-2.8940989621169306,-60.23734585123584,3219
DAM1,-2.8025902165459,-60.23340576173852,3219
DAM1,-2.6895560414377218,-60.19077750384805,3219
DAM1,-2.8538534026935043,-60.08443680921847,3219
DAM1,-2.791835037674928,-60.21406131407433,3219
DAM1,-2.909013752703708,-60.143527116062,3219
DAM1,-2.860473018875024,-60.217014977199725,3219
DAM1,-3.0197791294958582,-59.94008659863044,3219
DAM1,-2.6814660896149745,-60.095954120923935,3219
DAM1,-2.930509626235285,-60.18224787081019,3219
DAM1,-2.8888911429157345,-60.067023046399996,3219
DAM1,-2.910402920238361,-60.10577394625563,3219
DAM1,-2.9346920399363423,-60.068985888090964,3219
DAM1,-3.132945740233781,-59.98281543480939,3219
DAM1,-2.76362383431228,-60.04273819319051,3219
DAM1,-3.084266338611094,-60.056472622835884,3219
DAM1,-2.759554179750586,-60.15600595743233,3219
DAM1,-3.069868468565259,-59.8284508975774,3219
DAM1,-2.7810773028890714,-60.19471319522197,3219
DAM1,-2.7959298443996525,-60.10086335418924,3219
DAM1,-2.8389688598984426,-60.178312423207764,3219
DAM1,-2.8632334045331884,-60.14156105254054,3219
DAM1,-2.7083877796921776,-59.98360096766911,3219
DAM1,-3.155861566866859,-59.98379530814481,3219
DAM1,-2.7649791532315184,-60.0049496577528,3219
DAM1,-2.666676720610628,-60.18979371692489,3219
DAM1,-2.8254668686936615,-60.23439070250982,3219
DAM1,-2.969743778507248,-60.051566246337636,3219
DAM1,-2.7043580509640517,-60.09693585889652,3219
DAM1,-2.9519951956746104,-60.22095395631148,3219
DAM1,-2.922546281357154,-60.087382159513005,3219
DAM1,-2.958990732867927,-60.032179899828634,3219
DAM1,-2.913179258540608,-60.030218619733056,3219
DAM1,-2.890274022708813,-60.0292380612079,3219
DAM1,-2.9277180141527706,-60.25767398471448,3219
DAM1,-3.049199913750823,-60.07389394374767,3219
DAM1,-2.8646126299512127,-60.10380954634146,3219
DAM1,-3.102135231602958,-59.88673220994954,3219
DAM1,-3.00480349518044,-60.034141397344236,3219
DAM1,-2.756838024574364,-60.23143604337839,3219
DAM1,-2.933298573386495,-60.10675622776835,3219
DAM1,-2.7824400587693603,-60.15698913258989,3219
DAM1,-2.705701892079148,-60.059173853543555,3219
DAM1,-3.056280570018476,-59.88477699268892,3219
DAM1,-2.659908456722055,-60.05721209864874,3219
DAM1,-2.688212626988046,-60.22848187373556,3219
DAM1,-2.7622678971334524,-60.080510436455114,3219
DAM1,-3.1071717246265944,-60.057454061268466,3219
DAM1,-2.639668553470871,-59.98066343189206,3219
DAM1,-2.703013615501014,-60.13468154284996,3219
DAM1,-2.7285992169958235,-60.06015481247506,3219
DAM1,-2.7528500883545552,-60.02335585112556,3219
DAM1,-3.0033958355208417,-60.07193055836312,3219
DAM1,-2.777110632068304,-59.98653899213753,3219
DAM1,-3.0913822169751035,-59.86730872004555,3219
DAM1,-2.980494253426269,-60.07094894723572,3219
DAM1,-3.0090222493747554,-59.9206762130106,3219
DAM1,-2.8767506840291537,-60.085418538288934,3219
DAM1,-2.7312950040216797,-59.984580254854286,3219
DAM1,-3.0005784225848156,-60.147459895741655,3219
DAM1,-2.8012212377829737,-60.271097863340934,3219
DAM1,-2.84034375275993,-60.140578102345636,3219
DAM1,-3.0978594027693287,-60.00025623770564,3219
DAM1,-2.9977582390015773,-60.222923772342874,3219
DAM1,-2.867369130876973,-60.02825755702592,3219
DAM1,-2.778349951266264,-60.2701121510383,3219
DAM1,-2.6854809582692942,-59.982621734782995,3219
DAM1,-2.873987263060071,-60.16092237694059,3219
DAM1,-3.03137210768209,-60.24325761789549,3219
DAM1,-2.9547954449093363,-60.14549339711855,3219
DAM1,-2.9884290182101108,-60.16584015604469,3219
DAM1,-3.1222033128092557,-59.96341052017918,3219
DAM1,-2.859091864665442,-60.254717351559016,3219
DAM1,-2.673360161891913,-60.00103083476044,3219
DAM1,-2.923936930701777,-60.04960407630826,3219
DAM1,-3.0613612341463527,-60.055491238786196,3219
DAM1,-3.0342079434873064,-60.16780764848326,3219
DAM1,-2.826840218190286,-60.19668136717272,3219
DAM1,-2.9762820095066074,-60.18421592099314,3219
DAM1,-3.07352492523775,-60.037084051349154,3219
DAM1,-3.079207757784327,-59.88575457415747,3219
DAM1,-3.0749467296874786,-59.99927608119923,3219
DAM1,-3.1451214766742397,-59.964389946824106,3219
DAM1,-2.7878848805158367,-60.00592949927906,3219
DAM1,-3.0099057452633,-60.20455623080074,3219
DAM1,-3.059940823009487,-60.0932743281338,3219
DAM1,-2.732608511727107,-60.26814088963815,3219
DAM1,-3.072102395221231,-60.074875718012706,3219
DAM1,-2.6383407455109666,-60.01845550321307,3219
DAM1,-2.7972935328147908,-60.06309801525331,3219
DAM1,-2.8497222214020863,-60.197665534727776,3219
DAM1,-2.646462982505831,-60.113355459240566,3219
DAM1,-3.0127302184828846,-60.1290751422187,3219
DAM1,-2.9468401918253817,-60.05058513414333,3219
DAM1,-3.0556753009700395,-60.20652549082116,3219
DAM1,-2.8080599113078,-60.08247351414095,3219
DAM1,-2.841718007460375,-60.10282742793211,3219
DAM1,-2.809425765071178,-60.04469960238362,3219
DAM1,-2.9253269069769545,-60.011809689276994,3219
DAM1,-2.848343881875657,-60.23537569768053,3219
DAM1,-2.668014571296616,-60.15207380040449,3219
DAM1,-2.7904688648132954,-60.251761208102835,3219
DAM1,-3.053450476524241,-59.960472566372864,3219
DAM1,-2.872604578573711,-60.19864975667454,3219
DAM1,-3.0885380748567295,-59.943023048164854,3219
DAM1,-2.837593331873929,-60.21603036843034,3219
DAM1,-3.1193406507305292,-60.039046092552844,3219
DAM1,-2.846964907810353,-60.27306945117092,3219
DAM1,-2.6517864192396714,-59.96225064716512,3219
DAM1,-2.73937246230929,-60.07952897912423,3219
DAM1,-3.068452425430883,-59.86633153298888,3219
DAM1,-2.7581964054194055,-60.19372919081843,3219
DAM1,-2.680126623136126,-60.133698973176266,3219
DAM1,-2.7851637159072777,-60.08149194812604,3219
DAM1,-3.0964326489976064,-60.038065044761666,3219
DAM1,-3.057097853250253,-60.16879147631761,3219
DAM1,-2.669351843632011,-60.114337531765536,3219
DAM1,-2.9832989657583964,-59.99535599875595,3219
DAM1,-2.8066934266011008,-60.120231108118844,3219
DAM1,-2.779713932737866,-60.23242087536268,3219
DAM1,-2.709738373302594,-60.26715534053278,3219
DAM1,-3.0141414094766787,-60.09131005440391,3219
DAM1,-2.6949238379836937,-60.03979648684886,3219
DAM1,-2.7730363184738636,-60.099881398847835,3219
DAM1,-2.896874949610138,-60.16190582397803,3219
DAM1,-3.087114895988374,-59.98085585123175,3219
DAM1,-2.886123406954116,-60.14254405711136,3219
DAM1,-2.713783579374927,-60.15403977020577,3219
DAM1,-2.803958576249177,-60.19569725400544,3219
DAM1,-2.7662334799917816,-60.288458588438495,3219
DAM1,-2.6706885347533604,-60.07658493313242,3219
DAM1,-2.9898359313104637,-60.12809225423371,3219
DAM1,-2.672024641795571,-60.03881602670534,3219
DAM1,-2.985613133493207,-60.24128681131191,3219
DAM1,-2.9211549620081265,-60.12514391661228,3219
DAM1,-2.8295850248381065,-60.12121356108167,3219
DAM1,-2.6572400399457443,-60.13271645784703,3219
DAM1,-2.7110873643965157,-60.22946654256876,3219
DAM1,-2.7178234403495667,-60.04077700130825,3219
DAM1,-2.9454445826959494,-60.08836405167447,3219
DAM1,-3.046362627154959,-60.14942661196281,3219
DAM1,-3.120772354005174,-60.00123644857819,3219
DAM1,-3.024884401750626,-60.11068589761516,3219
DAM1,-2.6504564301589553,-60.00005126477082,3219
DAM1,-3.0384564185684426,-60.054509909115474,3219
DAM1,-2.8781314144585592,-60.0476421237001,3219
DAM1,-2.6559049662937815,-60.170444138176535,3219
DAM1,-3.015551899212784,-60.05352863381978,3219
DAM1,-2.987021417899513,-60.203571682421284,3219
DAM1,-3.0412851794113505,-59.97889648508541,3219
DAM1,-2.929114151775909,-60.21996912992056,3219
DAM1,-2.8229277837372857,-59.98849794666423,3219
DAM1,-3.0211867828149175,-59.902240070528194,3219
DAM1,-2.9926476834142983,-60.05254741289516,3219
DAM1,-2.813342835964296,-60.25274653485041,3219
DAM1,-3.1436855760510483,-60.00221671382081,3219
DAM1,-2.94404829574914,-60.126126641434446,3219
DAM1,-2.965540017336751,-60.16485649143261,3219
DAM1,-2.9412537007279704,-60.20160274890429,3219
DAM1,-2.723200405496982,-60.211108140438384,3219
DAM1,-3.0435225076173418,-60.22489380606649,3219
DAM1,-2.9940525161809983,-60.01475051785085,3219
DAM1,-2.6774459420294505,-60.20913962990066,3219
DAM1,-3.0828409664890652,-60.09425654658364,3219
DAM1,-2.84446459037827,-60.02727710718317,3219
DAM1,-2.8618535331691115,-60.17929620352277,3219
DAM1,-2.9776867767240605,-60.14647661923232,3219
DAM1,-2.7164774187570524,-60.07854757612944,3219
DAM1,-3.0370409682284523,-60.092292164075204,3219
DAM1,-3.0441110660864994,-59.90321799166262,3219
DAM1,-3.016961684554018,-60.015730902746206,3219
DAM1,-2.721849211789806,-60.24880555424,3219
DAM1,-2.7514969369736155,-60.06113582573457,3219
DAM1,-3.0992854199302764,-59.96243114789165,3219
DAM1,-2.7474338172648785,-60.174377845747024,3219
DAM1,-3.0084924693044033,-60.2422721873883,3219
DAM1,-2.8954872823935145,-60.19963403301693,3219
DAM1,-3.0356248088168125,-60.13005808459917,3219
DAM1,-3.042698483599448,-59.94106536080347,3219
DAM1,-3.0113183293670267,-60.16682387506025,3219
DAM1,-2.999168675561703,-60.1852000276938,3219
DAM1,-2.875369299220526,-60.12317863010323,3219
DAM1,-3.022055648139994,-60.18618418880584,3219
DAM1,-2.6935827737981617,-60.077566227466804,3219
DAM1,-3.1086013221933984,-60.01965298595315,3219
DAM1,-2.9319044344622327,-60.14451022939643,3219
DAM1,-2.794565530429234,-60.138612365067814,3219
DAM1,-2.8659912064055146,-60.06604170708983,3219
DAM1,-2.8996483126925243,-60.086400321719125,3219
DAM1,-2.8147140023711463,-60.215045814056516,3219
DAM1,-3.0062104527964104,-59.9963359378373,3219
DAM1,-3.050617486789636,-60.036103112311395,3219
DAM1,-2.856604295732456,-60.008869349788576,3219
DAM1,-3.0262977247397504,-60.072912223865785,3219
DAM1,-3.0706791428208655,-60.112651058871315,3219
DAM1,-2.8309564760113552,-60.08345513450377,3219
DAM1,-2.7501431727126087,-60.09889949785454,3219
DAM1,-3.007616705238445,-59.95851420223615,3219
DAM1,-2.957592985787773,-60.06996739047965,3219
DAM1,-3.081414869666958,-60.1320241325623,3219
DAM1,-2.8712212487857123,-60.23636074725456,3219
DAM1,-2.692241117723515,-60.11531965862699,3219
DAM1,-2.9360848310384817,-60.03119923260532,3219
DAM1,-3.0627809252242875,-60.017691835616674,3219
DAM1,-3.0950051618175465,-60.07585754666484,3219
DAM1,-2.824092892397924,-60.27208363005049,3219
DAM1,-2.7272504144361718,-60.0979176512054,3219
DAM1,-2.7986565927095923,-60.02531637049955,3219
DAM1,-2.649125859109839,-60.0378356208738,3219
DAM1,-2.754202623924925,-59.98555959634243,3219
DAM1,-3.0206402238049495,-60.22390876199118,3219
DAM1,-2.7070451359533583,-60.02139554902961,3219
DAM1,-2.743365260666342,-60.287472545408676,3219
DAM1,-2.9954566492639763,-59.97693733633876,3219
DAM1,-3.018370762361722,-59.977916883539095,3219
DAM1,-2.7259010097271528,-60.13566416687203,3219
DAM1,-3.065618134502943,-59.94204417731363,3219
DAM1,-2.9711436589016604,-60.01377018731017,3219
DAM1,-3.0455229237115753,-59.86535440024715,3219
DAM1,-2.800019021117469,-59.98751844224348,3219
DAM1,-2.9790908590665834,-60.10872095392469,3219
DAM1,-2.99634711602725,-60.26063110767515,3219
DAM1,-2.9505940631434138,-60.25865963793999,3219
DAM1,-2.7016685885813496,-60.17241088324121,3219
DAM1,-3.0899605162512773,-59.90517399690783,3219
DAM1,-2.9627341075590903,-60.240301489662386,3219
DAM1,-2.9048422932056064,-60.25668838591175,3219
DAM1,-3.02771034099134,-60.035122227644386,3219
DAM1,-2.9912421540843948,-60.090327999115985,3219
DAM1,-2.833697459099814,-60.00788934529301,3219
DAM1,-3.0806266281084627,-59.847881614768625,3219
DAM1,-2.6989767719295723,-60.247820445065955,3219
DAM1,-2.770317015731427,-60.17536140855019,3219
DAM1,-3.044942919923439,-60.18716840433317,3219
DAM1,-2.6585745377069245,-60.09497243728372,3219
DAM1,-2.968343209381171,-60.08934599820749,3219
DAM1,-2.7487887985005637,-60.136646845246396,3219
DAM1,-2.884738556858454,-60.18028003822555,3219
DAM1,-2.8430916210001884,-60.06506042213127,3219
DAM1,-2.9669419546244673,-60.12710942064026,3219
DAM1,-2.817454458952728,-60.139595206522706,3219
DAM1,-2.820192394027582,-60.06407919152042,3219
DAM1,-2.6908988726428746,-60.15305675812893,3219
DAM1,-2.7380208755407844,-60.117284075375025,3219
DAM1,-3.067035646350048,-59.90419596712118,3219
DAM1,-3.1128856684353505,-59.906152081026526,3219
DAM1,-2.881966907607981,-60.255702841527906,3219
DAM1,-3.052034342102914,-59.998295979055015,3219
DAM1,-3.0856909828417844,-60.018672383599686,3219
DAM1,-2.6976041791469845,-59.964208166421,3219
DAM1,-2.7757531502025734,-60.02433608365083,3219
DAM1,-2.9734704328706956,-60.259645345592254,3219
DAM1,-2.8833530560655483,-60.2179996403686,3219
DAM1,-2.907623923652168,-60.18126392732003,3219
DAM1,-3.110030180825469,-59.981835615839685,3219
DAM1,-2.8875076033184457,-60.10479171911465,3219
DAM1,-2.8510999233849743,-60.159938984287,3219
DAM1,-2.942651334066469,-60.163872881220094,3219
DAM1,-3.0234703751693854,-60.1484432266505,3219
DAM1,-2.974876560520561,-60.22193883711761,3219
DAM1,-2.6746950921741823,-59.963229379649675,3219
DAM1,-2.9398553988121554,-60.23931622243583,3219
DAM1,-2.7460782319313792,-60.21209247726919,3219
DAM1,-2.767595265532621,-60.25077593575452,3219
DAM1,-2.7366686841815167,-60.15502283663893,3219
DAM1,-2.836217171682834,-60.25373191600115,3219
DAM1,-2.768956445092742,-60.21307686847987,3219
DAM1,-3.1343787945140007,-59.94498095290631,3219
DAM1,-2.828212937901161,-60.158955646013304,3219
DAM1,-2.7447220454243375,-60.24979071780155,3219
DAM1,-2.719168859340001,-60.002990137641966,3219
DAM1,-2.8188237431690863,-60.1018453638827,3219
DAM1,-3.077788149147291,-59.92361132009471,3219
DAM1,-2.9725428474618427,-59.975957843480444,3219
DAM1,-3.0019874769464825,-60.10970339857618,3219
DAM1,-2.9183703255492466,-60.20061836375886,3219
DAM1,-3.0398711566816443,-60.016711342000164,3219
DAM1,-2.9641374006161203,-60.20258718845712,3219
DAM1,-2.9561945554377957,-60.1077385636567,3219
DAM1,-2.712435767386075,-60.19176134513538,3219
DAM1,-2.75547904014787,-60.26912649313868,3219
DAM1,-2.7420738103956626,-60.00396987054174,3219
DAM1,-3.032790375392138,-60.20554083359938,3219
DAM1,-2.774395044688243,-60.06211689332601,3219
DBH5,-20.002971230884135,-43.94176157043305,1609
DBH5,-20.01714510577555,-43.83506564047877,1609
DBH5,-19.993580199061864,-43.87731524174117,1609
DBH5,-19.991177171468266,-43.96288211574209,1609
DBH5,-19.99476637910089,-43.83452853097873,1609
DBH5,-19.979379554113297,-43.9840013895539,1609
DBH5,-19.94519159249855,-44.004576625235586,1609
DBH5,-19.947613384733096,-43.91901994845556,1609
DBH5,-19.92522091640634,-43.91848008446789,1609
DBH5,-19.956994971638707,-43.983459325096526,1609
DBH5,-19.968794801848365,-43.962340748069295,1609
DBH5,-19.98996033017819,-44.00566218390395,1609
DBH5,-19.92401553221245,-43.96125812240477,1609
DBH5,-19.980591078127425,-43.94122089977686,1609
DBH5,-19.91462163847039,-43.89682067249379,1609
DBH5,-19.98298348180779,-43.855653254971365,1609
DBH5,-19.913421553019706,-43.939599106909874,1609
DBH5,-19.934605546708703,-43.98291729724287,1609
DBH5,-19.94640758700627,-43.961799416958065,1609
DBH5,-20.005364439844644,-43.85619106255522,1609
DBH5,-19.958206077385427,-43.94068026563999,1609
DBH5,-20.00417294892132,-43.898977411898365,1609
DBH5,-20.013554690603698,-43.96342351998005,1609
DBH5,-20.0017592888662,-43.98454349061863,1609
DBH5,-19.93581623392464,-43.94013966801887,1609
DMG2,-19.81076939624204,-44.001320828615704,1609
DMG2,-19.978157819538637,-44.02677959421409,1609
DMG2,-19.811982844007503,-43.958552197881325,1609
DMG2,-19.91099083637753,-44.025149222225124,1609
DMG2,-19.921574207454697,-44.046807372367795,1609
DMG2,-19.824993009506823,-43.89466451581591,1609
DMG2,-19.901618642745582,-43.960716864405825,1609
DMG2,-19.833185146328734,-44.00186336980413,1609
DMG2,-19.822585970120233,-43.980207706904224,1609
DMG2,-19.891022039953526,-43.93905858230942,1609
DMG2,-19.943965404409003,-44.047351525781664,1609
DMG2,-19.966351761952033,-44.04789571592918,1609
DMG2,-19.86740826997174,-43.9812914332682,1609
DMG2,-19.856810380948293,-43.95963445805653,1609
DMG2,-19.868617700017126,-43.93851809421389,1609
DMG2,-19.880421480241914,-43.9174004658878,1609
DMG2,-19.878002201558427,-44.002948562068006,1609
DMG2,-19.92279996149614,-44.00403390087201,1609
DMG2,-19.844999528046586,-43.98074955179337,1609
DMG2,-19.835602746684376,-43.916320993144105,1609
DMG2,-19.888592171693176,-44.024605838269,1609
DMG2,-19.900403496087215,-44.00349121315068,1609
DMG2,-19.85437163294749,-44.045175132491906,1609
DMG2,-19.876777316433426,-44.04571917572654,1609
DMG2,-19.955773665578604,-44.026236100194055,1609
DMG2,-19.89222171661702,-43.896281578702684,1609
DMG2,-19.823794560738882,-43.93743722752321,1609
DMG2,-19.912211284597735,-43.98237530598934,1609
DMG2,-19.855596083204592,-44.00240594762036,1609
DMG2,-19.80016760150806,-43.979665898597155,1609
DMG2,-19.88981219058847,-43.98183335133232,1609
DMG2,-19.899178176367368,-44.04626325568396,1609
DMG2,-19.847407396831706,-43.89520350036734,1609
DMG2,-19.902823613146914,-43.9179402569465,1609
DMG2,-19.846208538509767,-43.93797764261969,1609
DMG2,-19.83439901921615,-43.95909330969897,1609
DMG2,-19.869816967637643,-43.8957425213284,1609
DMG2,-19.933384669433487,-44.02569264286561,1609
DMG2,-19.84378036860998,-44.02351918039533,1609
DMG2,-19.858014522986586,-43.91686071128821,1609
DMG2,-19.86618868067107,-44.02406249099361,1609
DMG2,-20.00053712604753,-44.02732312492933,1609
DMG2,-19.879216923892518,-43.96017564295761,1609
DMG2,-19.801375772020066,-43.93689684892087,1609
DRJ3,-22.940532348168976,-43.39038900786932,1609
DRJ3,-22.962225856724288,-43.3909135898663,1609
DRJ3,-22.956176439777273,-43.1971219878599,1609
DRJ3,-22.875418960189982,-43.388815476058284,1609
DRJ3,-22.93447919539254,-43.196603970378895,1609
DRJ3,-22.91277647256258,-43.196085988184265,1609
DRJ3,-22.941618399964366,-43.34738593685541,1609
DRJ3,-22.92205613756244,-43.26085488592231,1609
DRJ3,-22.977868201564977,-43.19764004063084,1609
DRJ3,-22.973615205683267,-43.36967347055306,1609
DRJ3,-22.93343372909259,-43.239611671110985,1609
DRJ3,-22.88896661702721,-43.28157615061226,1609
DRJ3,-23.00775835334759,-43.305946403179526,1609
DRJ3,-22.923107281831612,-43.217848641927105,1609
DRJ3,-22.94584694766387,-43.175358224102034,1609
DRJ3,-22.986075352063843,-43.30542465812972,1609
DRJ3,-23.006683181208473,-43.348955428743565,1609
DRJ3,-22.918833359789613,-43.389864461571364,1609
DRJ3,-22.924146864521294,-43.17484095250763,1609
DRJ3,-22.911731211339482,-43.239092232987026,1609
DRJ3,-22.97252301016168,-43.412677907789174,1609
DRJ3,-22.853703557306293,-43.38829103683605,1609
DRJ3,-22.966501566951987,-43.21888613308158,1609
DSP5,-22.86917673956458,-47.079371659506336,3219
DSP5,-22.87686411292945,-47.143722236308356,3219
DSP5,-22.910333974053223,-47.12335326118689,3219
DSP5,-22.93194422021161,-47.12400132235573,3219
DSP5,-22.796549275686306,-47.013076991259915,3219
DSP5,-22.833611947110093,-47.142424997915455,3219
DSP5,-23.268452732647848,-47.305164784928685,3219
DSP5,-22.890798931410483,-47.08001825910919,3219
DSP5,-22.9674715618575,-47.060933644969325,3219
DSP5,-22.84754909803769,-47.07872510289769,3219
DSP5,-23.069122280315884,-47.19225192988757,3219
DSP5,-23.131687997303825,-47.23689165360662,3219
DSP5,-23.121972380192478,-47.21522264590178,3219
DSP5,-23.170503277686013,-47.3235598417576,3219
DSP5,-22.861461315142908,-47.01501027302711,3219
DSP5,-22.904708770806984,-47.01629934190847,3219
DSP5,-22.88102439689388,-47.05834965531576,3219
DSP5,-23.21571918726324,-47.2821875561578,3219
DSP5,-22.87894984239837,-47.10103882082356,3219
DSP5,-22.830037638946152,-46.99269574702263,3219
DSP5,-23.203881552216455,-47.3032021736833,3219
DSP5,-22.825916010943118,-47.078078589279144,3219
DSP5,-22.97723312000809,-47.08260508754517,3219
DSP5,-23.25661810701194,-47.326179225734286,3219
DSP5,-23.27813302507984,-47.32683418045803,3219
DSP5,-23.07884914950433,-47.21392029256724,3219
DSP5,-23.057279300335264,-47.213269180804105,3219
DSP5,-22.926324315117956,-47.016943940672455,3219
DSP5,-22.953549005216665,-47.124649426608826,3219
DSP5,-22.934026949647535,-47.08131158731401,3219
DSP5,-22.92837852322628,-46.97424065746098,3219
DSP5,-22.816131761416553,-47.0564121141425,3219
DSP5,-23.000902600462652,-47.04055230705791,3219
DSP5,-23.12408692204537,-47.17253214502803,3219
DSP5,-22.883087769448174,-47.01565478602806,3219
DSP5,-22.95770532037603,-47.0392614745073,3219
DSP5,-22.89286840900097,-47.03732554766758,3219
DSP5,-23.160806541067466,-47.30189398342902,3219
DSP5,-23.280283680816957,-47.28414817448685,3219
DSP5,-23.18234679974465,-47.30254805683466,3219
DSP5,-22.900568791372685,-47.1016861297863,3219
DSP5,-22.873302460673898,-46.99398330952879,3219
DSP5,-22.955632767853494,-47.08195831592423,3219
DSP5,-23.24693452263494,-47.30451053772615,3219
DSP5,-23.266296953528368,-47.34784711005487,3219
DSP5,-23.11013240080727,-47.23623974703019,3219
DSP5,-22.991138164874524,-47.018877994307104,3219
DSP5,-22.81406030395823,-47.09909715212954,3219
DSP5,-22.894926696655368,-46.994627155037385,3219
DSP5,-22.959766655826932,-46.99655894863466,3219
DSP5,-23.258767702169777,-47.28349459162617,3219
DSP5,-23.112252049560617,-47.19355286624238,3219
DSP5,-22.804277482402455,-47.07743211864654,3219
DSP5,-22.9242589000398,-47.0596415642113,3219
DSP5,-22.792419574363375,-47.09845001528251,3219
DSP5,-22.835695594578002,-47.099744331999304,3219
DSP5,-22.902644376587524,-47.05899558828278,3219
DSP5,-23.012731840146234,-47.019522764646595,3219
DSP5,-22.94379031894598,-47.102980876833655,3219
DSP5,-22.938158798325126,-46.995914974586206,3219
DSP5,-22.9360984780032,-47.03861612263335,3219
DSP5,-22.849616521623247,-47.03603514438381,3219
DSP5,-22.945867963157955,-47.060287583105435,3219
DSP5,-22.885139953141426,-46.97295425924126,3219
DSP5,-22.863512485430185,-46.97231112433552,3219
DSP5,-23.385624682430205,-47.33010960666236,3219
DSP5,-22.784697853054965,-47.03409986128987,3219
DSP5,-23.194186658929723,-47.2815341035418,3219
DSP5,-23.244779808974616,-47.347191491586685,3219
DSP5,-22.851672773399503,-46.993339506858575,3219
DSP5,-22.98906969206227,-47.06157974980708,3219
DSP5,-23.102527008063955,-47.17188232078686,3219
DSP5,-23.270597202817193,-47.26247648152653,3219
DSP5,-22.85732544209715,-47.100391554895936,3219
DSP5,-23.235097669275998,-47.325524314506524,3219
DSP5,-23.22541079450354,-47.30385633397907,3219
DSP5,-22.981369045662845,-46.997202965537944,3219
DSP5,-22.782633516545573,-47.07678569099579,3219
DSP5,-22.99319540360849,-46.97617057587284,3219
DSP5,-23.090689910091378,-47.19290237644924,3219
DSP5,-23.20602285016839,-47.260517987197595,3219
DSP5,-22.898482022134118,-47.14437092017177,3219
DSP5,-23.002965963760342,-46.99784702530019,3219
DSP5,-22.8670971146373,-47.12205726808541,3219
DSP5,-22.969539016232385,-47.01823326686767,3219
DSP5,-22.916545477238238,-46.99527104338849,3219
DSP5,-22.9499896174048,-46.974883920783185,3219
DSP5,-23.223257147161497,-47.3465359166508,3219
DSP5,-23.022493030040327,-47.041197787742796,3219
DSP5,-22.986989992110747,-47.104275796071,3219
DSP5,-23.10041351079716,-47.214571447598416,3219
DSP5,-23.30179413498995,-47.28480180077072,3219
DSP5,-22.837768085194924,-47.05705791824974,3219
DSP5,-22.94793439828802,-47.01758858232415,3219
DSP5,-23.19204025064216,-47.32421462252235,3219
DSP5,-22.839829412000835,-47.014365802901516,3219
DSP5,-22.91448617284859,-47.03797081368814,3219
DSP5,-23.227553150712893,-47.26117077526491,3219
DSP5,-22.818192064139883,-47.01372137564716,3219
DSP5,-22.79448999785069,-47.05576635298028,3219
DSP5,-22.855240753218553,-47.14307359555763,3219
DSP5,-22.845470509580842,-47.12140933614453,3219
DSP5,-22.871245190557403,-47.03668032456749,3219
DSP5,-22.92218228491936,-47.10233348178829,3219
DSP5,-22.859398965059903,-47.05770376530612,3219
DSP5,-22.965392889368403,-47.10362831492651,3219
DSP5,-23.067004731376986,-47.234936063811794,3219
DSP5,-22.912415669470377,-47.08066490171037,3219
DSP5,-22.80634284874596,-47.034744912749105,3219
DSP5,-23.133808694706318,-47.194203399271125,3219
DSP5,-22.827982406312124,-47.03539000711237,3219
DSP5,-22.88871827082966,-47.12270524309817,3219
DSP5,-23.289965420587777,-47.305819075590854,3219
DSP5,-23.059390705925104,-47.1705828018849,3219
DSP5,-22.97930669588659,-47.0399068693141,3219
DSP5,-23.213571715830486,-47.3248694467706,3219
DSP4,-23.633477194718548,-46.652667491132625,1609
DSP4,-23.62768745784633,-46.54535122203939,1609
DSP4,-23.604271316257854,-46.587523534618924,1609
DSP4,-23.692011093553404,-46.54724150051833,1609
DSP4,-23.678339355493126,-46.61113526802296,1609
DSP4,-23.674359324849327,-46.69672872138104,1609
DSP4,-23.744592271390722,-46.57022335556103,1609
DSP4,-23.754314298541296,-46.59194422443503,1609
DSP4,-23.72317112675453,-46.56959241900011,1609
DSP4,-23.621758899799907,-46.673746701522234,1609
DSP4,-23.73486549299854,-46.54850189676031,1609
DSP4,-23.701744370638192,-46.568961524604596,1609
DSP4,-23.61598130745602,-46.56643836859523,1609
DSP4,-23.592557489139153,-46.608606714679254,1609
DSP4,-23.66860906871931,-46.58941786278897,1609
DSP4,-23.789383203874028,-46.52866861153369,1609
DSP4,-23.756284274006422,-46.549132158070314,1609
DSP4,-23.690043788094716,-46.59004938989741,1609
DSP4,-23.65887403916549,-46.56769986229353,1609
DSP4,-23.637430471429962,-46.56706909436981,1609
DSP4,-23.73289640680361,-46.59131257071637,1609
DSP4,-23.711472902056823,-46.59068095920518,1609
DSP4,-23.680312006839756,-46.56833067237043,1609
DSP4,-23.614011347065734,-46.609238789673526,1609
DSP4,-23.623746640787243,-46.63095344391569,1609
DSP4,-23.617939709707166,-46.523632767101596,1609
DSP4,-23.612029835036054,-46.65203398351849,1609
DSP4,-23.602296030582192,-46.63032065250046,1609
DSP4,-23.645191657773054,-46.631586277597954,1609
DSP4,-23.629640520915306,-46.502542351409915,1609
DSP4,-23.775726573484373,-46.59257592036528,1609
DSP4,-23.639389762547026,-46.52426210038584,1609
DSP4,-23.67057548271242,-46.54661136557822,1609
DSP4,-23.64913426953713,-46.54598127275327,1609
DSP4,-23.643203006163155,-46.674380925112615,1609
DSP4,-23.777697437487433,-46.54976246151176,1609
DBR9,-23.51245987910646,-46.713357235308735,1609
DBR9,-23.5533884795921,-46.75740653055205,1609
DBR9,-23.58253916941742,-46.82252253544171,1609
DBR9,-23.471130963038465,-46.90484268936997,1609
DBR9,-23.580839830992765,-46.62968790334816,1609
DBR9,-23.59224657525536,-46.84422655561538,1609
DBR9,-23.494959215778703,-46.62715732928694,1609
DBR9,-23.599898548690046,-46.90869275729707,1609
DBR9,-23.57685646746873,-46.71526356359639,1609
DBR9,-23.590576884422585,-46.651400518209236,1609
DBR9,-23.504709249561134,-46.6488670799394,1609
DBR9,-23.490548824559884,-46.94823464226119,1609
DBR9,-23.58050094998376,-46.865289507074955,1609
DBR9,-23.568751531386045,-46.88635040041422,1609
DBR9,-23.437881721067928,-46.92525457197892,1609
DBR9,-23.578853913487492,-46.6724783813777,1609
DBR9,-23.52419513747337,-46.69228473933245,1609
DBR9,-23.537910679041737,-46.62842253181613,1609
DBR9,-23.555396516920617,-46.714628078421114,1609
DBR9,-23.484933043968955,-46.84102854567459,1609
DBR9,-23.492606157830267,-46.90548426044494,1609
DBR9,-23.50231419072681,-46.92718129510033,1609
DBR9,-23.545663919398613,-46.69291946677354,1609
DBR9,-23.514075785567787,-46.90612587427958,1609
DBR9,-23.480842264266993,-46.92653901126431,1609
DBR9,-23.514454557697754,-46.67057621869027,1609
DBR9,-23.475209321472438,-46.81932809470577,1609
DBR9,-23.543662101117448,-46.735699901467754,1609
DBR9,-23.58658107288125,-46.73697225963764,1609
DBR9,-23.48289338386271,-46.88378654085224,1609
DBR9,-23.608032182306733,-46.737608502410446,1609
DBR9,-23.61003677791658,-46.69482390334686,1609
DBR9,-23.63102867395967,-46.93103589708244,1609
DBR9,-23.461414923532075,-46.88314568276764,1609
DBR9,-23.4832284020418,-46.64823382609334,1609
DBR9,-23.569118346717044,-46.65076709520078,1609
DBR9,-23.533930986180113,-46.713992635659935,1609
DBR9,-23.640712304282246,-46.95273651666537,1609
DBR9,-23.525833604121253,-46.88506838518028,1609
DBR9,-23.56512437786926,-46.73633605932477,1609
DBR9,-23.590202125505474,-46.88699147213117,1609
DBR9,-23.52219424648074,-46.735063786062476,1609
DBR9,-23.566696543078706,-46.92910840343112,1609
DBR9,-23.45936477308646,-46.92589677022521,1609
DBR9,-23.496686436029137,-46.819966897640825,1609
DBR9,-23.504366278684003,-46.88442744165508,1609
DBR9,-23.609590216898447,-46.93039335637841,1609
DBR9,-23.578451227791508,-46.908050972382625,1609
DBR9,-23.516122621868764,-46.86336856027893,1609
DBR9,-23.516437734391268,-46.627789909428216,1609
DBR9,-23.547295356308,-46.885709371431965,1609
DBR9,-23.449650205071105,-46.904201161050544,1609
DBR9,-23.60030920096314,-46.67311252027863,1609
DBR9,-23.588584743471273,-46.694189048776664,1609
DBR9,-23.50072081782238,-46.73442771310486,1609
DBR9,-23.557393041215875,-46.6718442848154,1609
DBR9,-23.588146171993753,-46.929750858496014,1609
DBR9,-23.613692540156688,-46.84486628556691,1609
DBR9,-23.5104537052263,-46.75613291257233,1609
DBR9,-23.541648777561957,-46.77847497187166,1609
DBR9,-23.619277127499014,-46.95209326318216,1609
DBR9,-23.611647134824654,-46.887632586586946,1609
DBR9,-23.46345362336484,-46.840389071621054,1609
DBR9,-23.531923880195997,-46.75676970031751,1609
DBR9,-23.46749664404328,-46.75485946453372,1609
DBR9,-23.62134028326469,-46.909334584991754,1609
DBR9,-23.500250641266685,-46.969929576172305,1609
DBR9,-23.603988402261997,-46.823161551427624,1609
DBR9,-23.61975961259237,-46.716534661205515,1609
DBR9,-23.494652030596495,-46.862728330055745,1609
DBR9,-23.537587641430992,-46.86400883318712,1609
DBR9,-23.53592658799947,-46.67121023058761,1609
DBR9,-23.47317587148487,-46.862088142513464,1609
DBR9,-23.502720780770726,-46.69165005425955,1609
DBR9,-23.512017479898898,-46.94887763862835,1609
DBR9,-23.451694148412916,-46.86144799764798,1609
DBR9,-23.598310833973542,-46.715899091189826,1609
DBR9,-23.469074602959033,-46.94759168873228,1609
DBR9,-23.60194923127421,-46.865929908062824,1609
DBR9,-23.547654225766614,-46.650133714489044,1609
DBR9,-23.567127122682983,-46.69355423658693,1609
DBR9,-23.506406898282485,-46.84166806236752,1609
DBR9,-23.488977958550223,-46.75549616731243,1609
DBR9,-23.473475127080327,-46.62652479138822,1609
DBR9,-23.52618452542674,-46.64950037606994,1609
DSP2,-23.500836977202848,-46.498771287856414,1609
DSP2,-23.477403340094877,-46.540942045811065,1609
DSP2,-23.465680787818073,-46.562024468006555,1609
DSP2,-23.426576890829477,-46.47517246308858,1609
DSP2,-23.41678915050421,-46.45345804080252,1609
DSP2,-23.46763294766434,-46.51922861170081,1609
DSP2,-23.506686217611218,-46.60607883687117,1609
DSP2,-23.59452655107475,-46.565807684965684,1609
DSP2,-23.45000630130919,-46.43299535704467,1609
DSP2,-23.491063614032157,-46.477055275062604,1609
DSP2,-23.440215592294784,-46.4112783925883,1609
DSP2,-23.530128765922207,-46.56391588690666,1609
DSP2,-23.463717132020843,-46.60481515121147,1609
DSP2,-23.532083605441773,-46.52111585457274,1609
DSP2,-23.4069967092986,-46.43174306252475,1609
DSP2,-23.47544498217371,-46.583736017110816,1609
DSP2,-23.575022828464007,-46.52237422672367,1609
DSP2,-23.436359927493463,-46.49688632316673,1609
DSP2,-23.52231818774095,-46.499399693419015,1609
DSP2,-23.54184430259405,-46.54283144021344,1609
DSP2,-23.43829350916329,-46.45408488509311,1609
DSP2,-23.52036955589758,-46.542201599993994,1609
DSP2,-23.510605625409106,-46.52048673157223,1609
DSP2,-23.56135152429336,-46.5862608600942,1609
DSP2,-23.51840940262774,-46.584998354269025,1609
DSP2,-23.408911737080093,-46.38893615261215,1609
DSP2,-23.534026915877188,-46.47831069283944,1609
DSP2,-23.551600276456053,-46.564546444125476,1609
DSP2,-23.485204459072968,-46.60544697294101,1609
DSP2,-23.42850428515747,-46.432369188850934,1609
DSP2,-23.424638005595206,-46.5179706599751,1609
DSP2,-23.45591187875044,-46.54031233183945,1609
DSP2,-23.446138257722556,-46.51859961482176,1609
DSP2,-23.48716901772658,-46.56265489885128,1609
DSP2,-23.49692997781206,-46.58436716460859,1609
DSP2,-23.469573605133064,-46.47642762911649,1609
DSP2,-23.418710360199338,-46.41065294261772,1609
DSP2,-23.448078029432885,-46.4758000251265,1609
DSP2,-23.45198547218064,-46.62589229572798,1609
DSP2,-23.55355600774823,-46.52174501962187,1609
DSP2,-23.420620073995416,-46.36784283793104,1609
DSP2,-23.56331346999322,-46.54346132252364,1609
DSP2,-23.573066206125542,-46.56517704347713,1609
DSP2,-23.457857843189682,-46.49751460273434,1609
DSP2,-23.471502753847414,-46.43362156711,1609
DSP2,-23.58477705423488,-46.54409124692865,1609
DSP2,-23.543793822127974,-46.50002814098804,1609
DPR2,-25.48065002506365,-49.234029271357855,3219
DPR2,-25.429137335077474,-49.0617189028848,3219
DPR2,-25.61665844003146,-49.06813335634215,3219
DPR2,-25.236442623934355,-49.289534454280336,3219
DPR2,-25.414591930528832,-49.125185386015964,3219
DPR2,-25.58477319689102,-49.23761968759003,3219
DPR2,-25.443656489402052,-48.9982326511397,3219
DPR2,-25.552702179340983,-49.40696597146706,3219
DPR2,-25.59377958437674,-49.259244985003626,3219
DPR2,-25.28448540630912,-49.35507845629302,3219
DPR2,-25.416318391800854,-49.57252660861762,3219
DPR2,-25.417337321075586,-49.082638882164275,3219
DPR2,-25.590974948649695,-49.301771275005855,3219
DPR2,-25.596572323440473,-49.21671057979248,3219
DPR2,-25.718511897159384,-49.26355916339108,3219
DPR2,-25.295627142272306,-49.18505029385181,3219
DPR2,-25.57634344473898,-49.36518430201718,3219
DPR2,-25.536109052131565,-49.02271631451499,3219
DPR2,-25.411834685243537,-49.1677239202287,3219
DPR2,-25.477154760468572,-49.12732903556707,3219
DPR2,-25.68312840335495,-49.32627578761861,3219
DPR2,-25.39097000218888,-49.16700813484124,3219
DPR2,-25.421540897857483,-49.338518605765614,3219
DPR2,-25.424897381940127,-49.44511373518162,3219
DPR2,-25.625687668693136,-49.08977271293462,3219
DPR2,-25.49353331950162,-49.51137252056021,3219
DPR2,-25.42204949777729,-49.48759305714864,3219
DPR2,-25.440028512251672,-49.5307911808952,3219
DPR2,-25.301915972813077,-49.249185171160114,3219
DPR2,-25.509793485413404,-49.10712576648153,3219
DPR2,-25.42639723058901,-49.104270040493134,3219
DPR2,-25.433896008859136,-49.46671701771496,3219
DPR2,-25.6381759102924,-49.2181457955026,3219
DPR2,-25.631946916844168,-49.15396725705845,3219
DPR2,-25.629170099472937,-49.19651574567253,3219
DPR2,-25.59584625406577,-49.067420451907324,3219
DPR2,-25.47881276539575,-49.574712156312344,3219
DPR2,-25.439569540927263,-49.38174045350241,3219
DPR2,-25.409065594928826,-49.210254440159154,3219
DPR2,-25.427140874213684,-49.25349538860567,3219
DPR2,-25.634711801207732,-49.111410762810614,3219
DPR2,-25.389351127319998,-49.50773994074351,3219
DPR2,-25.622929395525645,-49.132332527516944,3219
DPR2,-25.570166960946963,-49.301051084307694,3219
DPR2,-25.58755933214364,-49.195081905524184,3219
DPR2,-25.490662972178026,-49.55384391408423,3219
DPR2,-25.463723744464403,-49.4890447703278,3219
DPR2,-25.397245984882716,-49.23115778642981,3219
DPR2,-25.643730835896402,-49.13304749991691,3219
DPR2,-25.478411139576288,-49.42568067784351,3219
DPR2,-25.55215510427519,-49.257807302962085,3219
DPR2,-25.694926700497373,-49.30537293719704,3219
DPR2,-25.50207349013836,-49.38390825983963,3219
DPR2,-25.429923117204982,-49.21097160069745,3219
DPR2,-25.532292140211883,-49.55529991489285,3219
DPR2,-25.598584701018684,-49.024850747232065,3219
DPR2,-25.36733300307625,-49.20882026026645,3219
DPR2,-25.401203602673785,-49.48686727183513,3219
DPR2,-25.335279304653785,-49.3781283898286,3219
DPR2,-25.661753605117127,-49.17631701161844,3219
DPR2,-25.52705382809125,-49.00107514541629,3219
DPR2,-25.58197516398861,-49.28014937738131,3219
DPR2,-25.498693615846232,-49.277271643705696,3219
DPR2,-25.349930002171998,-49.3147444036223,3219
DPR2,-25.316517460984183,-49.18576653187451,3219
DPR2,-25.31374837703567,-49.228287055025014,3219
DPR2,-25.607624116908834,-49.046492699088745,3219
DPR2,-25.523324720285704,-49.5337002616308,3219
DPR2,-25.620159188419798,-49.174884359463675,3219
DPR2,-25.468107079529542,-49.10569780968769,3219
DPR2,-25.425297299249053,-49.59411929384398,3219
DPR2,-25.62212592318763,-48.98298341033811,3219
DPR2,-25.60558021709413,-49.23833791222354,3219
DPR2,-25.50770777731122,-49.298890795613794,3219
DPR2,-25.435452063776207,-49.12589988893676,3219
DPR2,-25.447991227081715,-49.254213923131644,3219
DPR2,-25.64996666070685,-49.19723273635604,3219
DPR2,-25.602122072252858,-49.13161760208471,3219
DPR2,-25.308174835289467,-49.313303831033764,3219
DPR2,-25.400020336892474,-49.188631954091896,3219
DPR2,-25.563244209770197,-49.08763207147609,3219
DPR2,-25.475565764793505,-49.46816745897644,3219
DPR2,-25.25734419849214,-49.290253889726515,3219
DPR2,-25.449010381625712,-49.55238810380871,3219
DPR2,-25.476299446546886,-48.97801273535456,3219
DPR2,-25.642934759175006,-48.98369369360982,3219
DPR2,-25.314403736968472,-49.37740611908726,3219
DPR2,-25.554945226515297,-49.21527555249221,3219
DPR2,-25.617943696196072,-49.36662875144945,3219
DPR2,-25.522896422763633,-49.38463095666741,3219
DPR2,-25.71510300107681,-49.156830183707314,3219
DPR2,-25.575761712232065,-49.21599304259331,3219
DPR2,-25.543713491767967,-49.38535370086025,3219
DPR2,-25.37009947089877,-49.16629239644269,3219
DPR2,-25.484552089931142,-49.48977069820229,3219
DPR2,-25.305370397150927,-49.35579999495312,3219
DPR2,-25.531888712875055,-49.40624254240738,3219
DPR2,-25.57227908513455,-49.109268053497885,3219
DPR2,-25.46535251877637,-49.14824365970898,3219
DPR2,-25.445195826544104,-49.296730931927975,3219
DPR2,-25.499632520356837,-49.57544076753448,3219
DPR2,-25.293522336369335,-49.376683895666744,3219
DPR2,-25.633890787747184,-48.962045820959496,3219
DPR2,-25.67132631368145,-49.347175940327304,3219
DPR2,-25.539664835104947,-49.12947310755037,3219
DPR2,-25.35896272264658,-49.336355336095245,3219
DPR2,-25.5125387388406,-49.064569302686664,3219
DPR2,-25.4722401127573,-49.36157400684089,3219
DPR2,-25.475055258565583,-49.31906725491573,3219
DPR2,-25.662347535340764,-49.325554721593065,3219
DPR2,-25.436738675706,-49.42423287745255,3219
DPR2,-25.53337442730265,-49.06528201972283,3219
DPR2,-25.674148118323018,-49.304652510250676,3219
DPR2,-25.419189831026753,-49.530064029693094,3219
DPR2,-25.415893666932806,-49.42350904838301,3219
DPR2,-25.287288500517565,-49.31258361556512,3219
DPR2,-25.517993521166,-48.97943269469405,3219
DPR2,-25.34922309446453,-49.16557670502867,3219
DPR2,-25.537538847259643,-49.32122931839054,3219
DPR2,-25.461790414114358,-49.041508180373505,3219
DPR2,-25.325577035417876,-49.207386268589545,3219
DPR2,-25.26918632580229,-49.269361768126686,3219
DPR2,-25.450774786277982,-49.211688808302924,3219
DPR2,-25.57350977826134,-49.407689447932704,3219
DPR2,-25.712321018802243,-49.19938399089691,3219
DPR2,-25.46603900140892,-49.297450839274155,3219
DPR2,-25.484066426838375,-49.34068230090462,3219
DPR2,-25.52231689585411,-49.23546529648131,3219
DPR2,-25.556940144717956,-49.02342774530856,3219
DPR2,-25.43104155043195,-49.50919283000943,3219
DPR2,-25.381914592523664,-49.145382988444446,3219
DPR2,-25.254548998698926,-49.33275083180642,3219
DPR2,-25.48967436454252,-49.25565113361045,3219
DPR2,-25.730298786676663,-49.24264825010499,3219
DPR2,-25.445738789380453,-49.445838248307865,3219
DPR2,-25.61114317879125,-49.15325164291925,3219
DPR2,-25.326249556024646,-49.35652158089753,3219
DPR2,-25.469413138474987,-49.40407253961982,3219
DPR2,-25.68874948370212,-49.241211282194996,3219
DPR2,-25.420070847221822,-49.04008445336886,3219
DPR2,-25.558354980273982,-49.32195010073799,3219
DPR2,-25.34368097348498,-49.25062172182181,3219
DPR2,-25.307452818568823,-49.16414546313661,3219
DPR2,-25.651973636507382,-49.005340288986666,3219
DPR2,-25.55145642382548,-49.10855391090981,3219
DPR2,-25.391661811475117,-49.31618516510858,3219
DPR2,-25.68594490707433,-49.28374760660076,3219
DPR2,-25.50621329276551,-49.000364451754734,3219
DPR2,-25.495234873558825,-49.17058753175597,3219
DPR2,-25.455443611312692,-48.97730282572114,3219
DPR2,-25.449996477393487,-49.06243143259264,3219
DPR2,-25.53689979851237,-49.172019619567706,3219
DPR2,-25.715699392617918,-49.30609341140631,3219
DPR2,-25.72749160098421,-49.28518722884083,3219
DPR2,-25.619398158692064,-49.02556231837079,3219
DPR2,-25.2635945866176,-49.354356964912846,3219
DPR2,-25.45473381284123,-49.467442214601455,3219
DPR2,-25.65551094058634,-49.11212509311239,3219
DPR2,-25.32280139142388,-49.249903422933784,3219
DPR2,-25.39834530422784,-49.52933692607482,3219
DPR2,-25.415318274211263,-49.27439466501261,3219
DPR2,-25.3318493348735,-49.27151844101953,3219
DPR2,-25.5204464187955,-49.57616942642597,3219
DPR2,-25.36176461913264,-49.29385177459777,3219
DPR2,-25.515272087295,-49.02200493049433,3219
DPR2,-25.721312457900183,-49.22101679229356,3219
DPR2,-25.494429253248537,-49.021293593242234,3219
DPR2,-25.620768147337692,-49.32411273140978,3219
DPR2,-25.641560782340367,-49.324833702858264,3219
DPR2,-25.54241796935224,-49.08691861809845,3219
DPR2,-25.709527081862152,-49.24192974256929,3219
DPR2,-25.67695800475526,-49.26212091518279,3219
DPR2,-25.26639633568065,-49.31186344730765,3219
DPR2,-25.63873500673547,-49.36735104718937,3219
DPR2,-25.584064575145188,-49.0883455717384,3219
DPR2,-25.516716847281256,-49.320508583307294,3219
DPR2,-25.423645262546845,-49.146813230155225,3219
DPR2,-25.486876319348365,-49.29817079383463,3219
DPR2,-25.380351863821385,-49.48614153403307,3219
DPR2,-25.388202222524846,-49.20953732668362,3219
DPR2,-25.442889546061622,-49.48831888997805,3219
DPR2,-25.29285937832419,-49.22756948987874,3219
DPR2,-25.516070269344013,-49.17130355215416,3219
DPR2,-25.70053715671604,-49.22029897241346,3219
DPR2,-25.33463154015425,-49.22900466724884,3219
DPR2,-25.6915421233519,-49.19866685896382,3219
DPR2,-25.538831754446246,-48.980142744408894,3219
DPR2,-25.66452639036873,-49.13376251928902,3219
DPR2,-25.481244696927224,-49.383185610372486,3219
DPR2,-25.565986710567067,-49.04506831683327,3219
DPR2,-25.555534509828398,-49.36446214831599,3219
DPR2,-25.597146507864025,-49.36590650306019,3219
DPR2,-25.477858565964034,-49.27655232826385,3219
DPR2,-25.388852009772588,-49.35868662248094,3219
DPR2,-25.420881440638745,-49.1893484271999,3219
DPR2,-25.52509911411681,-49.19293149828225,3219
DPR2,-25.706721200100077,-49.284467394105505,3219
DPR2,-25.242697941202685,-49.35363552080815,3219
DPR2,-25.564524694124184,-49.386076492422575,3219
DPR2,-25.581308869082353,-49.13090272361581,3219
DPR2,-25.63538055920329,-49.260682855732085,3219
DPR2,-25.51389903672015,-49.363017982921356,3219
DPR2,-25.46323043853735,-49.33996102190996,3219
DPR2,-25.44725508391046,-49.104983901642704,3219
DPR2,-25.36455471588949,-49.25134006782859,3219
DPR2,-25.667965995165034,-49.24049286897768,3219
DPR2,-25.528533372254223,-49.29961084461608,3219
DPR2,-25.580490597745968,-48.98156298395077,3219
DPR2,-25.46086134484037,-49.53151837968559,3219
DPR2,-25.451401864308117,-49.360852089782426,3219
DPR2,-25.561685767246832,-49.42857684775684,3219
DPR2,-25.568717281771793,-49.00249667295055,3219
DPR2,-25.51050714302466,-49.25636980957212,3219
DPR2,-25.459807797757353,-49.23331132946761,3219
DPR2,-25.504267302320024,-49.19221478997878,3219
DPR2,-25.54788849210547,-49.00178588581343,3219
DPR2,-25.614583011452332,-49.25996389677979,3219
DPR2,-25.665162724875294,-49.28302786632221,3219
DPR2,-25.579165243300803,-49.322670930354064,3219
DPR2,-25.340160533374643,-49.14395293454143,3219
DPR2,-25.637464742832126,-49.068846307637656,3219
DPR2,-25.493072504576986,-49.36229597121906,3219
DPR2,-25.647176619227213,-49.23977450291295,3219
DPR2,-25.43895971324821,-49.232593434685796,3219
DPR2,-25.590333559929146,-49.15253607578044,3219
DPR2,-25.60895921638155,-49.34501096806605,3219
DPR2,-25.31721473234402,-49.334913392627534,3219
DPR2,-25.42773347344908,-49.402626108043385,3219
DPR2,-25.396470040590042,-49.08192575685613,3219
DPR2,-25.272635105970682,-49.37596171956264,3219
DPR2,-25.492460552552995,-49.21312336473301,3219
DPR2,-25.376380347176806,-49.23044003294683,3219
DPR2,-25.54314153325124,-49.23618337972332,3219
DPR2,-25.410199261207662,-49.508466361602636,3219
DPR2,-25.45421567591474,-49.318346661598575,3219
DPR2,-25.436170892087354,-49.27511383892172,3219
DPR2,-25.444501818922593,-49.14752842144953,3219
DPR2,-25.588158426149434,-49.34428940527971,3219
DPR2,-25.63257329570954,-49.303211798129,3219
DPR2,-25.64649039084929,-49.09048635387733,3219
DPR2,-25.372854109609772,-49.12375652094108,3219
DPR2,-25.485366889172564,-48.99965380482439,3219
DPR2,-25.490244189407054,-49.40479582648819,3219
DPR2,-25.459054317933433,-49.084065273346575,3219
DPR2,-25.36104048504318,-49.14466793801916,3219
DPR2,-25.599353155997807,-49.1741681039446,3219
DPR2,-25.63116837443817,-49.0046293148457,3219
DPR2,-25.567351762017353,-49.34356788980305,3219
DPR2,-25.497997317786137,-49.12804367928539,3219
DPR2,-25.511480485527986,-49.554571890669685,3219
DPR2,-25.412518949302537,-49.31690561669942,3219
DPR2,-25.406284669340888,-49.25277690121612,3219
DPR2,-25.54935310114196,-49.30033094084591,3219
DPR2,-25.442388594524065,-49.339239790198434,3219
DPR2,-25.437155698067567,-49.57325507685835,3219
DPR2,-25.358280584936498,-49.18719914894908,3219
DPR2,-25.524325799380026,-49.04364412183629,3219
DPR2,-25.626381358872862,-49.239056183996375,3219
DPR2,-25.685316055954132,-49.13447758563769,3219
DPR2,-25.5824897606243,-49.429301008830045,3219
DPR2,-25.67075733632794,-49.19794977411833,3219
DPR2,-25.35272533370903,-49.27223742628012,3219
DPR2,-25.679755963070413,-49.21958119965786,3219
DPR2,-25.673536738529215,-49.155398626355655,3219
DPR2,-25.658968879935752,-49.21886347402238,3219
DPR2,-25.560489789026327,-49.13018789210582,3219
DPR2,-25.593095870477452,-49.10998224300778,3219
DPR2,-25.462586088271067,-49.19078151451116,3219
DPR2,-25.586808353354805,-49.0457804845515,3219
DPR2,-25.34645793967422,-49.20810324090323,3219
DPR2,-25.613906776837958,-49.11069647944389,3219
DPR2,-25.473580553040424,-49.02058230275427,3219
DPR2,-25.46983960319648,-49.55311598513205,3219
DPR2,-25.47990402816211,-49.08477853922954,3219
DPR2,-25.599969633324587,-49.32339180724319,3219
DPR2,-25.540346126261653,-49.27871041615301,3219
DPR2,-25.606129486823075,-49.3875222176734,3219
DPR2,-25.275443405517482,-49.333471638168625,3219
DPR2,-25.29007982780537,-49.27008061194722,3219
DPR2,-25.394459806468852,-49.27367553827225,3219
DPR2,-25.33740194290929,-49.186482816905475,3219
DPR2,-25.65054316313934,-49.34645423558542,3219
DPR2,-25.52158585691952,-49.086205211601076,3219
DPR2,-25.340892205686465,-49.293132103256774,3219
DPR2,-25.640205732033362,-49.02627393630002,3219
DPR2,-25.457987156950583,-49.57398359275512,3219
DPR2,-25.53133405728073,-49.25708853268786,3219
DPR2,-25.4027828527207,-49.146098085821656,3219
DPR2,-25.561163580723967,-49.27942987316733,3219
DPR2,-25.33809164611506,-49.335634340733066,3219
DPR2,-25.27823994707283,-49.29097337234285,3219
DPR2,-25.569518063266056,-49.1518205556376,3219
DPR2,-25.403491918282807,-49.2952912588608,3219
DPR2,-25.48619735904455,-49.14895894493799,3219
DPR2,-25.608367655618483,-49.19579880206338,3219
DPR2,-25.32905533687782,-49.31402409371802,3219
DPR2,-25.466574345701048,-49.4465628088863,3219
DPR2,-25.452725989726762,-49.019871059026045,3219
DPR2,-25.51952280362524,-49.277991006333934,3219
DPR2,-25.703324471016636,-49.17774985195809,3219
DPR2,-25.44093355963029,-49.04079629347707,3219
DPR2,-25.6582651594672,-49.06955930579821,3219
DPR2,-25.46451462036468,-48.998943204620836,3219
DPR2,-25.61307837998843,-48.96133622884259,3219
DPR2,-25.43269351697936,-49.1684397526095,3219
DPR2,-25.563960301271454,-49.236901510091435,3219
DPR2,-25.474393614200565,-49.16987155836873,3219
DPR2,-25.601311201708366,-48.98227317378655,3219
DPR2,-25.448576232137405,-49.40334930013969,3219
DPR2,-25.656172224633643,-49.26140186186495,3219
DPR2,-25.559664114317076,-48.98085284082634,3219
DPR2,-25.382631191028366,-49.29457149313098,3219
DPR2,-25.518834010346218,-49.128758369945025,3219
DPR2,-25.441736692122074,-49.19006494733819,3219
DPR2,-25.49714941751676,-48.9787226916774,3219
DPR2,-25.37915338396264,-49.18791552800975,3219
DPR2,-25.525720824107307,-49.34212500076104,3219
DPR2,-25.644374656479172,-49.2823081732654,3219
DPR2,-25.652744771087622,-49.15468291820245,3219
DPR2,-25.623580704870047,-49.28158852742593,3219
DPR2,-25.304690293414268,-49.206669343320996,3219
DPR2,-25.682541983407827,-49.17703340826294,3219
DPR2,-25.589540194061723,-49.00320750683204,3219
DPR2,-25.495888983370143,-49.31978789548383,3219
DPR2,-25.4518779919266,-49.50991934596834,3219
DPR2,-25.554204244681014,-49.06599478360206,3219
DPR2,-25.37982795883996,-49.337076378718436,3219
DPR2,-25.534719706147683,-49.3637400419522,3219
DPR2,-25.433370238472722,-49.317626115527936,3219
DPR2,-25.320013953788646,-49.292412479103554,3219
DPR2,-25.70390338340682,-49.326996900939314,3219
DPR2,-25.457017657025993,-49.275833060004,3219
DPR2,-25.48895321438247,-49.1064117646325,3219
DPR2,-25.393725944778847,-49.124470930018866,3219
DPR2,-25.385422615538467,-49.252058460958565,3219
DPR2,-25.530627889574404,-49.10783981523916,3219
DPR2,-25.491697182335027,-49.063856632489184,3219
DPR2,-25.453546494320875,-49.169155631988055,3219
DPR2,-25.592260087664037,-48.960626683408385,3219
DPR2,-25.299129866545876,-49.29169290213372,3219
DPR2,-25.438198747881977,-49.08335205432629,3219
DPR2,-25.604879062456952,-49.08905911888978,3219
DPR2,-25.577765362021808,-49.02413922287945,3219
DPR2,-25.653363649067042,-49.3039321305628,3219
DPR2,-25.39220285704747,-49.46526676638971,3219
DPR2,-25.545159191566032,-49.044356195929666,3219
DPR2,-25.594311506620915,-49.40841297180874,3219
DPR2,-25.50074787550813,-49.08549185197957,3219
DPR2,-25.507036336671433,-49.149674277140946,3219
DPR2,-25.32834087598549,-49.16486106059479,3219
DPR2,-25.62843399821667,-49.04720496044939,3219
DPR2,-25.408272336957822,-49.061006419998044,3219
DPR2,-25.248286995652766,-49.268642971444,3219
DPR2,-25.35550886456896,-49.22972232655464,3219
DPR2,-25.69432281618447,-49.15611438152248,3219
DPR2,-25.50348653704531,-49.042932094548725,3219
DPR2,-25.534122869310046,-49.21455810948472,3219
DPR2,-25.460410046173227,-49.38246300826155,3219
DPR2,-25.54592505837288,-49.19364825363803,3219
DPR2,-25.57502818794348,-49.06670759432876,3219
DPR2,-25.31096749853536,-49.27079950291004,3219
DPR2,-25.52786944860922,-49.15038965632226,3219
DPR2,-25.617377057128596,-49.217428164094095,3219
DPR2,-25.30255419401917,-49.398287950278025,3219
DPR2,-25.45757783427339,-49.42495675393791,3219
DPR2,-25.47162059908046,-49.21240606297997,3219
DPR2,-25.50148639211174,-49.23474726036095,3219
DPR2,-25.6297541297101,-49.345732578166476,3219
DPR2,-25.31927474062138,-49.14323797800684,3219
DPR2,-25.456306341445345,-49.12661443878566,3219
DPR2,-25.566745132056436,-49.19436505605055,3219
DPR2,-25.57854124486321,-49.17345189545852,3219
DPR2,-25.649237994273747,-49.047917268637846,3219
DPR2,-25.413052355905755,-49.46599186831253,3219
DPR2,-25.24549834390523,-49.31114332625696,3219
DPR2,-25.482641407606042,-49.0422201140626,3219
DPR2,-25.54869669181808,-49.15110508248635,3219
DPR2,-25.424346797813048,-49.29601107179167,3219
DPR2,-25.37079882806934,-49.315464760751006,3219
DPR2,-25.404050126442588,-49.444389269503105,3219
DPR2,-25.481688325738563,-49.53224562606871,3219
DPR2,-25.585330026813022,-49.38679933135882,3219
DPR2,-25.57297028098042,-49.258526120399196,3219
DPR2,-25.546539226996842,-49.34284642163163,3219
DPR2,-25.50250945189984,-49.53297292004895,3219
DPR2,-25.504896556376078,-49.34140362718684,3219
DPR2,-25.430557762284387,-49.360130220039224,3219
DPR2,-25.281024720767405,-49.24846696649639,3219
DPR2,-25.40970780974895,-49.35940839760686,3219
DPR2,-25.55772345802806,-49.17273573400102,3219
DPR2,-25.4006873516045,-49.337797468607086,3219
DPR2,-25.511069381886728,-49.40551916074923,3219
DPR2,-25.472708582633306,-49.51064590948379,3219
DPR2,-25.483429626022236,-49.19149812872322,3219
DPR2,-25.296331984439988,-49.33419249177418,3219
DPR2,-25.4073343929255,-49.55093248403078,3219
DPR2,-25.64095933912499,-49.17560066202015,3219
DPR2,-25.47084976083399,-49.06314400912598,3219
DPR2,-25.373595491939117,-49.272956458696235,3219
DPR2,-25.41810577459959,-49.23187558700799,3219
DPR2,-25.41872318424814,-49.38101794609062,3219
DPR2,-25.428175310515982,-49.55166027010977,3219
DPR2,-25.46883572487775,-49.25493250479843,3219
DPR2,-25.602780873039894,-49.28086892879938,3219
DPR2,-25.61035722595472,-49.0039183874623,3219
DPR2,-25.51329464364405,-49.21384071356647,3219
DPR2,-25.697737896587945,-49.262840015690024,3219
DPR2,-25.611777061238463,-49.30249151294481,3219
DFR2,-27.4411605690762,-48.72484090189501,3219
DFR2,-27.750362064704273,-48.64983803631316,3219
DFR2,-27.744889733939587,-48.73541015628533,3219
DFR2,-27.894367843623495,-48.61194813172464,3219
DFR2,-27.727876636840435,-48.84197825120787,3219
DFR2,-27.558755932548188,-48.47163785861725,3219
DFR2,-27.475682658300187,-48.66174849374556,3219
DFR2,-27.547287874378185,-48.49269330232949,3219
DFR2,-27.409344666917814,-48.74516168837128,3219
DFR2,-27.686366996978197,-48.540384839944394,3219
DFR2,-27.527738576203003,-48.64211599248952,3219
DFR2,-27.767233194453915,-48.54318003708236,3219
DFR2,-27.767832797057167,-48.6933315190475,3219
DFR2,-27.785282382684052,-48.736820182690536,3219
DFR2,-27.689048130491912,-48.49757360893275,3219
DFR2,-27.442307493416635,-48.381842683515345,3219
DFR2,-27.787434331661554,-48.543878952132395,3219
DFR2,-27.880195208929916,-48.67580397514752,3219
DFR2,-27.748076384469236,-48.84268659428633,3219
DFR2,-27.333522846691825,-48.65683346826252,3219
DFR2,-27.814182693133386,-48.75926847448977,3219
DFR2,-27.438421664928654,-48.76759529355169,3219
DFR2,-27.377513479813018,-48.7654786494047,3219
DFR2,-27.6580179354093,-48.66807115811465,3219
DFR2,-27.502016936720697,-48.72695391404025,3219
DFR2,-27.76508913995981,-48.736115146167734,3219
DFR2,-27.721929874430284,-48.77747851856156,3219
DFR2,-27.47762503001893,-48.468852753107846,3219
DFR2,-27.374765232650923,-48.80822135016974,3219
DFR2,-27.49596669281464,-48.662450826079024,3219
DFR2,-27.7738096249761,-48.75785695608428,3219
DFR2,-27.36536389095566,-48.63650349057875,3219
DFR2,-27.64653747719921,-48.68911039541681,3219
DFR2,-27.862757341038815,-48.632299692485255,3219
DFR2,-27.71320379943181,-48.75574002855563,3219
DFR2,-27.68745867221667,-48.8405617054886,3219
DFR2,-27.638287733057183,-48.81741405015193,3219
DFR2,-27.359932978127247,-48.722024204324924,3219
DFR2,-27.481737611733962,-48.72624953008135,3219
DFR2,-27.57704146316974,-48.66526062017858,3219
DFR2,-27.497916965196662,-48.469548960268796,3219
DFR2,-27.701719240419514,-48.776772270486795,3219
DFR2,-27.753613844029026,-48.75715126690187,3219
DFR2,-27.779754445918893,-48.82236723798037,3219
DFR2,-27.675514295868958,-48.71155523780327,3219
DFR2,-27.822890633829108,-48.781010459580834,3219
DFR2,-27.495252279650757,-48.51235097100186,3219
DFR2,-27.802710810726055,-48.78030397794285,3219
DFR2,-27.587821555800495,-48.49408744463384,3219
DFR2,-27.82839726765449,-48.69544270947045,3219
DFR2,-27.565550880525315,-48.68629724388477,3219
DFR2,-27.399042586938137,-48.42326584550319,3219
DFR2,-27.40660108334166,-48.78791023923461,3219
DFR2,-27.412075566009808,-48.70240551860623,3219
DFR2,-27.759100073538267,-48.67158537698423,3219
DFR2,-27.45732695899687,-48.46815659208387,3219
DFR2,-27.533791585050302,-48.70662748827407,3219
DFR2,-27.459976763980038,-48.42534997412972,3219
DFR2,-27.81733268894211,-48.86654753794906,3219
DFR2,-27.84618924617881,-48.888991843639936,3219
DFR2,-27.643800332027173,-48.73188590632461,3219
DFR2,-27.42964488949047,-48.74586658469035,3219
DFR2,-27.719162790079768,-48.82024416255047,3219
DFR2,-27.689720401969552,-48.64773146671733,3219
DFR2,-27.548007813022444,-48.6428177641732,3219
DFR2,-27.39507296606105,-48.80892820060946,3219
DFR2,-27.491744055335367,-48.40498513268899,3219
DFR2,-27.69298954021766,-48.75503447938295,3219
DFR2,-27.71804633752601,-48.520027241006325,3219
DFR2,-27.842583006492283,-48.63159787810027,3219
DFR2,-27.85766944473241,-48.867966041416175,3219
DFR2,-27.79993934091619,-48.8230750233627,3219
DFR2,-27.48027589028144,-48.42604477578413,3219
DFR2,-27.750851513195673,-48.79992277372239,3219
DFR2,-27.50056887968213,-48.426739623501945,3219
DFR2,-27.60605647186383,-48.68770372658545,3219
DFR2,-27.6727691260296,-48.75432897687137,3219
DFR2,-27.483770747467766,-48.53340008699722,3219
DFR2,-27.678246677374926,-48.668773908856146,3219
DFR2,-27.619539594401406,-48.47372717235614,3219
DFR2,-27.76826997268761,-48.84339498418322,3219
DFR2,-27.871478922339236,-48.654052430877634,3219
DFR2,-27.681502450873797,-48.7760660691114,3219
DFR2,-27.808215278850806,-48.69473893275417,3219
DFR2,-27.739366168293778,-48.820951807578695,3219
DFR2,-27.66003127996681,-48.475120279013,3219
DFR2,-27.822402498237558,-48.6308961101896,3219
DFR2,-27.351134850063136,-48.70029516194687,3219
DFR2,-27.79399924207733,-48.75856269194544,3219
DFR2,-27.74213435068062,-48.778184813340125,3219
DFR2,-27.44719318094566,-48.78932277809568,3219
DFR2,-27.807629299580753,-48.54457791349744,3219
DFR2,-27.710443657491044,-48.798508833593395,3219
DFR2,-27.88564291137569,-48.59019162042025,3219
DFR2,-27.790120724344852,-48.50106092872474,3219
DFR2,-27.489099054988987,-48.44779743520958,3219
DFR2,-27.52701181744636,-48.491996300463036,3219
DFR2,-27.345039491367157,-48.635802136718766,3219
DFR2,-27.529671703438396,-48.44918858261122,3219
DFR2,-27.579023301270674,-48.472334250369876,3219
DFR2,-27.709940449124012,-48.64843361009906,3219
DFR2,-27.405994328218604,-48.63790633752488,3219
DFR2,-27.53651635612998,-48.66385563016685,3219
DFR2,-27.68425455824516,-48.73329546643628,3219
DFR2,-27.36872585518808,-48.743752035526725,3219
DFR2,-27.585806748310702,-48.68700046197098,3219
DFR2,-27.605402268744513,-48.537590383495015,3219
DFR2,-27.4587121445715,-48.768300934878816,3219
DFR2,-27.73065066450041,-48.799215780286865,3219
DFR2,-27.726812421006166,-48.54178234590973,3219
DFR2,-27.648575962609502,-48.49617900458473,3219
DFR2,-27.73616033803885,-48.71366782913547,3219
DFR2,-27.686993878458445,-48.69051725041409,3219
DFR2,-27.403283020815085,-48.68067317368398,3219
DFR2,-27.57975565243842,-48.62247851865439,3219
DFR2,-27.85728602867002,-48.71789427005334,3219
DFR2,-27.451144753516704,-48.40359688968535,3219
DFR2,-27.374170549860025,-48.65823752900681,3219
DFR2,-27.83470485456814,-48.910015037591926,3219
DFR2,-27.86874273013577,-48.69685040265091,3219
DFR2,-27.788027121253226,-48.694035202614664,3219
DFR2,-27.417499272698752,-48.61687050479987,3219
DFR2,-27.678737565939354,-48.81882901281719,3219
DFR2,-27.626785585306283,-48.838437237937384,3219
DFR2,-27.382971958350925,-48.679970374153946,3219
DFR2,-27.826021420209656,-48.888281917711694,3219
DFR2,-27.46880352331043,-48.447101930664545,3219
DFR2,-27.89164346050225,-48.65475499275665,3219
DFR2,-27.430835900535513,-48.40290283721571,3219
DFR2,-27.6350528281697,-48.71014707651083,3219
DFR2,-27.704472440860574,-48.73400031642401,3219
DFR2,-27.446600267277883,-48.63930937013527,3219
DFR2,-27.47022695637824,-48.74727651714408,3219
DFR2,-27.57635438026883,-48.515141694599436,3219
DFR2,-27.695735800079433,-48.712259388323794,3219
DFR2,-27.486441282623836,-48.49060243527964,3219
DFR2,-27.55949508745358,-48.621777354509,3219
DFR2,-27.698469264403457,-48.66947670610945,3219
DFR2,-27.888906199459857,-48.697554319123924,3219
DFR2,-27.77929801852773,-48.672288360328814,3219
DFR2,-27.82781809601262,-48.54527692118189,3219
DFR2,-27.365984498290278,-48.78649788705918,3219
DFR2,-27.83435997595248,-48.75997430372167,3219
DFR2,-27.357198510506844,-48.764773194619124,3219
DFR2,-27.414793771094327,-48.6596417755342,3219
DFR2,-27.47496140599617,-48.5116534056502,3219
DFR2,-27.647016096621382,-48.839145346989994,3219
DFR2,-27.520855729866824,-48.42743451728755,3219
DFR2,-27.38629585057672,-48.7872040398134,3219
DFR2,-27.389038321369636,-48.744456838651544,3219
DFR2,-27.629554090861056,-48.79568151415176,3219
DFR2,-27.914527263808946,-48.612649384186355,3219
DFR2,-27.610743276247643,-48.45197143078349,3219
DFR2,-27.6688151250531,-48.49687628365107,3219
DFR2,-27.420862856044103,-48.72413665765878,3219
DFR2,-27.620815171394614,-48.77394774513743,3219
DFR2,-27.434361256668364,-48.51025841357353,3219
DFR2,-27.5067296194269,-48.49129934478122,3219
DFR2,-27.380249058227466,-48.722728308878146,3219
DFR2,-27.747632308465537,-48.69262788204827,3219
DFR2,-27.697823097614066,-48.519329167051495,3219
DFR2,-27.641050414117103,-48.77465380644114,3219
DFR2,-27.83985484843719,-48.674397589583236,3219
DFR2,-27.802215818458727,-48.63019438874884,3219
DFR2,-27.820118070439936,-48.82378285553855,3219
DFR2,-27.70721284694457,-48.69122074773598,3219
DFR2,-27.771046201362505,-48.800629813904415,3219
DFR2,-27.65528663781767,-48.71085113386709,3219
DFR2,-27.64978570883385,-48.796388273921174,3219
DFR2,-27.38568217069062,-48.63720489084599,3219
DFR2,-27.545288870785598,-48.68559407232242,3219
DFR2,-27.83113131890456,-48.6526474466672,3219
DFR2,-27.67759369786697,-48.518631139355264,3219
DFR2,-27.600010072692346,-48.62317972921687,3219
DFR2,-27.62833064541241,-48.49548177172934,3219
DFR2,-27.617541995650516,-48.66666579614944,3219
DFR2,-27.76182395310248,-48.62879108525939,3219
DFR2,-27.655739180199298,-48.86087539852014,3219
DFR2,-27.59123620581332,-48.60143491619683,3219
DFR2,-27.42630036119378,-48.638607830619854,3219
DFR2,-27.851308207749028,-48.65334991551596,3219
DFR2,-27.8489826874301,-48.846229012043715,3219
DFR2,-27.664030521220553,-48.73259066307128,3219
DFR2,-27.574314512199738,-48.7080351838775,3219
DFR2,-27.45267209349041,-48.70381265567369,3219
DFR2,-27.581679422085234,-48.42951947509482,3219
DFR2,-27.46145215508058,-48.72554519270107,3219
DFR2,-27.596614545440648,-48.515839491068526,3219
DFR2,-27.690230494389372,-48.797801933637565,3219
DFR2,-27.590484604283468,-48.451275649558355,3219
DFR2,-27.50938844913549,-48.44849298585701,3219
DFR2,-27.56827090907996,-48.643519582303746,3219
DFR2,-27.471447472558864,-48.404290988174985,3219
DFR2,-27.88292549970052,-48.63300155334895,3219
DFR2,-27.808638662072788,-48.84481190445001,3219
DFR2,-27.747025890164167,-48.54248116834294,3219
DFR2,-27.669494198213403,-48.64702936981324,3219
DFR2,-27.819675408172568,-48.673694466623914,3219
DFR2,-27.597294802368015,-48.66596318491693,3219
DFR2,-27.87745204856289,-48.7185988400314,3219
DFR2,-27.626300048914292,-48.688407037732595,3219
DFR2,-27.810948257986247,-48.65194502432695,3219
DFR2,-27.74971018237943,-48.49966586211366,3219
DFR2,-27.443886773026996,-48.68207891221434,3219
DFR2,-27.428194056641196,-48.44571105986415,3219
DFR2,-27.90035612481203,-48.676507237761285,3219
DFR2,-27.73826341537022,-48.520725361224144,3219
DFR2,-27.791234726794055,-48.80133690083734,3219
DFR2,-27.874202243761005,-48.61124692571179,3219
DFR2,-27.770563628687036,-48.65054031915434,3219
DFR2,-27.73341190144284,-48.75644562439379,3219
DFR2,-27.432376892957386,-48.70310906387424,3219
DFR2,-27.515537016209393,-48.51304858256822,3219
DFR2,-27.594566763097816,-48.708739101520436,3219
DFR2,-27.46614680934879,-48.489905571953926,3219
DFR2,-27.667240459672968,-48.83985350283893,3219
DFR2,-27.661279508026166,-48.775359914431,3219
DFR2,-27.674906679328394,-48.56143799387683,3219
DFR2,-27.73658519643504,-48.86371109341754,3219
DFR2,-27.837504151197905,-48.867256766245475,3219
DFR2,-27.75636336733701,-48.71437211943546,3219
DFR2,-27.55405611875665,-48.70733131279685,3219
DFR2,-27.755783084358708,-48.56423581333515,3219
DFR2,-27.666768754463217,-48.689813799642515,3219
DFR2,-27.549948815593734,-48.449884225476595,3219
DFR2,-27.49324410601234,-48.70521997888456,3219
DFR2,-27.51352091336993,-48.70592371030479,3219
DFR2,-27.419360109974164,-48.423960508993616,3219
DFR2,-27.83385251367395,-48.60984465301505,3219
DFR2,-27.82565036944015,-48.73823039567494,3219
DFR2,-27.48446601273274,-48.68348483673445,3219
DFR2,-27.42358795981988,-48.68137601970265,3219
DFR2,-27.61686856205274,-48.51653733377425,3219
DFR2,-27.541136438527765,-48.42812945714531,3219
DFR2,-27.738895964710444,-48.67088244016908,3219
DFR2,-27.602712564618326,-48.58038878014988,3219
DFR2,-27.518202762214717,-48.4702452135711,3219
DFR2,-27.80546945990934,-48.737525265858125,3219
DFR2,-27.81141708729096,-48.802044034525586,3219
DFR2,-27.77656023389274,-48.715076456337414,3219
DFR2,-27.426900194242858,-48.78861648532724,3219
DFR2,-27.608079175720622,-48.494784585080495,3219
DFR2,-27.599284522647608,-48.47303068828138,3219
DFR2,-27.56755778792588,-48.49339035038496,3219
DFR2,-27.65735814052476,-48.517933157913234,3219
DFR2,-27.639788514261983,-48.47442370259856,3219
DFR2,-27.666135046573405,-48.53968615640347,3219
DFR2,-27.464179458105686,-48.68278185122349,3219
DFR2,-27.585145708126316,-48.53689188508232,3219
DFR2,-27.860028116081875,-48.67510075908964,3219
DFR2,-27.718685694258316,-48.67017954987896,3219
DFR2,-27.903087480308223,-48.633703460695756,3219
DFR2,-27.63099579692377,-48.45266725813731,3219
DFR2,-27.454664397561054,-48.5109558865089,3219
DFR2,-27.466894044140215,-48.64001095607556,3219
DFR2,-27.418125059366126,-48.766889698866564,3219
DFR2,-27.730154337444013,-48.64913579996288,3219
DFR2,-27.3484072707229,-48.74304727899241,3219
DFR2,-27.840290632301862,-48.82449073451239,3219
DFR2,-27.556781980329852,-48.664558101930034,3219
DFR2,-27.44584620192092,-48.48920875479969,3219
DFR2,-27.51624459285933,-48.66315320488465,3219
DFR2,-27.593931770054876,-48.55864091565725,3219
DFR2,-27.778679075962827,-48.522121740466325,3219
DFR2,-27.47296116528187,-48.70451629400899,3219
DFR2,-27.816935469957723,-48.71648526996495,3219
DFR2,-27.76991853743644,-48.50036337230056,3219
DFR2,-27.562818098637177,-48.72906734543283,3219
DFR2,-27.758474328921682,-48.52142352770934,3219
DFR2,-27.439671503100804,-48.42465521853435,3219
DFR2,-27.77697126699753,-48.865129221961325,3219
DFR2,-27.36265477477328,-48.67926762110813,3219
DFR2,-27.854030466386874,-48.6105457661434,3219
DFR2,-27.623563992912953,-48.731181196191834,3219
DFR2,-27.759563387643702,-48.82165949938718,3219
DFR2,-27.828813758848124,-48.84552043482879,3219
DFR2,-27.437022754453423,-48.46746047719247,3219
DFR2,-27.775986777569504,-48.56493538405126,3219
DFR2,-27.715951148212444,-48.71296358543305,3219
DFR2,-27.538482418765305,-48.47094151301912,3219
DFR2,-27.727425657688716,-48.691924291612565,3219
DFR2,-27.397822330214773,-48.76618415081905,3219
DFR2,-27.65851572447163,-48.81812150810326,3219
DFR2,-27.608778669775173,-48.64492335792298,3219
DFR2,-27.84857308547631,-48.696146532767884,3219
DFR2,-27.65254255910436,-48.75362352101645,3219
DFR2,-27.58307287395124,-48.729771915750355,3219
DFR2,-27.797155060145876,-48.86583835652248,3219
DFR2,-27.60332150613332,-48.73047653266855,3219
DFR2,-27.504746434592548,-48.68418786875166,3219
DFR2,-27.435096195116866,-48.66034396847755,3219
DFR2,-27.84529829974886,-48.58879065802713,3219
DFR2,-27.716382923434846,-48.86300209942606,3219
DFR2,-27.588527862090157,-48.64422144688554,3219
DFR2,-27.582457070556636,-48.579688925030595,3219
DFR2,-27.353849757339997,-48.65753547541398,3219
DFR2,-27.614812869176703,-48.70944306573009,3219
DFR2,-27.72468416683386,-48.73470521303889,3219
DFR2,-27.632309841686148,-48.752918111813784,3219
DFR2,-27.371454542216764,-48.70099856764695,3219
DFR2,-27.637116427834982,-48.51723522272104,3219
DFR2,-27.535815613364214,-48.51374624035367,3219
DFR2,-27.40055901831506,-48.72343245998796,3219
DFR2,-27.69513502096379,-48.56213737923929,3219
DFR2,-27.782524821035313,-48.77959754302636,3219
DFR2,-27.790759027181963,-48.651242648490786,3219
DFR2,-27.837113835076035,-48.71718974669932,3219
DFR2,-27.39176811498222,-48.70170201986526,3219
DFR2,-27.670011177424712,-48.79709508041497,3219
DFR2,-27.46261380331335,-48.38253607856664,3219
DFR2,-27.44993898675295,-48.746571527613135,3219
DFR2,-27.62902332986468,-48.645625315420475,3219
DFR2,-27.796750935499396,-48.71578083984578,3219
DFR2,-27.788457399288617,-48.84410342090297,3219
DFR2,-27.799489797472194,-48.67299139020724,3219
DFR2,-27.525020721377015,-48.68489094727951,3219
DFR2,-27.394485221894687,-48.658939629045406,3219
DFR2,-27.570219783305053,-48.45057991445752,3219
DFR2,-27.637783040750637,-48.66736845388055,3219
DFR2,-27.76233266695248,-48.77889115482692,3219
DFR2,-27.455392491627798,-48.66104620787986,3219
DFR2,-27.44850185641894,-48.44640647221752,3219
DFR2,-27.70659278920123,-48.541083569778344,3219
DFR2,-27.507463200914575,-48.641414267248294,3219
DRS5,-29.813744059087636,-51.121174926271316,3219
DRS5,-29.747478054309248,-51.0972167748137,3219
DRS5,-30.019904381057692,-51.21467841020249,3219
DRS5,-30.089440239970845,-51.19620197261989,3219
DRS5,-29.84109249495126,-51.14357065394007,3219
DRS5,-29.751833105284742,-51.16126778583642,3219
DRS5,-29.77128024934149,-51.162050673376484,3219
DRS5,-29.693453937434587,-51.15891942810343,3219
DRS5,-29.689083556325322,-51.09487427145893,3219
DRS5,-30.170365944241055,-51.156879632721775,3219
DRS5,-30.105148419943294,-51.23943260480643,3219
DRS5,-29.910828915689823,-51.125084214168325,3219
DRS5,-30.07009773225597,-51.19541760406439,3219
DRS5,-29.86842156581905,-51.16596587350428,3219
DRS5,-29.7827963000469,-51.141223535514754,3219
DRS5,-29.934523506337534,-51.189928449819796,3219
DRS5,-30.16674712035906,-51.19933995618704,3219
DRS5,-29.83317362807959,-51.12195668229177,3219
DRS5,-29.899332013280002,-51.145918229636415,3219
DRS5,-30.17458874256062,-51.22095889823489,3219
DRS5,-30.135955539343367,-51.219388470431404,3219
DRS5,-29.95391017256533,-51.19071246199696,3219
DRS5,-29.662449011642817,-51.17895762093539,3219
DRS5,-29.654503060343558,-51.15735411030756,3219
DRS5,-30.13957896608597,-51.17693519818381,3219
DRS5,-30.11662946265113,-51.21860333299018,3219
DRS5,-29.818071196470697,-51.1852254453369,3219
DRS5,-29.907234010845915,-51.16753230944183,3219
DRS5,-29.740310414280014,-51.1820911263686,3219
DRS5,-29.74390070206275,-51.139659043875284,3219
DRS5,-29.879925140248766,-51.145135653588646,3219
DRS5,-29.89573126653387,-51.1883605781384,3219
DRS5,-29.63501819663891,-51.15657152760349,3219
DRS5,-29.646551653066556,-51.135748703425925,3219
DRS5,-29.915130537199637,-51.18914448853517,3219
DRS5,-29.724443466962857,-51.138876874234796,3219
DRS5,-29.9302269834942,-51.12586622410943,3219
DRS5,-30.186058046276088,-51.20012457943845,3219
DRS5,-30.124477008176367,-51.24021835792388,3219
DRS5,-30.128106312894,-51.19777086252509,3219
DRS5,-30.093053928269363,-51.15374678608572,3219
DRS5,-30.03926201936339,-51.215463292853116,3219
DRS5,-30.112391408348362,-51.15452992143035,3219
DRS5,-29.798640439133116,-51.184441789309595,3219
DRS5,-29.80223466005339,-51.14200585752307,3219
DRS5,-29.681923790390375,-51.17974092104108,3219
DRS5,-29.856913826181064,-51.18679290998987,3219
DRS5,-29.810155660970565,-51.16361660092812,3219
DRS5,-30.147429875464177,-51.19855538388415,3219
DRS5,-29.658080971405415,-51.114922705442495,3219
DRS5,-29.849005894438523,-51.16518273180618,3219
DRS5,-29.829583925684958,-51.16439964094903,3219
DRS5,-29.67756086818343,-51.11570405543196,3219
DRS5,-29.872013872369784,-51.1235203466618,3219
DRS5,-29.844676364099453,-51.10112196159518,3219
DRS5,-29.72878357853344,-51.202911281125964,3219
DRS5,-30.027770944480185,-51.23629010224672,3219
DRS5,-29.887830938421107,-51.16674906604794,3219
DRS5,-29.732379670983015,-51.16048494911401,3219
DRS5,-29.763351646904834,-51.14044126430039,3219
DRS5,-29.670389506573564,-51.20055922941722,3219
DRS5,-30.004154821822716,-51.171449289327995,3219
DRS5,-29.91873258470366,-51.14670085650606,3219
DRS5,-29.892117547444844,-51.2307926852021,3219
DRS5,-29.946021249602197,-51.16909894879897,3219
DRS5,-29.666034034640145,-51.13653066997448,3219
DRS5,-29.70139228471985,-51.18052427197873,3219
DRS5,-29.903626124240784,-51.209970183961985,3219
DRS5,-29.794308194086895,-51.120393221021025,3219
DRS5,-29.786376263445483,-51.0987786973245,3219
DRS5,-30.158900011955982,-51.17771910305501,3219
DRS5,-29.6970344790709,-51.116485456159026,3219
DRS5,-29.766930305459535,-51.09799771070525,3219
DRS5,-30.131722571912444,-51.155313107648126,3219
DRS5,-29.712919947882124,-51.15970216320456,3219
DRS5,-30.151047417646268,-51.156096344743716,3219
DRS5,-30.120251602461607,-51.17615134422345,3219
DRS5,-29.821666725495522,-51.14278823032994,3219
DRS5,-30.108776433957633,-51.19698639210523,3219
DRS5,-29.973290534507488,-51.19149652507134,3219
DRS5,-30.081577927205327,-51.17458378901663,3219
DRS5,-29.86051196700522,-51.14435312835808,3219
DRS5,-29.864097135143762,-51.101903151171875,3219
DRS5,-29.996271826651956,-51.14983187229647,3219
DRS5,-30.162511662999194,-51.13525430698707,3219
DRS5,-30.015640869343216,-51.15061475334534,3219
DRS5,-30.10091792239509,-51.17536754116928,3219
DRS5,-29.68551013179244,-51.137312687289054,3219
DRS5,-30.07795836566258,-51.21703321100541,3219
DRS5,-30.058613348011406,-51.21624822645254,3219
DRS5,-30.054360023861157,-51.15218066799723,3219
DRS5,-29.93812685313121,-51.14748353420222,3219
DRS5,-29.976896475477197,-51.14904904209276,3219
DRS5,-29.87632569572915,-51.18757671862486,3219
DRS5,-29.720854493168428,-51.18130767375302,3219
DRS5,-30.085813518131065,-51.23864690268467,3219
DRS5,-30.03139378096462,-51.193849019724276,3219
DRS5,-30.01203234006601,-51.19306480393032,3219
DRS5,-29.77486603450263,-51.11961156653622,3219
DRS5,-30.15527529974854,-51.22017365884475,3219
DRS5,-30.097297070984457,-51.21781824651639,3219
DRS5,-30.123860693248755,-51.13368911818471,3219
DRS5,-30.042878996764546,-51.17301643739725,3219
DRS5,-29.992664590795123,-51.19228063904757,3219
DRS5,-29.704979943054173,-51.13809475537427,3219
DRS5,-29.71650180260214,-51.117266907628334,3219
DRS5,-30.062231618217776,-51.17380008776084,3219
DRS5,-30.17821473876597,-51.17850305884176,3219
DRS5,-29.708554678290113,-51.0956550551952,3219
DRS5,-29.965405413169577,-51.16988234477155,3219
DRS5,-29.673981641099722,-51.158136743806,3219
DRS5,-29.95751481718078,-51.148266262729564,3219
DRS5,-30.03500360219578,-51.15139768524404,3219
DRS5,-29.64296794994683,-51.178174371657036,3219
DRS5,-29.80581592683198,-51.09955973467614,3219
DRS5,-29.669606147004295,-51.094093538431764,3219
DRS5,-29.852596899644254,-51.12273848908705,3219
DRS5,-30.066472304062458,-51.23786125155391,3219
DRS5,-29.984783271031553,-51.170665791613,3219
DRS5,-30.050748912142033,-51.19463328643407,3219
DRS5,-29.923021591998566,-51.21075476101787,3219
DRS5,-29.926630781701416,-51.16831560369063,3219
DRS5,-30.1431893377314,-51.13447168716121,3219
DRS5,-29.89142454485112,-51.12430225502069,3219
DRS5,-30.0235200641844,-51.172232837921186,3219
DRS5,-29.790721101714208,-51.162833611738826,3219
DES2,-20.4923274447434,-40.3527573210158,3219
DES2,-20.125114711503077,-40.196039398788066,3219
DES2,-20.369526627563676,-40.37186550100054,3219
DES2,-20.41447234041426,-40.32987898053539,3219
DES2,-20.213571800419558,-40.32611796689004,3219
DES2,-20.180539349636902,-40.26127983487169,3219
DES2,-20.20256456904568,-40.304504052673536,3219
DES2,-20.358870493361913,-40.30742381017661,3219
DES2,-20.646782910413457,-40.52706763591036,3219
DES2,-20.280582791751232,-40.327371379943344,3219
DES2,-20.23624149687496,-40.28372390643237,3219
DES2,-20.291579764707308,-40.34898874973041,3219
DES2,-20.302573129117302,-40.370607308828134,3219
DES2,-20.313210584747825,-40.435048461666575,3219
DES2,-20.1474746996568,-40.19645262546343,3219
DES2,-20.358539966479174,-40.35024468146649,3219
DES2,-20.136142023848343,-40.21764649141911,3219
DES2,-20.34721370865175,-40.37144607482275,3219
DES2,-20.470041873787522,-40.35233847587915,3219
DES2,-20.335883389603246,-40.392647173174424,3219
DES2,-20.39183462570881,-40.37228495596923,3219
DES2,-20.43643583915832,-40.37312395229092,3219
DES2,-20.336224810384373,-40.34982600881767,3219
DES2,-20.357847550190897,-40.43589169005888,3219
DES2,-20.44775135917723,-40.351919659497774,3219
DES2,-20.291911643048465,-40.30617231373172,3219
DES2,-20.213900065667357,-40.283307608920516,3219
DES2,-20.2798977470965,-40.413006306669345,3219
DES2,-20.214217944445164,-40.24049909597666,3219
DES2,-20.71351049430615,-40.5283426974538,3219
DES2,-20.580736436903294,-40.44010956862126,3219
DES2,-20.269582214941348,-40.305755205522814,3219
DES2,-20.324191713082193,-40.45667096418387,3219
DES2,-20.13582768201311,-40.260448889406334,3219
DES2,-20.102749860984947,-40.19562620048136,3219
DES2,-20.380509663447537,-40.39348750367459,3219
DES2,-20.29123746293601,-40.391806958015145,3219
DES2,-20.2475702685573,-40.262526466994565,3219
DES2,-20.324549013558208,-40.41384797072203,3219
DES2,-20.59169044672425,-40.46174111313832,3219
DES2,-20.481017308001988,-40.37396306381119,3219
DES2,-20.225543963205567,-40.21930258255173,3219
DES2,-20.50330062542074,-40.374382662778096,3219
DES2,-20.70220535280967,-40.54955605118989,3219
DES2,-20.34686728318473,-40.4142688460706,3219
DES2,-20.347549684870604,-40.328625051132285,3219
DES2,-20.380158657472254,-40.43631334765684,3219
DES2,-20.624897861299218,-40.48379727093978,3219
DES2,-20.324895874118422,-40.371026677432916,3219
DES2,-20.225231513525063,-40.262110894426435,3219
DES2,-20.268553985837872,-40.43420534899292,3219
DES2,-20.66903043058562,-40.52749262725248,3219
DES2,-20.55881740929197,-40.39684997955205,3219
DES2,-20.314236168929956,-40.30658945057506,3219
DES2,-20.458729044213136,-40.37354349364978,3219
DES2,-20.246571924741648,-40.39096685817337,3219
DES2,-20.1695213710345,-40.239669543383954,3219
DES2,-20.124485553774928,-40.28164270459892,3219
DES2,-20.313562880294597,-40.39222705117864,3219
DES2,-20.52557899137345,-40.374802290553404,3219
DES2,-20.12480530500024,-40.23884010467961,3219
DES2,-20.303236435119725,-40.28497297044982,3219
DES2,-20.658092042288477,-40.505856117831904,3219
DES2,-20.602640781051058,-40.48337381621357,3219
DES2,-20.302225833141428,-40.41342712425593,3219
DES2,-20.724440585709356,-40.54998185468861,3219
DES2,-20.192180067973055,-40.19727916393164,3219
DES2,-20.236558908395743,-40.24091391498837,3219
DES2,-20.64714996140059,-40.48422075473414,3219
DES2,-20.602998075988356,-40.44053151573586,3219
DES2,-20.18085274470418,-40.21847448013602,3219
DES2,-20.169829820219583,-40.19686588051032,3219
DES2,-20.380850204542885,-40.350663382856,3219
DES2,-20.214525437707064,-40.197692475730236,3219
DES2,-20.203200794353297,-40.218888517130075,3219
DES2,-20.53654626280549,-40.39642956907243,3219
DES2,-20.25756476059374,-40.412585517959364,3219
DES2,-20.258578038975536,-40.28414023252262,3219
DES2,-20.16920255671629,-40.282475099620356,3219
DES2,-20.32523229558191,-40.32820713204938,3219
DES2,-20.202887872152182,-40.26169535038645,3219
DES2,-20.1584998194644,-40.21806047156665,3219
DES2,-20.258894983581754,-40.24132876248083,3219
DES2,-20.268907142693593,-40.39138689368104,3219
DES2,-20.3921697124278,-40.32946097537237,3219
DES2,-20.625254740292473,-40.44095349181826,3219
DES2,-20.146846489385982,-40.282058887826246,3219
DES2,-20.31390474140788,-40.34940736490662,3219
DES2,-20.113779363078596,-40.21723253969051,3219
DES2,-20.691272960225334,-40.52791764776597,3219
DES2,-20.635842230187603,-40.50543188024282,3219
DES2,-20.336555787420227,-40.307006616055716,3219
DES2,-20.390766545122844,-40.50076718792118,3219
DES2,-20.358198985704096,-40.393067324005436,3219
DES2,-20.28122616481743,-40.24174363845695,3219
DES2,-20.347875212710306,-40.28580582272535,3219
DES2,-20.325558278815915,-40.28538938229259,3219
DES2,-20.14716577198703,-40.23925480979718,3219
DES2,-20.436770037698317,-40.330297014397594,3219
DES2,-20.613949808360243,-40.462163814078906,3219
DES2,-20.302909996154916,-40.32778924165405,3219
DES2,-20.191872096924016,-40.24008430544282,3219
DES2,-20.4254559060207,-40.35150087186872,3219
DES2,-20.3355315242328,-40.43547006139644,3219
DES2,-20.158185951185665,-40.26086434787929,3219
DES2,-20.59204266880701,-40.41890038198437,3219
DES2,-20.2352268788117,-40.41216475812305,3219
DES2,-20.369180636867142,-40.41468975030453,3219
DES2,-20.61430160930658,-40.419321604150866,3219
DES2,-20.369862158867612,-40.32904299890564,3219
DES2,-20.569778756215015,-40.41847918873548,3219
DES2,-20.54750987659369,-40.41805802440128,3219
DES2,-20.680336866526453,-40.506280384542244,3219
DES2,-20.11408383969028,-40.17443353794496,3219
DGO2,-16.743895289766378,-49.098581192365494,3219
DGO2,-16.68263519741447,-49.390801797989106,3219
DGO2,-16.600175113473497,-49.220230109776736,3219
DGO2,-16.664282390473513,-49.306236962735724,3219
DGO2,-16.737260006006323,-49.2244770339198,3219
DGO2,-16.709962074245553,-49.307657856909216,3219
DGO2,-16.828570057776023,-49.227309233256754,3219
DGO2,-16.612710265411778,-49.199609749811025,3219
DGO2,-16.628895261023093,-49.32613639616292,3219
DGO2,-16.728299495522997,-49.39222793540695,3219
DGO2,-16.731373962913942,-49.11921633841747,3219
DGO2,-16.62789540855988,-49.55697773369999,3219
DGO2,-16.69517851230841,-49.37019738732987,3219
DGO2,-16.560330860757926,-49.3240036735912,3219
DGO2,-16.762315225031283,-49.18322624373699,3219
DGO2,-16.58541775947331,-49.282785161258694,3219
DGO2,-16.662043757962483,-49.348166872077165,3219
DGO2,-16.705469340404026,-49.39151484365208,3219
DGO2,-16.583189617959533,-49.324714535144,3219
DGO2,-16.763665772554248,-49.372334801319056,3219
DGO2,-16.780691416950496,-49.267845244374975,3219
DGO2,-16.805748563537662,-49.22660111466034,3219
DGO2,-16.72324607722312,-49.05589763575453,3219
DGO2,-16.707719744150225,-49.34959034304868,3219
DGO2,-16.67535449381049,-49.09646916523718,3219
DGO2,-16.724729219466244,-49.24509853285498,3219
DGO2,-16.668735466617008,-49.222353365663366,3219
DGO2,-16.82183979604453,-49.35314982600731,3219
DGO2,-16.659797072775238,-49.390088798413764,3219
DGO2,-16.699661322506255,-49.28633371416172,3219
DGO2,-16.73055175707461,-49.35030214757137,3219
DGO2,-16.5669856817115,-49.19819572068357,3219
DGO2,-16.65620143717899,-49.24297299648381,3219
DGO2,-16.655279575418042,-49.47390853175002,3219
DGO2,-16.54190903590736,-49.239431352808325,3219
DGO2,-16.643665311768487,-49.26359002443759,3219
DGO2,-16.803515104353718,-49.268554608345774,3219
DGO2,-16.754214006831237,-49.119921063460914,3219
DGO2,-16.810191058025804,-49.1426705827352,3219
DGO2,-16.63335088334975,-49.242264576065686,3219
DGO2,-16.84690517096406,-49.3119216426051,3219
DGO2,-16.619887588926844,-49.493784178277025,3219
DGO2,-16.693797213419344,-49.181106314822905,3219
DGO2,-16.715756223293504,-49.412830947744936,3219
DGO2,-16.703210870775955,-49.43343131611919,3219
DGO2,-16.83662195244738,-49.29059349320952,3219
DGO2,-16.608274409076643,-49.283494780015175,3219
DGO2,-16.634702113842934,-49.431288459894496,3219
DGO2,-16.706324918711346,-49.16047890451287,3219
DGO2,-16.740840681416994,-49.37162228392538,3219
DGO2,-16.820496096568732,-49.16400922934324,3219
DGO2,-16.614108903467457,-49.388662937509004,3219
DGO2,-16.623032533426436,-49.22093781592714,3219
DGO2,-16.6812673940429,-49.20173113682539,3219
DGO2,-16.82409135296893,-49.31121089671694,3219
DGO2,-16.74756383306499,-49.24580713669843,3219
DGO2,-16.556653723245432,-49.17686769230594,3219
DGO2,-16.716640545428096,-49.18181291203213,3219
DGO2,-16.710726814202655,-49.07653666384408,3219
DGO2,-16.749788676538902,-49.203852935929085,3219
DGO2,-16.55001368623425,-49.302685531379105,3219
DGO2,-16.687876990987622,-49.07583332541879,3219
DGO2,-16.787361931776328,-49.14196509618475,3219
DGO2,-16.631127096427452,-49.28420444467949,3219
DGO2,-16.770394446051604,-49.246515786408786,3219
DGO2,-16.6104963600536,-49.241556201493324,3219
DGO2,-16.676820559380875,-49.28562391174852,3219
DGO2,-16.788739707382486,-49.33111435826465,3219
DGO2,-16.66328663538331,-49.537110801362324,3219
DGO2,-16.733572645421784,-49.07724004786065,3219
DGO2,-16.64499281491273,-49.4525991800213,3219
DGO2,-16.601560359117844,-49.409262849767345,3219
DGO2,-16.753379774930316,-49.35101399812433,3219
DGO2,-16.696005365589404,-49.13914360700678,3219
DGO2,-16.689356635060083,-49.26500824751402,3219
DGO2,-16.680378597051725,-49.43271698455907,3219
DGO2,-16.785146560192786,-49.18393297824108,3219
DGO2,-16.732795934496245,-49.30836837293382,3219
DGO2,-16.67008980551658,-49.411403570203035,3219
DGO2,-16.59349997127499,-49.34603201074082,3219
DGO2,-16.75200540367178,-49.16189089723971,3219
DGO2,-16.617615627153324,-49.53567590516422,3219
DGO2,-16.66282987242326,-49.1171024372457,3219
DGO2,-16.554448398127338,-49.2188148348902,3219
DGO2,-16.83211699787847,-49.37447262993464,3219
DGO2,-16.539692598542917,-49.28136606145222,3219
DGO2,-16.566157643139466,-49.429146018973015,3219
DGO2,-16.620813688841857,-49.26288098172305,3219
DGO2,-16.72916715935217,-49.16118487801156,3219
DGO2,-16.624407475571342,-49.40997637713462,3219
DGO2,-16.641436579406403,-49.305526584578345,3219
DGO2,-16.74308982778903,-49.329691853402686,3219
DGO2,-16.618586797200123,-49.30481625236825,3219
DGO2,-16.723770751169795,-49.47605538030809,3219
DGO2,-16.799882077975415,-49.12133065055243,3219
DGO2,-16.674585033967443,-49.32755844109458,3219
DGO2,-16.552235049918142,-49.26075412882335,3219
DGO2,-16.666512962587657,-49.26429911303317,3219
DGO2,-16.713492786769383,-49.45474403283985,3219
DGO2,-16.616351866173645,-49.34674358517579,3219
DGO2,-16.79544953401817,-49.20526769765985,3219
DGO2,-16.678113949077673,-49.47462410171585,3219
DGO2,-16.60238408272577,-49.17828038350867,3219
DGO2,-16.622151541007078,-49.45188432144684,3219
DGO2,-16.80797388398438,-49.184639758518585,3219
DGO2,-16.658418992422078,-49.20102396203853,3219
DGO2,-16.575098551659362,-49.26146303392018,3219
DGO2,-16.68568188948071,-49.11780702531409,3219
DGO2,-16.587637873541308,-49.24084787276245,3219
DGO2,-16.83437354271871,-49.33253704715817,3219
DGO2,-16.6883938325658,-49.49593274421012,3219
DGO2,-16.606044420133035,-49.325425442666486,3219
DGO2,-16.71885050388631,-49.13984891075615,3219
DGO2,-16.625243323314276,-49.178986797717286,3219
DGO2,-16.811558633678754,-49.33182567970535,3219
DGO2,-16.632441228314285,-49.473193007998724,3219
DGO2,-16.801273514133747,-49.31050019680998,3219
DGO2,-16.70189061146992,-49.244389974874224,3219
DGO2,-16.70852992172189,-49.118511659036606,3219
DGO2,-16.630172323938982,-49.515089446746266,3219
DGO2,-16.603806400907622,-49.36734814678715,3219
DGO2,-16.72249809842464,-49.2870435624997,3219
DGO2,-16.645885986556873,-49.22164556788793,3219
DGO2,-16.580953456677015,-49.36663595176177,3219
DGO2,-16.6915809673663,-49.22306120925768,3219
DGO2,-16.595733050099863,-49.30410596610116,3219
DGO2,-16.809303936977525,-49.37375997431942,3219
DGO2,-16.591258871276857,-49.38795007617108,3219
DGO2,-16.673156239834032,-49.13843834894712,3219
DGO2,-16.59930630251368,-49.4511695090478,3219
DGO2,-16.687124224163476,-49.3069473868446,3219
DGO2,-16.57952088061499,-49.17757401503963,3219
DGO2,-16.793221052218787,-49.2472244819903,3219
DGO2,-16.786486859806477,-49.373047364782316,3219
DGO2,-16.6274460508986,-49.13702796988,3219
DGO2,-16.609598913999108,-49.4724775304577,3219
DGO2,-16.757863720112873,-49.26713592631062,3219
DGO2,-16.614916117531823,-49.15765546772824,3219
DGO2,-16.576457105676706,-49.45045474281995,3219
DGO2,-16.776203791509623,-49.35172589471181,3219
DGO2,-16.59795810005424,-49.26217198488533,3219
DGO2,-16.640453115684473,-49.536393330108154,3219
DGO2,-16.766734228331206,-49.09928529266497,3219
DGO2,-16.735032020043864,-49.26642665414851,3219
DGO2,-16.63695497271445,-49.38937584492181,3219
DGO2,-16.69820541627978,-49.09717312865582,3219
DGO2,-16.679048015297816,-49.24368146275191,3219
DGO2,-16.68488374237211,-49.34887858455203,3219
DGO2,-16.697423953547105,-49.328269532538286,3219
DGO2,-16.690663444020043,-49.45402903571356,3219
DGO2,-16.764528793197492,-49.1412596553409,3219
DGO2,-16.57731373295306,-49.219522449432496,3219
DGO2,-16.589849952519163,-49.19890271236191,3219
DGO2,-16.660628473370757,-49.15906709468698,3219
DGO2,-16.562557153874103,-49.28207558840579,3219
DGO2,-16.56840488239241,-49.387237260903824,3219
DGO2,-16.635566614130095,-49.20031683303516,3219
DGO2,-16.642726975380555,-49.4945003206749,3219
DGO2,-16.745330880915528,-49.28775345676667,3219
DGO2,-16.71219632295375,-49.26571742788438,3219
DGO2,-16.84465177162101,-49.35386186072383,3219
DGO2,-16.649500402195198,-49.36877267496177,3219
DGO2,-16.665562392003025,-49.49521650931785,3219
DGO2,-16.76009353145215,-49.22518501499611,3219
DGO2,-16.611857916819233,-49.43057426678153,3219
DGO2,-16.841094335553368,-49.20668264262606,3219
DGO2,-16.816043645366516,-49.24793322344721,3219
DGO2,-16.529367601098713,-49.260045269590634,3219
DGO2,-16.657542342665113,-49.43200269915225,3219
DGO2,-16.71801159259815,-49.37090981259707,3219
DGO2,-16.756414478418133,-49.077943477472736,3219
DGO2,-16.799023800612087,-49.35243783733806,3219
DGO2,-16.773947817301796,-49.39365425720935,3219
DGO2,-16.589009757835257,-49.42986011980911,3219
DGO2,-16.77262110917181,-49.20456029389215,3219
DGO2,-16.76591677002009,-49.33040308283186,3219
DGO2,-16.77845166064571,-49.30978954287996,3219
DGO2,-16.56477543007084,-49.24013958986886,3219
DGO2,-16.683478687973682,-49.159772976739426,3219
DGO2,-16.79766987848626,-49.16330307290132,3219
DGO2,-16.751125656557726,-49.39294107325795,3219
DGO2,-16.55585425447667,-49.40783593334543,3219
DGO2,-16.7556257986993,-49.30907893492266,3219
DGO2,-16.721052350341704,-49.09787713769718,3219
DGO2,-16.77705004725543,-49.120625834171165,3219
DGO2,-16.838862219302033,-49.24864201078376,3219
DGO2,-16.849150426081216,-49.26997347402374,3219
DGO2,-16.82633477612678,-49.26926401822728,3219
DGO2,-16.637774281141446,-49.158361258351334,3219
DGO2,-16.739479884705446,-49.18251955500208,3219
DGO2,-16.813805205726663,-49.28988341518409,3219
DGO2,-16.672341446765703,-49.369485008119504,3219
DGO2,-16.653008778852428,-49.51580625371537,3219
DGO2,-16.774839645453085,-49.162596962201555,3219
DGO2,-16.854926036327686,-49.37518533163219,3219
DGO2,-16.64809859612421,-49.17969325766971,3219
DGO2,-16.670949894906517,-49.180399763370175,3219
DGO2,-16.704111812754995,-49.20243835739994,3219
DGO2,-16.570644118705914,-49.345320482310655,3219
DGO2,-16.85138752922271,-49.22801739770166,3219
DGO2,-16.653975815276272,-49.28491415525586,3219
DGO2,-16.720258886894037,-49.328980669972914,3219
DGO2,-16.79098444076891,-49.28917338310463,3219
DGO2,-16.667830117993642,-49.453314084775464,3219
DGO2,-16.768159663765623,-49.288463396966904,3219
DGO2,-16.57287534435804,-49.30339572577285,3219
DGO2,-16.741691648496115,-49.140554260199444,3219
DGO2,-16.714422482571432,-49.22376909867508,3219
DGO2,-16.65174213438154,-49.32684739563754,3219
DGO2,-16.72695224232803,-49.20314562376643,3219
DGO2,-16.692925006538918,-49.412117235912675,3219
DGO2,-16.639199797150766,-49.34745520561983,3219
DGO2,-16.65030313285606,-49.13773313657293,3219
DGO2,-16.700397357926878,-49.055194922665784,3219
DGO2,-16.700944343067682,-49.47533971790046,3219
DGO2,-16.675841261318638,-49.51652310696427,3219
DGO2,-16.578709283335375,-49.408549368505696,3219
DGO2,-16.78292305269737,-49.22589304190821,3219
DGO2,-16.647250626450358,-49.41068995061177,3219
DGO2,-16.626655384829295,-49.3680603878524,3219
DBS5,-15.805815090622584,-47.8281821105075,1609
DBS5,-15.837548453907779,-47.892365523534735,1609
DBS5,-15.782754976110075,-47.827518687644975,1609
DBS5,-15.618061274856332,-47.63295389326592,1609
DBS5,-15.802016003604518,-47.91242583760075,1609
DBS5,-15.641155989818651,-47.63361100866294,1609
DBS5,-15.780860877115908,-47.86964244355389,1609
DBS5,-15.802929524946531,-48.14429801981587,1609
DBS5,-15.869248792707266,-47.95654046100887,1609
DBS5,-15.817370755300608,-48.08150656193538,1609
DBS5,-15.841344219829228,-47.80811138837377,1609
DBS5,-15.825069332146446,-47.91309195650758,1609
DBS5,-15.784641219675184,-47.785388538577685,1609
DBS5,-15.814496237353353,-47.89170004561263,1609
DBS5,-15.646193165521641,-47.78141687862397,1609
DBS5,-15.810672048376912,-47.97592568315894,1609
DBS5,-15.831795770475917,-48.01869815069665,1609
DBS5,-15.759691120587272,-47.82685530817314,1609
DBS5,-15.681754534869944,-47.76134517860582,1609
DBS5,-15.85192407035108,-47.829509086420806,1609
DBS5,-15.800104676229967,-47.95453799957062,1609
DBS5,-15.862500255053158,-47.850905859964094,1609
DBS5,-15.78953363514258,-47.93314935729618,1609
DBS5,-15.715433941543578,-47.783402513723274,1609
DBS5,-15.749100765745332,-47.80546035224347,1609
DBS5,-15.644315958192756,-47.82353906153107,1609
DBS5,-15.833721194427696,-47.97659381039819,1609
DBS5,-15.631832192881525,-47.8442658641598,1609
DBS5,-15.755898114797612,-47.911093730399585,1609
DBS5,-15.658671669152277,-47.760683986086015,1609
DBS5,-15.839450276721019,-47.85024166496632,1609
DBS5,-15.860596914156782,-47.893031044965866,1609
DBS5,-15.871164724712807,-47.914424324954155,1609
DBS5,-15.86732498042308,-47.99865006725601,1609
DBS5,-15.795229982108083,-47.80678578359549,1609
DBS5,-15.842352112757476,-48.04008292285975,1609
DBS5,-15.84620451015361,-47.955872930245306,1609
DBS5,-15.770277825670732,-47.84824934057846,1609
DBS5,-15.761575859936139,-47.78472648697997,1609
DBS5,-15.732833567671374,-47.91042774209706,1609
DBS5,-15.768380561559049,-47.890369220279155,1609
DBS5,-15.628685857231112,-47.65435464990231,1609
DBS5,-15.848118908033182,-47.91375811895734,1609
DBS5,-15.702956623346623,-47.80413509428507,1609
DBS5,-15.679878971353546,-47.80347253031832,1609
DBS5,-15.828871457556644,-47.82884557676474,1609
DBS5,-15.803919477173352,-47.870307193234986,1609
DBS5,-15.616213584631303,-47.67509608408013,1609
DBS5,-15.656797607629128,-47.802810009687725,1609
DBS5,-15.806816460459965,-48.06012512498796,1609
DBS5,-15.709765294167399,-47.90976179732113,1609
DBS5,-15.865393294261473,-48.04075309973341,1609
DBS5,-15.856766585674725,-47.977261981290056,1609
DBS5,-15.722249939305506,-47.889038568932726,1609
DBS5,-15.816396541340659,-47.84957751340552,1609
DBS5,-15.73662353062932,-47.82619197208788,1609
DBS5,-15.757798536785414,-47.868977737335605,1609
DBS5,-15.734732462755899,-47.86831307457604,1609
DBS5,-15.71355221281833,-47.8255286793851,1609
DBS5,-15.79238095612936,-48.12292094426815,1609
DBS5,-15.692357396063496,-47.78274059205615,1609
DBS5,-15.858685688914868,-47.93514976674884,1609
DBS5,-15.819307174316718,-48.03941278974801,1609
DBS5,-15.791440271049455,-47.891034611195465,1609
DBS5,-15.82697433039075,-47.87097198638296,1609
DBS5,-15.778958928966277,-47.91175976223278,1609
DBS5,-15.66927713518815,-47.782078713691064,1609
DBS5,-15.812588070920743,-47.93381611686888,1609
DBS5,-15.726030557008254,-47.8047977015921,1609
DBS5,-15.8298624922491,-48.06079589697832,1609
DBS5,-15.850025430208044,-47.87163682300191,1609
DBS5,-15.745317115452096,-47.8897038728596,1609
DBS5,-15.844282242930198,-47.99798121286557,1609
DBS5,-15.80487690792289,-48.102214912705826,1609
DBS5,-15.772167242971667,-47.806123046243236,1609
DBS5,-15.827921366188777,-48.10288700535002,1609
DBS5,-15.81542649714497,-48.12359367485758,1609
DBS5,-15.747212858516352,-47.84758531930403,1609
DBS5,-15.823156469144262,-47.95520544310059,1609
DBS5,-15.793339055469206,-47.84891340527759,1609
DBS5,-15.818288976582338,-47.80744856430431,1609
DBS5,-15.873072770072197,-47.87230170309591,1609
DBS5,-15.835638757696442,-47.934482920018404,1609
DSA8,-12.884040386982905,-38.29140768581968,1609
DSA8,-12.883850338090125,-38.333622292182895,1609
DSA8,-12.919282561598463,-38.31303069137577,1609
DSA8,-12.942243840511304,-38.44004711953114,1609
DSA8,-12.942645815104763,-38.35559506232108,1609
DSA8,-12.86047982545409,-38.29106431369738,1609
DSA8,-12.859674724444343,-38.45994022758594,1609
DSA8,-12.953702774834506,-38.503571529218384,1609
DSA8,-12.836107122484895,-38.45959105352117,1609
DSA8,-12.895126626300145,-38.439350084878214,1609
DSA8,-12.98914053262108,-38.482978917263054,1609
DSA8,-12.919090723599206,-38.35524944636718,1609
DSA8,-12.989349678340735,-38.44074424932131,1609
DSA8,-13.012690196423502,-38.483328974590094,1609
DSA8,-12.907010821076529,-38.41841097267511,1609
DSA8,-12.907213381284715,-38.37618712331413,1609
DSA8,-12.894913358108559,-38.48157892679535,1609
DSA8,-12.954124157053489,-38.419106574564125,1609
DSA8,-12.953916875849329,-38.46133716211444,1609
DSA8,-12.918686651727478,-38.439698590313725,1609
DSA8,-12.930770420524642,-38.37653345580776,1609
DSA8,-12.883449900280182,-38.418063207329865,1609
DSA8,-12.977257235569189,-38.50392227897267,1609
DSA8,-12.965588009442554,-38.48262888382247,1609
DSA8,-12.965798185198288,-38.440395672532865,1609
DSA8,-12.89553279623634,-38.35490385400042,1609
DSA8,-12.930965127065365,-38.33431202024447,1609
DSA8,-12.906801466360724,-38.46063864719147,1609
DSA8,-12.895333105162917,-38.3971250454977,1609
DSA8,-13.001020893279646,-38.462035772374136,1609
DSA8,-12.895725701091564,-38.312686555707984,1609
DSA8,-12.930568909152857,-38.41875876175241,1609
DSA8,-12.930145465697889,-38.50322080339558,1609
DSA8,-12.930360591387517,-38.46098789273707,1609
DSA8,-12.942448233586257,-38.39781916709745,1609
DSA8,-12.907409148543003,-38.33396714444507,1609
DSA8,-12.977470312295152,-38.46168645532599,1609
DSA8,-12.918892087500858,-38.3974720944553,1609
DSA8,-13.000808840455653,-38.50427305266086,1609
DPE4,-8.20446166162131,-34.94857860196615,1609
DPE4,-7.989691933589468,-35.029494316351474,1609
DPE4,-8.109022991846112,-34.9891527821971,1609
DPE4,-8.121058717755611,-34.92705085819711,1609
DPE4,-8.03748334110376,-34.98847063120718,1609
DPE4,-8.073374298711615,-34.92660035065994,1609
DPE4,-8.132942813774411,-34.94790055718698,1609
DPE4,-8.085257496771273,-34.947448604178646,1609
DPE4,-8.228298810882494,-34.948804647636564,1609
DPE4,-8.180623273576975,-34.94835257166879,1609
DPE4,-8.025685104782921,-34.926149904385994,1609
DPE4,-8.085177637160108,-34.988925383071745,1609
DPE4,-8.025602093386317,-34.967619433914706,1609
DPE4,-8.109100758340308,-34.94767457299941,1609
DPE4,-8.097289622957993,-34.88535915714156,1609
DPE4,-8.12023535094334,-35.30058880513281,1609
DPE4,-8.037647264470824,-34.9055301526188,1609
DPE4,-8.001838737665771,-34.92592470421886,1609
DPE4,-8.16873829657687,-34.92750142700997,1609
DPE4,-8.097140396440444,-34.96829941637526,1609
DPE4,-7.977991201347104,-34.92569951936286,1609
DPE4,-8.133014269587184,-34.906428277219526,1609
DPE4,-8.025514916672753,-35.009096301122696,1609
DPE4,-7.990036585937222,-34.86362488078403,1609
DPE4,-8.049530294522679,-34.92637511986584,1609
DPE4,-8.01388036582917,-34.863847929128404,1609
DPE4,-8.192576250496778,-34.92772673439866,1609
DPE4,-8.001753626084238,-34.9673928039166,1609
DPE4,-8.001664361108649,-35.00886824102866,1609
DPE4,-7.9899566414013155,-34.90508118191361,1609
DPE4,-8.025763952950017,-34.88468775402624,1609
DPE4,-7.978153209387457,-34.842788356760394,1609
DPE4,-8.001996508976138,-34.84301068296161,1609
DPE4,-8.07329548673878,-34.96807274014247,1609
DPE4,-8.109174318859099,-34.90620372316668,1609
DPE4,-8.061413037235651,-34.94722265072313,1609
DPE4,-8.049607030907925,-34.88491153984721,1609
DPE4,-8.001919697931068,-34.88446398342067,1609
DPE4,-8.108360684002921,-35.279702814772655,1609
DPE4,-8.013544114823095,-35.029723083814076,1609
DPE4,-8.08533316231914,-34.90597918438331,1609
DPE4,-8.03772297290488,-34.86407099263877,1609
DPE4,-8.00157094067942,-35.05035097402433,1609
DPE4,-8.037567387904256,-34.9469967126313,1609
DPE4,-8.013634416081828,-34.98824327846482,1609
DPE4,-8.09721710917876,-34.92682559676984,1609
DPE4,-8.013720556950377,-34.946770789901585,1609
DPE4,-8.073448923633515,-34.885135340885135,1609
DPE4,-8.21641296987743,-34.92795205711095,1609
DPE4,-8.061490808133499,-34.90575466086787,1609
DPB3,-7.190573172504371,-34.876864824979805,1609
DPB3,-7.178857140251041,-34.81464992123775,1609
DPB3,-7.119085279949439,-34.83479466822703,1609
DPB3,-7.15482907813278,-34.85582773135389,1609
DPB3,-6.999672941299652,-34.83368597897093,1609
DPB3,-7.130948538263196,-34.85560522796123,1609
DPB3,-7.107067129485634,-34.85538273967773,1609
DPB3,-7.071322880711425,-34.83435114735549,1609
DPB3,-7.178556604725308,-34.89745800999858,1609
DPB3,-7.03541777223335,-34.85471536546682,1609
DPB3,-7.214599636460293,-34.83568189070148,1609
DPB3,-7.202587518149307,-34.85627278347279,1609
DPB3,-7.118929677286723,-34.876195153343595,1609
DPB3,-7.166692886083476,-34.87664158594166,1609
DPB3,-7.130792146119216,-34.89701013624407,1609
DPB3,-6.975787970374099,-34.833464286282684,1609
DPB3,-7.130632039417606,-34.93842243424105,1609
DPB3,-7.154979617384643,-34.81442882843626,1609
DPB3,-7.11860734710714,-34.959018312933104,1609
DPB3,-7.190722373199616,-34.83546006248763,1609
DPB3,-7.1429651866969985,-34.83501645125194,1609
DPB3,-7.095204508537007,-34.83457290026207,1609
DPB3,-7.142811718260817,-34.87641836206343,1609
DPB3,-7.083184860052024,-34.85516026650184,1609
DPB3,-7.130468216425758,-34.97984208065049,1609
DPB3,-7.023557088836604,-34.83390768671145,1609
DPB3,-7.16684422052976,-34.835238249338296,1609
DPB3,-7.178708740844249,-34.856050249857226,1609
DPB3,-7.154674814119876,-34.897234065517516,1609
DPB3,-7.1426545301606525,-34.91782768335962,1609
DCE3,-3.900281936302222,-38.68530206078393,1609
DCE3,-3.8312486440517115,-38.47571514803002,1609
DCE3,-4.095962878852889,-38.47951519666006,1609
DCE3,-3.782489158594406,-38.51672043469229,1609
DCE3,-3.81953168209994,-38.45469484293681,1609
DCE3,-3.783121927968287,-38.47502453262509,1609
DCE3,-3.913269158128802,-38.622902699216674,1609
DCE3,-3.9157856310400208,-38.456073466621476,1609
DCE3,-3.8318772344606984,-38.43402007584372,1609
DCE3,-3.8417012209135932,-38.58014322773107,1609
DCE3,-3.8676581473195375,-38.45538410833705,1609
DCE3,-4.083620325551363,-38.50019877672561,1609
DCE3,-3.855312407397297,-38.47606049062791,1609
DCE3,-3.7454379590576625,-38.57874784915485,1609
DCE3,-3.9243515736773076,-38.68565457186555,1609
DCE3,-3.8059196426298008,-38.558768097314484,1609
DCE3,-3.8774844070017696,-38.60152143012896,1609
DCE3,-3.879376429628756,-38.476405856492505,1609
DCE3,-3.7571514126792946,-38.5997735410903,1609
DCE3,-3.867030101447048,-38.49708315017657,1609
DCE3,-3.8800028949683707,-38.434707944562795,1609
DCE3,-3.7343614804636003,-38.516027073566384,1609
DCE3,-3.794204363778141,-38.53774345777196,1609
DCE3,-3.9015517913090294,-38.60187107857663,1609
DCE3,-3.9256194176168875,-38.60222075057644,1609
DCE3,-3.8176349894046697,-38.57979434784363,1609
DCE3,-3.818901523865559,-38.49639104524275,1609
DCE3,-3.7220112915720334,-38.53670128714775,1609
DCE3,-3.8910947764693575,-38.49742923761436,1609
DCE3,-3.8892011442397183,-38.62255232919554,1609
DCE3,-4.07189690867842,-38.479169621290296,1609
DCE3,-3.889834465081025,-38.58084105800681,1609
DCE3,-3.8435947831533714,-38.455039464027564,1609
DCE3,-3.7701397149012004,-38.537396044165725,1609
DCE3,-3.8644969408042495,-38.66391535021219,1609
DCE3,-3.807185148079673,-38.47536982869653,1609
DCE3,-3.7473440424813704,-38.453661118953676,1609
DCE3,-3.757789313092042,-38.55807185078061,1609
DCE3,-3.8682840945766808,-38.41368875717855,1609
DCE3,-3.8299852255398235,-38.559116255754084,1609
DCE3,-3.8540510758916593,-38.559464437645254,1609
DCE3,-3.83061797425975,-38.51741388923152,1609
DCE3,-3.769503349987381,-38.579096658557866,1609
DCE3,-3.746710715970436,-38.49535306266148,1609
DCE3,-3.853417273187216,-38.60117180523107,1609
DCE3,-3.8293503983569486,-38.60082220388061,1609
DCE3,-3.7584251730935834,-38.51637374245384,1609
DCE3,-3.7337245834412496,-38.557723762681654,1609
DCE3,-3.8410658637397623,-38.62185165994406,1609
DCE3,-3.7948376382828557,-38.49604502774206,1609
DCE3,-3.8651333766125737,-38.62220198277213,1609
DCE3,-3.806553428479013,-38.51706715028407,1609
DCE3,-3.8559399352884087,-38.43436399861674,1609
DCE3,-3.770774032822217,-38.49569903354908,1609
DCE3,-3.78185433565095,-38.55841996232411,1609
DCE3,-3.8527813798051875,-38.642882710550076,1609
DCE3,-4.107686910431142,-38.500545074100614,1609
DCE3,-3.746075354670062,-38.537048653958436,1609
DCE3,-3.865767715635962,-38.580492131118014,1609
DCE3,-4.1200290230093035,-38.479860795319816,1609
DCE3,-3.8182692928129693,-38.53809089477948,1609
DCE3,-3.8917217661110604,-38.45572877586758,1609
DCE3,-3.7349963492729654,-38.47433401025912,1609
PUM2,-22.887898470649603,-43.32457795402507,1609
PUM2,-22.898214472274518,-43.34633978697561,1609
PUM2,-22.84446695876089,-43.323533435951035,1609
PUM2,-22.876504298838817,-43.34581676543876,1609
PUM2,-22.84338773770901,-43.366530766776734,1609
PUM2,-22.814525806870407,-43.215255532261395,1609
PUM2,-22.902441304944457,-43.17432371615203,1609
PUM2,-22.8465908299034,-43.23753413084735,1609
PUM2,-22.901401922749148,-43.21732994934724,1609
PUM2,-22.793831506594504,-43.171738062833356,1609
PUM2,-22.86510599292455,-43.36705446162495,1609
PUM2,-22.822743008764125,-43.323011230235394,1609
